record_id,date,route_id,vessel_type_id,port_id,distance_nm,freight_rate_usd,transit_delay_days,trade_volume_tons,ghg_emission_tons,period_status
1,2025-05-10,3,4,103,6141,3372,7,18409,17249.5,Post-Disruption
2,2025-12-31,4,1,101,1523,1906,4,83667,4617.5,Post-Disruption
3,2025-11-10,1,2,101,8629,2375,5,23623,23190.5,Post-Disruption
4,2023-05-02,2,1,101,11901,4312,15,43463,30496.5,Pre-Disruption
5,2024-04-11,2,1,102,11806,4543,15,47885,30352.0,During-Disruption
6,2023-11-27,4,4,103,1691,1934,2,50715,4790.5,During-Disruption
7,2023-03-29,4,3,104,1690,1978,3,64491,5445.0,Pre-Disruption
8,2025-05-21,1,1,104,8573,2833,7,47405,22658.5,Post-Disruption
9,2023-05-11,3,2,103,6186,3439,8,65428,16430.0,Pre-Disruption
10,2025-02-08,1,4,104,8404,2532,4,76788,21520.0,Post-Disruption
11,2023-12-10,1,2,101,8571,2339,6,67527,22717.5,During-Disruption
12,2025-03-16,1,3,103,8520,2484,4,75766,23136.0,Post-Disruption
13,2024-01-21,2,3,102,11855,4342,14,49364,31241.5,During-Disruption
14,2025-08-13,2,1,103,11786,4268,14,80686,30948.0,Post-Disruption
15,2023-10-04,1,1,101,8497,2385,4,15828,22111.5,Pre-Disruption
16,2024-04-04,2,3,103,11834,4109,13,45949,31273.0,During-Disruption
17,2023-01-22,1,1,102,8406,2234,6,56234,22601.0,Pre-Disruption
18,2023-09-10,2,2,102,11959,4221,12,57187,30476.5,Pre-Disruption
19,2025-01-17,1,3,103,8431,2821,6,79780,22629.5,Post-Disruption
20,2025-05-06,1,3,103,8427,2713,6,79385,22586.5,Post-Disruption
21,2024-04-19,2,1,104,11959,4098,14,59210,31871.5,During-Disruption
22,2025-12-18,1,1,104,8643,2830,6,48448,23090.5,Post-Disruption
23,2024-05-25,2,1,101,11963,4009,15,23073,30680.5,During-Disruption
24,2024-11-30,1,2,104,8541,2784,6,24834,22795.5,During-Disruption
25,2025-09-02,2,1,101,11729,4208,12,67263,31246.5,Post-Disruption
26,2023-07-09,1,2,101,8529,2835,6,34366,22062.5,Pre-Disruption
27,2025-08-15,2,1,103,11965,4037,12,20075,31765.5,Post-Disruption
28,2024-11-17,3,2,104,6169,2993,6,47174,17174.5,During-Disruption
29,2025-08-15,1,1,102,8518,2432,5,62990,22459.0,Post-Disruption
30,2024-07-16,2,2,102,11769,4162,12,15242,30277.5,During-Disruption
31,2025-04-11,1,1,103,8607,2851,4,45884,22320.5,Post-Disruption
32,2024-10-08,2,1,102,11790,4241,13,36438,30317.0,During-Disruption
33,2023-01-21,1,4,102,8519,2881,6,31863,21974.5,Pre-Disruption
34,2025-04-20,2,1,103,11906,4097,15,78770,31307.0,Post-Disruption
35,2023-06-16,2,2,102,11955,4382,13,20214,31741.5,Pre-Disruption
36,2024-01-23,4,4,103,1434,2178,4,79642,5149.0,During-Disruption
37,2024-08-23,2,2,101,11823,4288,14,52798,30317.5,During-Disruption
38,2023-11-12,2,4,104,11811,4615,14,73117,31312.5,During-Disruption
39,2023-01-14,2,1,102,11906,4140,15,56168,30651.0,Pre-Disruption
40,2023-08-30,4,1,103,1501,1802,4,24737,4552.5,Pre-Disruption
41,2025-02-15,3,1,102,6293,3387,6,39532,17485.5,Post-Disruption
42,2024-07-18,1,1,104,8640,2603,6,27188,22686.0,During-Disruption
43,2025-06-16,3,1,102,6246,3316,7,80358,17250.0,Post-Disruption
44,2023-04-02,2,1,101,11831,4305,13,48248,30439.5,Pre-Disruption
45,2025-08-13,3,2,103,6319,3036,8,65700,17042.5,Post-Disruption
46,2024-05-23,3,4,104,6203,3517,9,40579,16182.5,During-Disruption
47,2025-02-14,1,1,101,8440,2329,7,44035,22007.0,Post-Disruption
48,2023-02-04,3,1,102,6155,3524,7,49405,17276.5,Pre-Disruption
49,2023-07-25,1,1,102,8649,2315,7,50028,22681.5,Pre-Disruption
50,2025-10-22,1,1,102,8641,2337,5,32576,22511.5,Post-Disruption
51,2025-10-18,1,3,104,8526,2614,4,17017,21991.0,Post-Disruption
52,2024-07-19,3,1,103,6249,3060,6,78322,17619.5,During-Disruption
53,2024-12-03,1,1,104,8548,2819,4,28885,22613.0,During-Disruption
54,2024-02-06,1,3,101,8568,2447,6,36419,23382.0,During-Disruption
55,2024-12-30,3,4,103,6144,3033,9,63764,16759.0,During-Disruption
56,2023-06-11,1,2,104,8483,2725,4,61753,21755.5,Pre-Disruption
57,2023-07-21,1,2,102,8407,2789,5,55978,22328.5,Pre-Disruption
58,2025-09-22,1,1,101,8506,2470,4,73853,22046.0,Post-Disruption
59,2023-09-27,1,1,102,8664,2424,7,45553,23650.0,Pre-Disruption
60,2025-03-26,2,1,104,11845,4120,13,63214,30580.5,Post-Disruption
61,2024-03-31,1,1,101,8430,2662,4,50052,22809.0,During-Disruption
62,2025-10-13,4,4,103,1643,1839,4,82687,5757.5,Post-Disruption
63,2023-10-23,3,2,103,6134,2920,7,32320,16856.0,Pre-Disruption
64,2024-12-20,1,1,104,8646,2647,4,64388,23455.0,During-Disruption
65,2023-12-04,1,1,104,8417,2528,4,66123,21837.5,During-Disruption
66,2025-05-28,2,1,103,11723,4447,15,44866,30420.5,Post-Disruption
67,2025-12-12,2,2,103,11977,4604,12,63265,31484.5,Post-Disruption
68,2025-03-02,1,1,104,8429,2454,7,43325,22293.5,Post-Disruption
69,2023-08-05,1,1,103,8542,2361,4,78525,22508.0,Pre-Disruption
70,2025-02-02,3,2,101,6376,3202,7,24134,17754.0,Post-Disruption
71,2023-07-07,1,1,104,8411,2387,4,80926,22376.5,Pre-Disruption
72,2024-01-15,1,1,101,8602,2823,6,83344,23175.0,During-Disruption
73,2024-05-07,3,1,102,6349,2929,6,84387,17484.5,During-Disruption
74,2025-11-30,2,1,101,11802,4435,15,27904,30851.0,Post-Disruption
75,2023-01-15,1,1,104,8434,2514,4,62520,21824.0,Pre-Disruption
76,2023-03-06,2,1,102,11719,4387,14,36464,30695.5,Pre-Disruption
77,2024-06-04,1,3,103,8446,2879,5,61366,22469.0,During-Disruption
78,2024-10-09,3,3,101,6183,3379,8,40854,17414.5,During-Disruption
79,2025-12-22,2,2,101,11967,4607,13,77998,31068.5,Post-Disruption
80,2024-08-15,3,4,104,6152,3034,8,58334,16999.0,During-Disruption
81,2024-01-27,4,1,103,1672,1637,3,62687,5690.0,During-Disruption
82,2024-02-23,4,4,104,1417,1887,3,48397,4223.5,During-Disruption
83,2023-10-16,4,1,103,1503,1668,2,26813,5116.5,Pre-Disruption
84,2024-01-14,2,1,104,11851,4066,12,72499,30864.5,During-Disruption
85,2023-08-19,1,1,103,8564,2767,7,65302,22102.0,Pre-Disruption
86,2025-10-14,2,1,102,11783,4191,12,83587,31118.5,Post-Disruption
87,2023-02-10,2,4,104,11850,4119,14,22086,30494.0,Pre-Disruption
88,2025-11-17,3,1,102,6136,3300,7,22735,16332.0,Post-Disruption
89,2023-05-15,1,1,104,8551,2599,5,23828,22744.5,Pre-Disruption
90,2023-07-20,4,1,104,1607,2122,1,40485,5785.5,Pre-Disruption
91,2025-02-18,3,1,104,6149,3557,7,64172,16736.5,Post-Disruption
92,2025-07-18,4,1,101,1619,1613,2,69797,5975.5,Post-Disruption
93,2025-11-22,3,1,104,6146,3445,8,20360,17036.0,Post-Disruption
94,2025-12-07,1,1,103,8417,2797,5,70402,21911.5,Post-Disruption
95,2024-05-17,1,4,101,8521,2668,5,68963,22458.5,During-Disruption
96,2024-02-11,1,1,103,8681,2353,6,67132,22317.5,During-Disruption
97,2025-03-15,1,1,103,8519,2369,4,42259,23122.5,Post-Disruption
98,2023-04-09,2,2,103,11950,4678,15,25016,31304.0,Pre-Disruption
99,2024-11-14,3,4,103,6398,3285,9,48009,17340.0,During-Disruption
100,2024-12-26,3,1,103,6146,3596,9,26787,15985.0,During-Disruption
101,2025-08-18,2,1,102,11784,4305,12,23692,30917.0,Post-Disruption
102,2024-09-04,1,4,101,8698,2824,5,18542,23495.0,During-Disruption
103,2024-10-04,1,1,103,8559,2855,6,61098,22627.5,During-Disruption
104,2025-10-25,1,2,102,8406,2517,4,47058,21593.0,Post-Disruption
105,2024-05-17,1,1,102,8644,2553,7,27148,23088.0,During-Disruption
106,2025-02-05,2,4,103,11914,4210,13,58788,31654.0,Post-Disruption
107,2024-02-02,1,4,104,8611,2893,7,60731,22166.5,During-Disruption
108,2025-05-20,1,3,103,8611,2654,7,23413,22847.5,Post-Disruption
109,2025-03-05,1,1,102,8687,2866,7,19838,22956.5,Post-Disruption
110,2024-01-28,2,1,103,11917,4191,12,70173,30580.5,During-Disruption
111,2023-07-26,2,1,102,11950,4592,13,49859,30703.0,Pre-Disruption
112,2025-11-04,2,4,103,11880,4334,15,51716,31071.0,Post-Disruption
113,2025-06-10,2,4,102,11791,4560,12,72168,31430.5,Post-Disruption
114,2025-05-13,4,1,103,1617,2166,3,47647,4641.5,Post-Disruption
115,2025-01-12,1,2,104,8689,2266,6,77187,23252.5,Post-Disruption
116,2024-07-17,2,1,104,11789,4626,12,24592,31166.5,During-Disruption
117,2025-10-17,3,1,102,6296,3011,8,52171,17526.0,Post-Disruption
118,2023-04-06,2,2,104,11883,4670,15,43788,30578.5,Pre-Disruption
119,2024-04-29,4,1,104,1465,1706,1,28913,4705.5,During-Disruption
120,2023-08-19,1,1,101,8497,2225,4,74148,22466.5,Pre-Disruption
121,2025-01-18,2,1,103,11723,4621,14,48655,30303.5,Post-Disruption
122,2024-06-24,1,3,103,8619,2265,5,47509,23129.5,During-Disruption
123,2025-11-25,2,4,104,11873,4413,14,53537,30516.5,Post-Disruption
124,2024-06-08,1,4,104,8644,2812,7,37433,22139.0,During-Disruption
125,2024-07-31,1,3,102,8513,2699,5,58674,23065.5,During-Disruption
126,2024-11-12,2,2,103,11965,4000,13,28241,31572.5,During-Disruption
127,2024-07-10,2,1,101,11922,4581,15,78170,30620.0,During-Disruption
128,2025-10-09,1,4,101,8634,2861,5,59356,22544.0,Post-Disruption
129,2024-10-07,2,2,104,11809,4458,12,77468,30755.5,During-Disruption
130,2025-03-06,2,2,102,11712,4368,13,72839,31211.0,Post-Disruption
131,2025-11-17,1,2,102,8524,2341,5,75585,23016.0,Post-Disruption
132,2023-07-09,2,3,103,11866,4013,14,81700,30411.0,Pre-Disruption
133,2024-09-24,3,1,104,6152,3367,6,20475,16932.0,During-Disruption
134,2024-09-19,2,1,104,11885,4530,15,45113,31545.5,During-Disruption
135,2025-08-30,1,2,102,8675,2609,4,56012,22365.5,Post-Disruption
136,2024-12-10,1,4,101,8409,2349,5,83610,22922.5,During-Disruption
137,2024-10-10,2,2,101,11846,4332,14,80865,30392.0,During-Disruption
138,2023-11-14,4,1,103,1517,1673,4,30970,5591.5,During-Disruption
139,2024-11-14,2,1,104,11717,4437,15,16669,31108.5,During-Disruption
140,2024-10-25,1,3,104,8625,2582,5,56108,23213.5,During-Disruption
141,2024-03-17,2,3,101,11811,4350,12,67729,30333.5,During-Disruption
142,2024-07-17,3,2,104,6171,3165,8,72476,17023.5,During-Disruption
143,2025-08-09,1,1,104,8543,2856,4,17306,22229.5,Post-Disruption
144,2024-11-29,4,4,102,1503,2244,1,49067,4982.5,During-Disruption
145,2023-04-23,4,2,103,1614,2004,4,22228,4968.0,Pre-Disruption
146,2023-01-02,1,3,103,8476,2622,4,58679,22775.0,Pre-Disruption
147,2024-10-03,4,1,103,1425,2259,1,37674,5129.5,During-Disruption
148,2023-08-08,1,1,102,8629,2278,7,52705,23465.5,Pre-Disruption
149,2025-05-04,3,4,103,6292,3208,9,70109,17090.0,Post-Disruption
150,2024-01-20,2,1,103,11802,4032,12,35975,30527.0,During-Disruption
151,2025-12-12,2,2,101,11904,4427,15,38150,30953.0,Post-Disruption
152,2024-12-30,2,1,101,11959,4689,14,71880,31091.5,During-Disruption
153,2023-09-04,3,3,103,6332,3234,8,65591,16390.0,Pre-Disruption
154,2025-04-15,1,1,102,8450,2654,4,27418,22107.0,Post-Disruption
155,2023-07-22,2,1,102,11830,4411,13,61307,31278.0,Pre-Disruption
156,2023-05-03,1,4,102,8465,2669,7,68139,21683.5,Pre-Disruption
157,2024-02-05,1,2,104,8601,2714,5,50492,22516.5,During-Disruption
158,2025-02-05,1,1,104,8683,2764,7,55556,22957.5,Post-Disruption
159,2023-10-21,2,1,102,11999,4120,15,84523,31212.5,Pre-Disruption
160,2023-10-07,1,4,101,8545,2349,4,31955,22883.5,Pre-Disruption
161,2025-06-02,1,1,104,8657,2352,6,80259,22974.5,Post-Disruption
162,2023-07-17,1,2,102,8503,2846,5,24808,22514.5,Pre-Disruption
163,2025-09-08,1,1,104,8550,2455,6,52417,22557.0,Post-Disruption
164,2025-01-21,2,4,104,11817,4573,14,16686,30899.5,Post-Disruption
165,2023-05-24,4,3,104,1598,1662,2,72768,5488.0,Pre-Disruption
166,2024-08-31,1,2,104,8678,2492,7,34016,22767.0,During-Disruption
167,2023-07-06,4,1,102,1504,1667,2,17586,5632.0,Pre-Disruption
168,2024-04-08,3,4,104,6109,3124,8,41344,16444.5,During-Disruption
169,2024-10-21,2,1,103,11812,4648,13,65800,30253.0,During-Disruption
170,2025-02-02,2,4,102,11726,4453,12,31257,30351.0,Post-Disruption
171,2025-08-12,3,1,102,6198,3457,9,15762,16300.0,Post-Disruption
172,2024-02-07,1,2,102,8656,2806,7,61008,22442.0,During-Disruption
173,2023-05-27,2,1,104,11835,4289,13,65344,30720.5,Pre-Disruption
174,2025-05-13,2,3,102,11925,4246,15,66178,31691.5,Post-Disruption
175,2024-05-03,2,1,101,11826,4315,15,26083,30642.0,During-Disruption
176,2025-07-17,3,1,103,6215,3191,8,59934,17329.5,Post-Disruption
177,2024-07-04,1,1,101,8689,2679,6,17626,22236.5,During-Disruption
178,2023-12-04,2,1,103,11870,4213,15,68145,30692.0,During-Disruption
179,2025-05-21,2,1,103,11911,4559,15,23621,30529.5,Post-Disruption
180,2024-10-02,1,1,104,8588,2804,6,45851,23078.0,During-Disruption
181,2024-04-17,1,4,103,8664,2717,7,59155,22889.0,During-Disruption
182,2023-05-31,2,1,103,11913,4192,15,39287,30444.5,Pre-Disruption
183,2023-09-20,3,3,101,6188,3514,8,55717,17230.0,Pre-Disruption
184,2023-05-24,2,1,103,11829,4433,14,29722,31177.5,Pre-Disruption
185,2023-12-12,3,2,102,6122,2973,8,61220,16578.0,During-Disruption
186,2024-09-15,2,1,102,11878,4073,12,17695,30784.0,During-Disruption
187,2025-10-13,1,4,103,8419,2824,6,67663,21948.5,Post-Disruption
188,2025-05-30,1,3,102,8641,2863,7,52235,22912.5,Post-Disruption
189,2023-01-02,1,1,104,8639,2462,6,80822,22244.5,Pre-Disruption
190,2025-06-15,1,3,102,8428,2285,4,27262,22544.0,Post-Disruption
191,2023-09-11,1,1,104,8644,2257,6,50930,23570.0,Pre-Disruption
192,2024-03-28,3,2,103,6219,3560,8,73576,17225.5,During-Disruption
193,2025-11-26,3,1,104,6131,3316,6,50362,15955.5,Post-Disruption
194,2025-10-11,1,1,104,8539,2480,5,20693,21965.5,Post-Disruption
195,2023-01-09,1,1,103,8557,2806,5,37679,23185.5,Pre-Disruption
196,2025-03-26,1,3,103,8459,2407,6,52440,22062.5,Post-Disruption
197,2023-07-27,2,1,104,11838,4142,13,25460,30929.0,Pre-Disruption
198,2024-02-08,1,3,101,8611,2612,5,61379,23060.5,During-Disruption
199,2023-06-01,1,2,103,8538,2794,7,38147,23278.0,Pre-Disruption
200,2023-02-23,4,1,103,1510,1651,4,15855,5521.0,Pre-Disruption
201,2024-09-19,3,3,101,6350,2916,9,53688,17216.0,During-Disruption
202,2024-08-09,1,3,102,8498,2618,4,71676,21922.0,During-Disruption
203,2023-04-14,2,4,101,11877,4423,13,57662,31392.5,Pre-Disruption
204,2023-09-11,1,2,102,8400,2400,6,28054,22043.0,Pre-Disruption
205,2024-05-24,3,3,101,6188,3317,6,68733,16546.0,During-Disruption
206,2023-04-09,2,3,104,11812,4441,13,65292,31079.0,Pre-Disruption
207,2023-06-02,1,1,103,8682,2701,6,37769,23425.0,Pre-Disruption
208,2025-07-02,3,1,101,6215,2981,6,32226,17470.5,Post-Disruption
209,2025-05-27,1,1,103,8431,2839,7,51604,22318.5,Post-Disruption
210,2023-12-04,1,1,102,8661,2279,6,76660,23240.5,During-Disruption
211,2025-04-01,1,1,104,8440,2388,7,73056,21995.0,Post-Disruption
212,2025-08-14,2,4,103,11866,4479,13,39802,31102.0,Post-Disruption
213,2023-06-10,1,1,101,8620,2355,6,66768,22232.0,Pre-Disruption
214,2025-03-11,1,3,101,8613,2359,7,82141,22295.5,Post-Disruption
215,2024-02-02,1,2,104,8530,2793,7,51599,21851.0,During-Disruption
216,2025-03-26,1,1,102,8447,2243,5,34016,22891.5,Post-Disruption
217,2024-02-05,3,1,104,6233,3061,7,40342,16589.5,During-Disruption
218,2024-10-01,1,2,104,8406,2860,5,28437,22217.0,During-Disruption
219,2025-11-22,1,3,103,8443,2835,5,78777,21734.5,Post-Disruption
220,2024-11-18,2,4,102,11785,4509,13,54410,31401.5,During-Disruption
221,2024-04-04,3,1,104,6147,3412,6,69743,16694.5,During-Disruption
222,2025-08-12,3,4,103,6339,3594,9,58844,16765.5,Post-Disruption
223,2024-04-14,2,1,103,11851,4207,13,72865,31570.5,During-Disruption
224,2025-11-11,1,2,102,8657,2296,7,30381,22965.5,Post-Disruption
225,2025-01-19,3,2,102,6143,2920,6,69155,17109.5,Post-Disruption
226,2023-02-07,2,1,103,11867,4354,14,22324,31059.5,Pre-Disruption
227,2023-08-18,1,1,102,8674,2704,7,41270,22728.0,Pre-Disruption
228,2024-07-16,4,1,103,1590,2003,4,23453,5577.0,During-Disruption
229,2024-03-13,1,1,102,8551,2422,7,62213,22665.5,During-Disruption
230,2023-01-27,4,3,102,1449,1999,3,57758,5201.5,Pre-Disruption
231,2023-08-14,3,1,102,6375,3361,6,56460,17297.5,Pre-Disruption
232,2025-03-08,2,2,101,11794,4559,15,55800,31062.0,Post-Disruption
233,2023-10-11,4,1,102,1641,1631,1,76277,6039.5,Pre-Disruption
234,2025-05-28,3,3,101,6204,3388,9,61432,17506.0,Post-Disruption
235,2025-08-17,1,3,103,8659,2487,7,72170,22348.5,Post-Disruption
236,2024-03-28,2,3,104,11837,4436,15,78575,30314.5,During-Disruption
237,2025-10-16,1,2,104,8582,2579,6,64732,23107.0,Post-Disruption
238,2025-03-26,1,1,104,8456,2636,4,36653,21969.0,Post-Disruption
239,2024-10-20,3,3,103,6339,3029,6,37293,17227.5,During-Disruption
240,2024-06-30,1,1,102,8504,2640,5,66344,23224.0,During-Disruption
241,2025-12-08,1,1,101,8464,2692,7,37366,22555.0,Post-Disruption
242,2023-01-17,2,1,103,11839,4244,14,75806,30224.5,Pre-Disruption
243,2023-06-07,3,2,104,6161,2951,9,34600,17066.5,Pre-Disruption
244,2024-04-21,1,2,104,8551,2429,4,21278,22346.5,During-Disruption
245,2025-12-05,1,2,104,8529,2664,4,16735,22403.5,Post-Disruption
246,2024-06-01,1,1,104,8525,2385,7,68095,21972.5,During-Disruption
247,2023-04-09,2,1,101,11911,4161,12,37202,31749.5,Pre-Disruption
248,2025-11-26,1,4,104,8561,2398,7,52928,22416.5,Post-Disruption
249,2023-10-07,2,2,101,11904,4400,15,54370,31672.0,Pre-Disruption
250,2024-05-11,1,1,104,8428,2671,5,56924,22451.0,During-Disruption
251,2023-10-29,1,2,103,8581,2655,6,47295,22475.5,Pre-Disruption
252,2023-06-30,4,1,101,1450,2144,3,66257,5437.0,Pre-Disruption
253,2024-08-29,1,1,101,8634,2612,4,62692,23135.0,During-Disruption
254,2024-11-30,2,1,103,11713,4530,12,44785,30150.5,During-Disruption
255,2025-09-19,1,1,104,8457,2320,5,73935,22678.5,Post-Disruption
256,2023-07-10,2,1,104,11836,4068,12,22655,31479.0,Pre-Disruption
257,2023-09-10,2,4,102,11827,4292,12,84580,30189.5,Pre-Disruption
258,2025-09-07,1,2,102,8436,2834,7,46264,22304.0,Post-Disruption
259,2025-07-16,1,1,101,8667,2609,5,17947,23444.5,Post-Disruption
260,2023-05-08,1,2,102,8484,2479,7,27507,22424.0,Pre-Disruption
261,2023-01-18,2,4,103,11909,4565,15,72057,30947.5,Pre-Disruption
262,2024-07-19,3,1,103,6238,3432,6,63306,17479.0,During-Disruption
263,2024-07-23,2,3,103,11726,4608,15,64136,31024.0,During-Disruption
264,2024-11-16,2,2,101,11932,4649,14,79199,30649.0,During-Disruption
265,2024-09-17,1,1,103,8570,2753,6,70048,23382.0,During-Disruption
266,2025-05-03,1,1,101,8577,2618,6,33193,22575.5,Post-Disruption
267,2025-08-19,1,1,101,8419,2227,5,77033,22190.5,Post-Disruption
268,2023-06-04,1,2,103,8663,2595,5,33087,23480.5,Pre-Disruption
269,2024-05-04,1,1,103,8596,2769,6,74457,22519.0,During-Disruption
270,2025-02-23,2,2,101,11763,4638,14,18093,30948.5,Post-Disruption
271,2023-09-03,2,2,103,11743,4427,15,73721,31356.5,Pre-Disruption
272,2025-11-28,4,1,102,1643,1743,2,28223,5636.5,Post-Disruption
273,2025-01-28,1,4,101,8411,2292,4,57337,22737.5,Post-Disruption
274,2024-06-21,2,4,104,11959,4034,12,62979,30439.5,During-Disruption
275,2025-07-09,3,1,101,6395,3503,7,34276,17760.5,Post-Disruption
276,2024-02-12,2,4,103,11956,4469,15,16967,31610.0,During-Disruption
277,2024-06-08,1,1,103,8634,2725,6,44732,23092.0,During-Disruption
278,2025-04-07,1,1,101,8646,2514,7,24099,23341.0,Post-Disruption
279,2025-06-21,1,1,101,8540,2683,7,18805,22626.0,Post-Disruption
280,2023-02-05,1,2,104,8580,2575,5,74102,22138.0,Pre-Disruption
281,2024-11-15,3,2,104,6252,3555,8,79860,16976.0,During-Disruption
282,2023-01-20,1,1,101,8443,2687,5,54265,22079.5,Pre-Disruption
283,2023-11-17,1,1,103,8508,2695,5,36065,22042.0,During-Disruption
284,2024-05-26,3,1,101,6197,3275,9,80095,16681.5,During-Disruption
285,2024-02-04,3,4,102,6326,3390,7,15202,17263.0,During-Disruption
286,2024-10-15,2,4,102,11780,4298,13,82467,31063.0,During-Disruption
287,2025-08-29,2,2,103,11917,4352,13,42132,30561.5,Post-Disruption
288,2024-04-15,1,2,101,8548,2553,5,77674,22420.0,During-Disruption
289,2025-04-13,1,2,101,8475,2680,7,53140,22830.5,Post-Disruption
290,2024-12-27,1,1,102,8479,2603,6,43453,22263.5,During-Disruption
291,2025-05-03,2,1,101,11751,4393,14,48945,31140.5,Post-Disruption
292,2023-02-20,4,2,103,1462,2002,4,55591,5443.0,Pre-Disruption
293,2024-07-28,1,2,103,8483,2690,4,80042,22921.5,During-Disruption
294,2023-05-30,2,1,104,11954,4523,13,34377,31691.0,Pre-Disruption
295,2023-11-10,1,4,103,8458,2593,7,77391,22319.0,During-Disruption
296,2024-07-23,2,3,101,11707,4582,12,82948,30625.5,During-Disruption
297,2023-11-01,1,1,101,8475,2895,4,40509,22150.5,During-Disruption
298,2024-11-12,1,2,102,8477,2303,5,67924,22519.5,During-Disruption
299,2025-04-17,3,4,102,6223,2910,9,69947,16854.5,Post-Disruption
300,2025-12-13,2,1,103,11711,4224,13,71660,30890.5,Post-Disruption
301,2025-09-29,2,2,104,11979,4316,12,56225,30805.5,Post-Disruption
302,2024-03-19,1,1,101,8444,2621,4,42606,21989.0,During-Disruption
303,2024-09-04,1,1,104,8452,2472,5,72003,21796.0,During-Disruption
304,2025-09-19,1,3,101,8580,2253,5,31891,22641.0,Post-Disruption
305,2023-09-21,3,1,103,6333,3072,7,78091,16947.5,Pre-Disruption
306,2025-12-12,4,1,103,1585,1846,3,32771,5031.5,Post-Disruption
307,2025-09-30,2,1,102,11992,4664,15,84565,31707.0,Post-Disruption
308,2023-01-05,1,1,104,8474,2817,7,66718,21810.0,Pre-Disruption
309,2025-02-12,3,1,102,6297,3058,9,23677,17730.5,Post-Disruption
310,2025-05-26,2,3,103,11778,4105,12,20485,30289.0,Post-Disruption
311,2025-09-18,2,1,104,11932,4294,15,74031,30998.0,Post-Disruption
312,2025-06-02,1,2,101,8567,2475,7,42626,22683.5,Post-Disruption
313,2023-02-16,3,2,102,6122,3484,6,79509,17254.0,Pre-Disruption
314,2025-05-16,2,1,103,11929,4042,12,26798,30861.5,Post-Disruption
315,2025-04-02,3,2,101,6234,3093,8,29590,16295.0,Post-Disruption
316,2025-07-24,3,2,103,6392,3540,6,52973,17480.0,Post-Disruption
317,2024-10-17,1,1,101,8437,2510,5,58875,21857.5,During-Disruption
318,2023-09-26,3,1,102,6331,3519,8,25420,17617.5,Pre-Disruption
319,2024-01-05,3,2,101,6267,3002,6,43525,17136.5,During-Disruption
320,2024-09-27,1,4,104,8684,2844,7,49964,22463.0,During-Disruption
321,2024-10-18,1,1,101,8502,2449,6,65513,22966.0,During-Disruption
322,2023-04-30,1,1,103,8544,2595,6,66813,21889.0,Pre-Disruption
323,2025-04-10,2,1,101,11942,4614,15,32446,31683.0,Post-Disruption
324,2025-12-17,1,1,102,8547,2495,7,80053,22833.5,Post-Disruption
325,2025-01-10,2,2,103,11852,4237,15,27842,31606.0,Post-Disruption
326,2023-04-27,1,1,103,8694,2819,5,16229,23022.0,Pre-Disruption
327,2025-03-01,3,1,103,6225,3548,8,46741,16760.5,Post-Disruption
328,2025-10-09,1,1,103,8591,2488,5,45751,22006.5,Post-Disruption
329,2025-12-17,1,1,104,8482,2736,5,16456,21865.0,Post-Disruption
330,2024-09-25,2,1,103,11720,4629,15,49302,31246.0,During-Disruption
331,2024-05-27,2,1,103,11987,4255,12,39878,30813.5,During-Disruption
332,2025-03-12,1,1,103,8683,2720,5,19582,23452.5,Post-Disruption
333,2024-07-13,1,3,102,8667,2318,4,61614,23378.5,During-Disruption
334,2024-05-02,1,4,102,8520,2318,4,39965,23248.0,During-Disruption
335,2025-06-15,3,1,103,6210,2990,9,38257,16989.0,Post-Disruption
336,2024-12-04,3,2,104,6178,3071,6,25973,17174.0,During-Disruption
337,2024-08-03,2,1,101,11784,4115,13,83095,31354.0,During-Disruption
338,2025-02-28,3,1,104,6179,3433,6,66783,16420.5,Post-Disruption
339,2025-05-10,3,1,103,6250,3248,7,17697,17540.0,Post-Disruption
340,2023-09-04,1,1,103,8643,2766,7,63337,22615.5,Pre-Disruption
341,2023-06-03,4,3,104,1617,2075,2,55680,4598.5,Pre-Disruption
342,2025-09-23,3,1,103,6114,3344,6,64654,16875.0,Post-Disruption
343,2024-11-27,1,1,101,8500,2307,5,62434,21777.0,During-Disruption
344,2025-12-28,1,3,102,8667,2788,4,60447,22820.5,Post-Disruption
345,2025-12-06,1,2,101,8434,2772,4,21594,21816.0,Post-Disruption
346,2025-10-05,1,1,101,8682,2321,7,56242,23335.0,Post-Disruption
347,2023-04-04,3,1,101,6224,3503,6,46084,17220.0,Pre-Disruption
348,2025-08-15,2,1,104,11923,4221,14,35143,31708.5,Post-Disruption
349,2025-10-08,3,1,104,6260,3358,7,65966,16808.0,Post-Disruption
350,2024-03-28,3,1,101,6112,3541,8,36415,17194.0,During-Disruption
351,2025-06-30,2,1,104,11864,4497,14,38178,31054.0,Post-Disruption
352,2023-08-06,2,2,103,11957,4369,13,18939,31082.5,Pre-Disruption
353,2024-04-18,1,2,102,8692,2320,7,56367,22305.0,During-Disruption
354,2024-03-07,1,3,104,8513,2400,5,57301,22236.5,During-Disruption
355,2023-12-07,2,1,104,11819,4160,15,73151,30391.5,During-Disruption
356,2024-07-04,1,1,101,8468,2417,4,44029,22259.0,During-Disruption
357,2023-12-23,1,1,102,8673,2774,6,56232,22896.5,During-Disruption
358,2023-01-23,3,2,103,6147,3299,7,83450,16325.5,Pre-Disruption
359,2024-06-05,2,1,103,11757,4384,12,69414,30794.5,During-Disruption
360,2025-03-12,1,4,102,8477,2263,5,48958,23078.5,Post-Disruption
361,2025-01-31,2,2,103,11903,4211,13,48036,30830.5,Post-Disruption
362,2024-03-17,3,4,102,6324,3531,6,47767,16452.0,During-Disruption
363,2025-02-07,1,3,101,8662,2268,5,66305,22733.0,Post-Disruption
364,2025-10-12,1,4,103,8502,2323,4,81872,22575.0,Post-Disruption
365,2024-05-30,4,2,103,1508,1976,3,78067,5206.0,During-Disruption
366,2025-11-05,1,4,102,8664,2856,4,35539,23328.0,Post-Disruption
367,2025-03-02,1,1,103,8455,2495,5,32079,22005.5,Post-Disruption
368,2023-12-02,2,1,104,11951,4357,14,65584,31828.5,During-Disruption
369,2023-09-15,3,2,101,6399,3540,8,16383,17463.5,Pre-Disruption
370,2024-05-11,1,4,103,8471,2724,4,46976,22391.5,During-Disruption
371,2025-06-14,1,1,103,8540,2267,7,51739,22102.0,Post-Disruption
372,2023-06-09,1,1,103,8579,2469,4,67862,22906.5,Pre-Disruption
373,2025-05-01,4,2,102,1602,1732,4,71420,5126.0,Post-Disruption
374,2024-11-20,1,2,101,8670,2261,4,67803,23346.0,During-Disruption
375,2024-01-15,2,1,101,11809,4160,14,56707,31172.5,During-Disruption
376,2025-08-14,4,3,103,1481,1625,1,18179,5098.5,Post-Disruption
377,2024-11-21,1,4,103,8483,2485,7,77917,22058.5,During-Disruption
378,2025-12-02,4,4,102,1656,2045,2,72260,4760.0,Post-Disruption
379,2023-10-12,4,1,101,1592,1848,4,83232,4853.0,Pre-Disruption
380,2024-02-01,3,1,104,6238,2990,8,64528,16435.0,During-Disruption
381,2023-01-12,1,1,103,8620,2235,4,63904,22080.0,Pre-Disruption
382,2024-05-13,2,1,104,11888,4006,14,60012,31004.0,During-Disruption
383,2025-01-23,3,1,104,6296,3405,7,43734,17608.0,Post-Disruption
384,2023-02-04,4,3,101,1473,1920,2,84861,4385.5,Pre-Disruption
385,2024-12-27,1,1,104,8597,2401,5,51817,23387.5,During-Disruption
386,2025-04-28,3,4,103,6359,3452,6,33806,16808.5,Post-Disruption
387,2023-03-31,1,4,103,8598,2743,7,50053,22555.0,Pre-Disruption
388,2025-02-14,1,1,102,8536,2853,4,79348,22441.0,Post-Disruption
389,2024-08-27,2,4,101,11874,4255,14,54158,31436.0,During-Disruption
390,2025-08-27,3,3,101,6232,3060,6,23577,16902.0,Post-Disruption
391,2025-10-18,2,2,104,11726,4029,14,63798,30718.0,Post-Disruption
392,2024-02-22,2,1,103,11956,4456,12,71563,31445.0,During-Disruption
393,2023-04-25,4,2,103,1450,1861,4,71713,4815.0,Pre-Disruption
394,2024-09-08,1,1,102,8543,2209,5,41042,22202.5,During-Disruption
395,2025-04-05,2,2,104,11935,4358,12,19504,31557.5,Post-Disruption
396,2024-02-17,1,1,103,8559,2475,7,30709,22643.5,During-Disruption
397,2024-12-29,1,2,101,8670,2323,4,43631,22468.0,During-Disruption
398,2025-10-17,2,1,102,11853,4629,12,71119,30905.5,Post-Disruption
399,2025-01-30,4,1,101,1436,1867,2,19649,4211.0,Post-Disruption
400,2024-11-06,2,2,102,11916,4277,14,26711,30664.0,During-Disruption
401,2024-04-01,3,2,101,6229,2975,9,57797,17037.5,During-Disruption
402,2025-07-08,1,1,104,8475,2725,4,83678,21702.5,Post-Disruption
403,2023-07-11,1,1,103,8687,2817,5,31629,22654.5,Pre-Disruption
404,2025-01-08,2,4,101,11896,4175,12,76441,30588.0,Post-Disruption
405,2025-09-04,1,2,104,8616,2893,4,29397,22249.0,Post-Disruption
406,2025-10-05,1,1,101,8498,2235,5,44551,21904.0,Post-Disruption
407,2023-04-06,2,2,104,11984,4566,12,23533,31768.0,Pre-Disruption
408,2024-10-24,1,1,102,8629,2469,4,46600,23147.5,During-Disruption
409,2023-02-06,1,1,104,8508,2201,7,40301,22874.0,Pre-Disruption
410,2023-10-06,2,2,101,11863,4255,15,53835,31036.5,Pre-Disruption
411,2023-08-05,2,3,103,11815,4513,15,83422,30417.5,Pre-Disruption
412,2025-05-16,4,3,102,1470,2172,1,68304,5550.0,Post-Disruption
413,2025-05-22,2,1,102,11913,4362,12,65461,31590.5,Post-Disruption
414,2023-03-03,2,4,104,11752,4106,15,57439,30740.0,Pre-Disruption
415,2024-08-18,4,1,101,1484,1733,1,24938,4596.0,During-Disruption
416,2024-12-29,3,4,104,6175,3308,7,55390,17395.5,During-Disruption
417,2024-02-01,1,1,102,8666,2650,5,52056,23232.0,During-Disruption
418,2024-11-29,1,1,103,8647,2734,4,61991,22909.5,During-Disruption
419,2025-11-08,2,2,104,11985,4584,12,38153,31123.5,Post-Disruption
420,2023-06-26,2,1,101,11778,4350,14,30864,31138.0,Pre-Disruption
421,2024-01-31,3,3,104,6206,2927,7,25087,16089.0,During-Disruption
422,2024-03-20,3,2,104,6181,3436,6,32050,16983.5,During-Disruption
423,2023-03-17,2,1,104,11901,4064,14,64737,31750.5,Pre-Disruption
424,2023-09-22,4,2,103,1629,1793,2,45733,5767.5,Pre-Disruption
425,2024-03-30,2,1,101,11926,4206,14,42302,31320.0,During-Disruption
426,2024-12-18,1,1,101,8419,2498,7,66766,23007.5,During-Disruption
427,2025-01-04,3,4,102,6367,2939,8,83633,17053.5,Post-Disruption
428,2025-04-30,1,4,102,8577,2663,7,45757,22667.5,Post-Disruption
429,2023-05-24,3,1,104,6239,2922,6,80267,17571.5,Pre-Disruption
430,2025-06-03,4,2,102,1479,2288,1,28675,4991.5,Post-Disruption
431,2025-12-28,2,1,101,11881,4127,13,59304,30848.5,Post-Disruption
432,2024-01-31,2,3,104,11773,4262,14,31063,30823.5,During-Disruption
433,2025-11-14,2,4,102,11846,4034,14,82922,30973.0,Post-Disruption
434,2025-08-05,1,1,103,8632,2686,4,69597,22574.0,Post-Disruption
435,2025-06-09,1,3,102,8541,2300,5,78463,23334.5,Post-Disruption
436,2024-07-22,2,1,103,11849,4610,12,64928,30306.5,During-Disruption
437,2025-11-28,3,1,102,6231,2981,7,42569,16805.5,Post-Disruption
438,2023-04-19,2,4,101,11938,4316,14,16404,31535.0,Pre-Disruption
439,2025-12-01,1,2,102,8561,2529,7,65473,23232.5,Post-Disruption
440,2025-07-23,2,1,103,11949,4195,13,70325,30648.5,Post-Disruption
441,2024-02-02,3,2,103,6227,3313,8,68255,17180.5,During-Disruption
442,2024-09-25,2,1,102,11973,4508,13,43500,31674.5,During-Disruption
443,2025-01-02,2,1,104,11781,4480,15,64159,31416.5,Post-Disruption
444,2023-08-23,3,4,103,6331,2967,9,74118,17017.5,Pre-Disruption
445,2024-10-19,2,2,101,11730,4392,12,46871,30445.0,During-Disruption
446,2025-01-20,2,3,102,11933,4272,15,27543,30729.5,Post-Disruption
447,2024-08-10,3,1,103,6183,3198,9,58240,17451.5,During-Disruption
448,2025-10-29,1,2,102,8441,2340,4,15697,23035.5,Post-Disruption
449,2025-08-11,4,4,102,1601,1784,4,29968,5419.5,Post-Disruption
450,2024-05-06,1,1,104,8650,2865,4,35385,22408.0,During-Disruption
451,2025-07-01,1,1,102,8484,2388,5,49691,21940.0,Post-Disruption
452,2023-06-19,3,2,102,6282,3473,8,74078,17028.0,Pre-Disruption
453,2025-08-03,1,1,102,8665,2218,4,53156,23206.5,Post-Disruption
454,2025-03-05,3,1,101,6170,2980,7,67305,16862.0,Post-Disruption
455,2024-09-25,3,4,102,6121,3397,9,57665,16077.5,During-Disruption
456,2023-01-29,3,4,101,6175,3441,7,21156,16415.5,Pre-Disruption
457,2023-12-05,4,2,102,1668,2238,1,61049,5016.0,During-Disruption
458,2024-05-14,1,3,104,8567,2417,4,38452,22891.5,During-Disruption
459,2024-05-25,3,4,104,6339,3424,6,43541,17241.5,During-Disruption
460,2023-08-05,1,3,103,8450,2888,4,60322,21796.0,Pre-Disruption
461,2025-12-29,2,1,102,11782,4337,13,53718,30497.0,Post-Disruption
462,2024-03-20,3,1,104,6189,3020,8,50890,17004.5,During-Disruption
463,2025-05-25,1,1,104,8412,2668,6,15302,22347.0,Post-Disruption
464,2023-06-16,2,1,102,11856,4371,13,61854,31118.0,Pre-Disruption
465,2023-04-01,2,1,103,11898,4481,14,22510,30788.0,Pre-Disruption
466,2024-12-14,2,1,101,11853,4178,15,33462,30333.5,During-Disruption
467,2023-02-08,4,1,104,1597,1710,2,45325,5695.5,Pre-Disruption
468,2023-06-22,1,1,104,8623,2208,5,61800,22773.5,Pre-Disruption
469,2024-10-14,2,2,101,11817,4221,13,78689,30580.5,During-Disruption
470,2025-01-23,3,1,104,6250,3521,8,51437,16507.0,Post-Disruption
471,2025-12-17,2,3,101,11943,4647,13,40117,31774.5,Post-Disruption
472,2024-04-20,1,1,101,8474,2307,5,28354,22672.0,During-Disruption
473,2024-03-31,2,3,103,11912,4336,12,75500,31161.0,During-Disruption
474,2025-04-08,1,4,101,8674,2403,4,21549,23206.0,Post-Disruption
475,2025-06-13,1,3,101,8643,2726,6,68935,22352.5,Post-Disruption
476,2025-10-21,3,3,101,6277,3352,6,83015,17640.5,Post-Disruption
477,2024-01-22,2,4,101,11807,4673,15,68734,31344.5,During-Disruption
478,2023-12-14,4,1,104,1690,1794,1,43537,4840.0,During-Disruption
479,2023-07-09,3,4,101,6276,3160,6,74394,17330.0,Pre-Disruption
480,2024-05-19,2,3,104,11873,4008,13,65512,31030.5,During-Disruption
481,2025-04-03,1,3,102,8492,2415,7,73279,23185.0,Post-Disruption
482,2025-07-17,2,1,102,11799,4112,15,42622,30121.5,Post-Disruption
483,2025-07-22,1,2,101,8580,2828,4,40339,21982.0,Post-Disruption
484,2023-05-14,4,2,103,1558,1939,3,64051,4867.0,Pre-Disruption
485,2023-02-27,1,2,103,8495,2246,5,61964,22340.5,Pre-Disruption
486,2024-11-15,1,3,104,8631,2688,6,74698,22839.5,During-Disruption
487,2024-11-02,2,1,104,11950,4321,14,28977,31833.0,During-Disruption
488,2023-06-22,1,1,102,8466,2297,6,42938,22514.0,Pre-Disruption
489,2025-03-25,1,1,104,8636,2644,7,79893,22112.0,Post-Disruption
490,2023-03-21,2,1,103,11718,4092,14,69445,30742.0,Pre-Disruption
491,2025-06-04,1,1,102,8686,2451,6,30859,23209.0,Post-Disruption
492,2023-07-22,1,1,101,8687,2362,7,32391,23322.5,Pre-Disruption
493,2025-02-02,1,1,104,8606,2357,4,81653,22217.0,Post-Disruption
494,2023-02-16,3,1,101,6202,3478,9,55058,16559.0,Pre-Disruption
495,2024-10-17,2,1,104,11858,4137,15,23228,31275.0,During-Disruption
496,2024-04-15,2,4,103,11894,4383,12,48401,31332.0,During-Disruption
497,2025-08-28,2,3,104,11750,4311,14,75135,31254.0,Post-Disruption
498,2025-11-01,1,3,103,8623,2489,6,57212,22257.5,Post-Disruption
499,2025-01-05,4,1,103,1601,1664,1,52282,5887.5,Post-Disruption
500,2025-02-22,1,2,101,8491,2397,6,37243,23221.5,Post-Disruption
501,2025-08-25,2,2,104,11854,4682,12,36364,30519.0,Post-Disruption
502,2023-12-24,3,4,101,6275,3427,9,47474,17098.5,During-Disruption
503,2025-08-29,3,3,103,6209,3436,8,44850,17064.5,Post-Disruption
504,2024-10-29,1,2,103,8698,2449,6,38907,23088.0,During-Disruption
505,2024-01-08,1,4,103,8622,2738,5,58011,22699.0,During-Disruption
506,2025-10-28,3,1,103,6278,3581,8,73071,16889.0,Post-Disruption
507,2024-11-06,1,1,102,8625,2316,5,41668,22706.5,During-Disruption
508,2023-03-31,3,2,103,6174,3466,8,24416,16055.0,Pre-Disruption
509,2024-11-28,3,1,104,6170,3385,7,29585,17083.0,During-Disruption
510,2024-06-23,3,1,103,6308,3262,6,15685,16524.0,During-Disruption
511,2025-01-01,1,3,102,8502,2225,6,83676,23142.0,Post-Disruption
512,2025-05-18,3,1,104,6140,3519,6,53848,17207.0,Post-Disruption
513,2023-02-10,2,2,102,11979,4601,13,20648,30991.5,Pre-Disruption
514,2025-01-09,3,4,102,6129,3392,7,15429,15827.5,Post-Disruption
515,2024-05-16,1,1,104,8642,2556,5,66959,23262.0,During-Disruption
516,2025-08-16,1,1,102,8451,2611,5,38267,21848.5,Post-Disruption
517,2025-07-17,1,1,103,8456,2675,7,79956,22931.0,Post-Disruption
518,2024-04-05,1,1,101,8589,2613,4,65346,22853.5,During-Disruption
519,2025-01-01,2,1,101,11778,4121,13,27665,30659.0,Post-Disruption
520,2025-01-21,4,1,101,1595,2060,3,37106,5120.5,Post-Disruption
521,2025-07-13,1,1,104,8596,2628,5,26889,23145.0,Post-Disruption
522,2025-06-27,3,1,104,6130,3142,6,42669,15876.0,Post-Disruption
523,2024-01-25,1,3,104,8429,2602,7,59334,22850.5,During-Disruption
524,2025-06-01,1,4,101,8512,2451,4,62106,22521.0,Post-Disruption
525,2023-09-13,1,3,101,8537,2274,6,79947,23174.5,Pre-Disruption
526,2024-12-09,1,2,104,8621,2311,7,66998,22400.5,During-Disruption
527,2024-03-25,4,1,101,1571,2262,1,50852,4696.5,During-Disruption
528,2023-01-10,1,3,102,8554,2809,5,79262,22289.0,Pre-Disruption
529,2025-04-03,2,1,102,11975,4359,14,26095,31053.5,Post-Disruption
530,2025-03-08,2,1,101,11919,4167,14,38212,31479.5,Post-Disruption
531,2025-05-26,4,3,104,1675,1849,4,66173,5879.5,Post-Disruption
532,2025-10-25,1,1,103,8411,2412,4,60549,22821.5,Post-Disruption
533,2025-10-12,1,1,103,8484,2642,6,37972,22327.0,Post-Disruption
534,2024-01-09,1,4,101,8621,2245,7,59356,22875.5,During-Disruption
535,2025-12-24,2,4,103,11748,4017,13,62097,30853.0,Post-Disruption
536,2023-05-26,1,1,104,8579,2549,5,69056,22345.5,Pre-Disruption
537,2023-08-12,3,1,102,6109,3119,9,84532,16112.5,Pre-Disruption
538,2023-06-26,2,2,102,11960,4687,12,68707,31016.0,Pre-Disruption
539,2025-05-02,2,3,104,11885,4397,13,42584,30218.5,Post-Disruption
540,2023-03-04,2,1,103,11928,4660,13,16578,30343.0,Pre-Disruption
541,2025-04-06,1,2,101,8557,2297,7,36060,22460.5,Post-Disruption
542,2025-03-05,2,4,102,11972,4004,12,25400,31156.0,Post-Disruption
543,2024-11-19,4,1,103,1420,1758,2,56625,4369.0,During-Disruption
544,2023-04-15,3,4,103,6115,2986,6,44570,16323.5,Pre-Disruption
545,2024-05-25,3,4,102,6382,3019,9,18862,17934.0,During-Disruption
546,2024-01-20,3,1,102,6214,3342,6,47437,17476.0,During-Disruption
547,2024-02-09,1,3,101,8405,2371,4,27627,21994.5,During-Disruption
548,2025-04-02,1,1,104,8697,2775,6,67976,22807.5,Post-Disruption
549,2024-06-01,1,3,103,8658,2805,5,48184,23254.0,During-Disruption
550,2024-04-20,1,3,101,8439,2881,5,42140,22099.5,During-Disruption
551,2024-12-09,1,1,102,8675,2434,5,68683,22988.5,During-Disruption
552,2025-02-09,2,3,104,11931,4477,12,66399,31089.5,Post-Disruption
553,2025-11-12,2,3,104,11706,4120,15,75874,31152.0,Post-Disruption
554,2025-09-23,3,1,103,6192,3396,6,27666,17040.0,Post-Disruption
555,2024-11-07,3,1,104,6120,3511,7,73173,16085.0,During-Disruption
556,2024-12-14,4,1,102,1410,2021,2,78212,4531.0,During-Disruption
557,2023-03-24,1,2,102,8449,2334,5,44843,22247.5,Pre-Disruption
558,2024-04-01,1,4,102,8664,2514,5,20919,22914.0,During-Disruption
559,2023-01-01,2,3,101,11744,4068,15,69063,31071.0,Pre-Disruption
560,2023-02-20,1,1,102,8684,2397,6,81778,22339.0,Pre-Disruption
561,2024-11-15,1,2,101,8670,2210,4,70472,22478.0,During-Disruption
562,2024-12-17,1,1,102,8674,2329,7,36969,23108.0,During-Disruption
563,2024-03-24,1,1,102,8434,2309,6,28081,22311.0,During-Disruption
564,2025-05-30,2,1,104,11840,4026,13,81425,30635.0,Post-Disruption
565,2024-05-02,2,1,103,11843,4399,15,55098,31379.5,During-Disruption
566,2023-02-03,2,2,102,11944,4319,15,74801,30586.0,Pre-Disruption
567,2023-04-05,2,4,104,11892,4193,15,38225,30887.0,Pre-Disruption
568,2025-12-31,1,2,104,8434,2545,4,38601,21908.0,Post-Disruption
569,2023-06-03,1,2,103,8671,2215,6,70737,22184.5,Pre-Disruption
570,2023-09-07,1,1,104,8577,2272,6,45765,22799.5,Pre-Disruption
571,2024-11-04,1,4,104,8669,2827,4,73576,22227.5,During-Disruption
572,2024-03-13,3,3,103,6250,3100,8,77815,16675.0,During-Disruption
573,2023-04-28,3,4,101,6198,3544,7,55808,16974.0,Pre-Disruption
574,2025-02-09,2,1,103,11728,4163,15,52950,30093.0,Post-Disruption
575,2023-09-25,1,2,103,8549,2206,6,31722,22992.5,Pre-Disruption
576,2025-12-13,2,2,102,11907,4060,14,80857,30924.5,Post-Disruption
577,2023-08-24,2,1,102,11961,4351,15,35642,31523.5,Pre-Disruption
578,2024-01-24,2,2,101,11909,4484,13,31719,31038.5,During-Disruption
579,2025-09-16,2,4,103,11788,4631,13,79800,31204.0,Post-Disruption
580,2025-02-01,2,1,103,11936,4450,14,69514,30904.0,Post-Disruption
581,2024-02-05,2,1,101,11947,4413,13,77769,31423.5,During-Disruption
582,2024-09-15,3,3,102,6357,2930,6,20271,16668.5,During-Disruption
583,2025-02-05,1,1,103,8591,2759,7,33787,22943.5,Post-Disruption
584,2025-07-07,3,2,101,6195,2990,9,18134,17454.5,Post-Disruption
585,2025-05-02,1,2,102,8435,2717,4,70614,22387.5,Post-Disruption
586,2024-07-31,1,1,104,8495,2645,5,54698,22636.5,During-Disruption
587,2023-03-16,4,3,101,1436,1884,2,15916,4516.0,Pre-Disruption
588,2024-03-10,4,2,101,1633,1992,4,43263,5735.5,During-Disruption
589,2023-04-13,1,4,103,8501,2795,4,82666,22047.5,Pre-Disruption
590,2025-02-02,2,3,104,11879,4138,12,45407,30758.5,Post-Disruption
591,2025-01-07,1,4,102,8469,2529,7,20691,22150.5,Post-Disruption
592,2025-03-16,2,1,104,11806,4132,14,46487,30589.0,Post-Disruption
593,2023-04-08,3,1,103,6370,3514,9,52069,16534.0,Pre-Disruption
594,2025-03-08,4,1,103,1446,1925,3,28147,4976.0,Post-Disruption
595,2025-05-08,2,1,102,11807,4606,14,52216,31360.5,Post-Disruption
596,2024-03-10,1,4,102,8468,2729,6,36893,22871.0,During-Disruption
597,2024-03-22,2,1,102,11701,4020,15,27934,31169.5,During-Disruption
598,2023-09-06,1,3,103,8618,2678,4,16723,23312.0,Pre-Disruption
599,2023-06-15,4,1,102,1444,2057,1,76319,4706.0,Pre-Disruption
600,2025-09-10,3,1,102,6332,3417,6,48893,16443.0,Post-Disruption
601,2025-10-16,2,4,102,11888,4535,15,77820,31359.0,Post-Disruption
602,2024-06-25,1,1,101,8521,2424,7,45500,22350.5,During-Disruption
603,2025-01-28,1,3,102,8464,2771,5,64294,21797.0,Post-Disruption
604,2023-03-22,1,1,103,8548,2529,7,59816,23302.0,Pre-Disruption
605,2023-05-13,3,4,101,6348,3457,6,39100,17682.0,Pre-Disruption
606,2025-03-07,2,2,103,11766,4367,13,80458,30443.0,Post-Disruption
607,2025-06-18,1,3,104,8458,2341,7,67201,22527.0,Post-Disruption
608,2023-05-18,2,1,101,11814,4589,15,27234,30314.0,Pre-Disruption
609,2023-07-03,3,1,102,6215,3098,9,66865,16213.5,Pre-Disruption
610,2025-02-23,1,4,101,8636,2826,5,33162,22835.0,Post-Disruption
611,2025-09-10,3,4,103,6146,2935,7,46457,16106.0,Post-Disruption
612,2023-03-10,3,1,101,6208,3365,8,25711,16561.0,Pre-Disruption
613,2024-06-29,4,1,104,1673,2171,2,58020,6087.5,During-Disruption
614,2023-02-22,1,1,102,8512,2637,4,70608,21860.0,Pre-Disruption
615,2023-07-24,1,1,102,8432,2790,4,52098,21592.0,Pre-Disruption
616,2023-05-06,1,3,104,8679,2390,7,70112,22640.5,Pre-Disruption
617,2023-02-12,1,1,103,8691,2296,4,55018,22364.5,Pre-Disruption
618,2023-04-21,1,1,101,8561,2703,4,52106,23118.5,Pre-Disruption
619,2025-01-30,2,2,103,11789,4366,12,82295,31335.5,Post-Disruption
620,2025-04-27,2,1,103,11750,4149,12,78828,30265.0,Post-Disruption
621,2023-04-05,3,3,103,6243,2942,7,62883,16937.5,Pre-Disruption
622,2025-06-18,1,4,102,8503,2496,4,32504,23017.5,Post-Disruption
623,2023-12-26,2,1,101,11869,4318,15,19995,30626.5,During-Disruption
624,2025-06-18,3,3,102,6115,3117,7,34946,16336.5,Post-Disruption
625,2023-10-08,3,1,102,6232,3387,8,81609,16389.0,Pre-Disruption
626,2024-10-28,3,1,102,6269,3045,6,37795,16659.5,During-Disruption
627,2023-04-03,3,1,101,6129,3227,8,51946,16189.5,Pre-Disruption
628,2024-11-02,4,1,104,1559,1858,3,21387,5589.5,During-Disruption
629,2023-03-02,1,1,102,8546,2765,7,56184,22037.0,Pre-Disruption
630,2024-09-25,2,1,102,11936,4118,14,75945,31582.0,During-Disruption
631,2025-12-10,1,4,102,8574,2341,4,50805,23376.0,Post-Disruption
632,2025-10-25,1,3,101,8471,2489,7,30722,22264.5,Post-Disruption
633,2024-08-26,1,4,101,8526,2838,7,29446,23152.0,During-Disruption
634,2024-11-12,1,2,103,8595,2424,5,79878,23222.5,During-Disruption
635,2024-06-17,1,1,102,8584,2428,7,35869,23121.0,During-Disruption
636,2025-04-17,1,1,102,8549,2456,6,78811,22632.5,Post-Disruption
637,2024-10-06,1,1,101,8613,2444,4,34019,22269.5,During-Disruption
638,2023-08-21,4,1,101,1493,1775,2,51042,5144.5,Pre-Disruption
639,2024-06-07,1,2,102,8457,2554,6,79219,22982.5,During-Disruption
640,2023-12-12,3,2,104,6318,3421,9,37689,16926.0,During-Disruption
641,2025-12-05,1,1,103,8618,2794,4,31084,22055.0,Post-Disruption
642,2024-06-29,4,1,103,1412,1738,4,29307,4430.0,During-Disruption
643,2025-03-04,3,1,102,6382,3018,7,39253,16657.0,Post-Disruption
644,2023-09-06,2,1,103,11839,4638,13,61136,30623.5,Pre-Disruption
645,2023-02-16,2,1,103,11973,4610,12,36020,30947.5,Pre-Disruption
646,2023-08-02,1,3,102,8518,2777,6,62961,22651.0,Pre-Disruption
647,2023-08-27,4,1,103,1670,1858,1,45412,4855.0,Pre-Disruption
648,2025-12-15,3,3,101,6196,3554,8,54347,16420.0,Post-Disruption
649,2023-12-16,3,1,102,6146,3470,6,20586,16599.0,During-Disruption
650,2023-04-17,2,1,101,11851,4191,13,80383,30539.5,Pre-Disruption
651,2025-04-10,1,3,102,8572,2329,5,36328,22472.0,Post-Disruption
652,2023-02-17,3,2,101,6374,3057,9,33841,16763.0,Pre-Disruption
653,2023-12-03,1,1,103,8636,2877,5,53840,22649.0,During-Disruption
654,2025-11-15,2,4,104,11730,4260,15,19092,31032.0,Post-Disruption
655,2025-03-14,1,1,101,8612,2589,5,17080,22990.0,Post-Disruption
656,2023-01-08,4,1,101,1671,2244,2,29157,4807.5,Pre-Disruption
657,2024-09-16,1,3,104,8477,2723,7,59830,22990.5,During-Disruption
658,2024-12-19,1,3,104,8678,2331,4,49511,22856.0,During-Disruption
659,2023-10-30,2,1,101,11740,4407,12,51017,30220.0,Pre-Disruption
660,2024-09-30,3,1,101,6245,3052,6,19479,16567.5,During-Disruption
661,2023-02-25,2,4,101,11711,4281,14,55635,29801.5,Pre-Disruption
662,2024-12-26,1,1,102,8647,2766,6,56174,23134.5,During-Disruption
663,2024-06-09,1,1,101,8628,2837,5,21350,23481.0,During-Disruption
664,2024-04-18,3,2,101,6278,2945,7,55806,17199.0,During-Disruption
665,2023-01-28,4,4,104,1559,2285,2,67459,4705.5,Pre-Disruption
666,2023-03-19,3,1,104,6320,3198,9,53480,16478.0,Pre-Disruption
667,2023-12-31,2,3,102,11863,4020,14,17476,30362.5,During-Disruption
668,2024-10-27,4,2,102,1567,1764,3,78452,4421.5,During-Disruption
669,2024-06-09,2,1,103,11918,4267,12,15551,31624.0,During-Disruption
670,2024-11-29,2,3,101,11769,4100,14,60137,30099.5,During-Disruption
671,2025-06-01,2,4,101,11959,4660,15,38713,30711.5,Post-Disruption
672,2025-10-27,2,1,104,11762,4652,15,39688,30821.0,Post-Disruption
673,2025-10-23,3,1,103,6345,3272,9,49813,17208.5,Post-Disruption
674,2025-07-07,2,4,101,11749,4032,15,21615,30002.5,Post-Disruption
675,2025-01-19,1,2,103,8685,2435,5,80751,23460.5,Post-Disruption
676,2023-12-29,1,1,102,8633,2397,7,78024,22387.5,During-Disruption
677,2025-03-16,1,2,101,8415,2706,4,72613,21846.5,Post-Disruption
678,2025-01-08,2,3,101,11703,4331,15,47637,30871.5,Post-Disruption
679,2025-11-04,1,3,102,8681,2644,6,31220,22463.5,Post-Disruption
680,2024-04-29,1,4,101,8556,2685,7,60627,22698.0,During-Disruption
681,2023-01-28,2,1,102,11919,4119,12,62440,30734.5,Pre-Disruption
682,2024-12-14,2,1,102,11750,4157,14,81773,30396.0,During-Disruption
683,2025-11-28,3,2,103,6141,2936,8,25833,16993.5,Post-Disruption
684,2023-03-27,2,1,104,11834,4143,14,54770,31551.0,Pre-Disruption
685,2023-05-06,3,2,104,6373,3456,7,64921,17814.5,Pre-Disruption
686,2025-03-22,4,1,102,1658,2240,3,54541,5842.0,Post-Disruption
687,2024-06-20,3,1,103,6290,3592,7,21975,17710.0,During-Disruption
688,2023-05-25,2,1,102,11955,4027,15,62956,31806.5,Pre-Disruption
689,2023-01-25,1,2,103,8635,2778,4,21679,22316.5,Pre-Disruption
690,2023-03-08,4,3,103,1675,1843,3,49177,4843.5,Pre-Disruption
691,2023-08-21,1,1,104,8472,2878,7,37491,22013.0,Pre-Disruption
692,2023-04-19,1,1,104,8473,2465,5,80953,22393.5,Pre-Disruption
693,2023-04-21,2,1,103,11822,4050,13,24675,31383.0,Pre-Disruption
694,2023-08-16,1,3,104,8469,2308,4,31753,22415.5,Pre-Disruption
695,2023-04-21,4,1,103,1478,1997,4,64260,5171.0,Pre-Disruption
696,2023-02-03,2,2,101,11947,4334,12,49683,30665.5,Pre-Disruption
697,2024-09-14,2,2,102,11886,4133,12,28942,31581.0,During-Disruption
698,2025-01-17,2,1,104,11840,4678,14,34747,30819.0,Post-Disruption
699,2024-08-17,2,3,102,11997,4079,14,83423,30504.5,During-Disruption
700,2024-02-29,1,1,104,8443,2537,4,69966,22307.5,During-Disruption
701,2024-09-04,2,2,102,11946,4610,14,40684,30747.0,During-Disruption
702,2024-11-22,3,1,102,6325,3331,9,24389,16486.5,During-Disruption
703,2023-11-11,2,1,104,11766,4664,13,23755,30317.0,During-Disruption
704,2025-05-26,3,2,104,6375,3380,7,59769,17079.5,Post-Disruption
705,2024-10-23,1,1,104,8652,2488,6,15643,23004.0,During-Disruption
706,2023-10-04,1,3,104,8679,2794,7,35663,22652.5,Pre-Disruption
707,2024-09-15,1,3,103,8578,2301,6,66669,22624.0,During-Disruption
708,2024-05-30,1,3,104,8678,2530,7,62281,22462.0,During-Disruption
709,2025-04-22,3,1,104,6228,3275,7,72020,16740.0,Post-Disruption
710,2023-12-16,3,2,104,6214,3130,9,74030,16709.0,During-Disruption
711,2025-04-02,1,2,101,8673,2650,5,55317,22521.5,Post-Disruption
712,2025-01-28,2,1,102,11901,4320,14,18184,31302.5,Post-Disruption
713,2025-06-17,3,2,104,6216,3323,9,60025,17322.0,Post-Disruption
714,2023-08-31,1,4,104,8434,2224,6,39861,22148.0,Pre-Disruption
715,2024-06-26,1,1,102,8505,2768,4,23171,21896.5,During-Disruption
716,2025-11-29,4,4,102,1648,2015,1,51815,5950.0,Post-Disruption
717,2023-08-17,2,1,103,11851,4301,14,60022,30939.5,Pre-Disruption
718,2024-07-01,4,1,102,1540,1699,2,56851,5150.0,During-Disruption
719,2025-07-08,1,1,102,8694,2587,7,57568,23275.0,Post-Disruption
720,2023-01-06,3,2,101,6261,3018,8,61802,17565.5,Pre-Disruption
721,2024-04-12,1,1,103,8546,2862,5,19612,22492.0,During-Disruption
722,2023-03-16,1,4,101,8655,2791,7,73057,22942.5,Pre-Disruption
723,2023-01-04,2,3,102,11790,4330,14,49047,30392.0,Pre-Disruption
724,2024-10-07,1,2,104,8617,2861,6,27941,23114.5,During-Disruption
725,2023-04-28,1,1,103,8538,2558,5,81451,22929.0,Pre-Disruption
726,2025-05-30,1,4,102,8576,2325,7,25155,23277.0,Post-Disruption
727,2024-05-18,1,3,102,8690,2488,7,78478,23232.0,During-Disruption
728,2025-08-04,3,1,104,6175,3452,7,54923,16082.5,Post-Disruption
729,2024-07-27,2,3,104,11756,4439,14,65456,30591.0,During-Disruption
730,2023-07-13,1,2,104,8427,2774,5,29504,22596.5,Pre-Disruption
731,2025-04-26,1,2,103,8549,2540,5,63493,23100.5,Post-Disruption
732,2024-12-15,1,1,101,8598,2403,6,59414,22857.0,During-Disruption
733,2025-11-15,2,1,103,11863,4178,15,32640,31430.5,Post-Disruption
734,2023-06-22,1,1,104,8581,2545,4,64179,23320.5,Pre-Disruption
735,2023-11-22,3,1,103,6339,3004,6,70339,16778.5,During-Disruption
736,2025-04-15,1,2,104,8641,2512,5,45292,22445.5,Post-Disruption
737,2024-12-24,1,4,101,8465,2285,7,77250,22279.5,During-Disruption
738,2023-08-13,3,4,103,6270,3340,8,35359,16953.0,Pre-Disruption
739,2024-06-15,3,2,101,6232,3379,9,49164,17520.0,During-Disruption
740,2023-04-23,1,2,101,8480,2527,5,48835,22232.0,Pre-Disruption
741,2023-05-20,3,1,104,6264,3150,9,60842,16646.0,Pre-Disruption
742,2024-07-12,2,2,103,11762,4481,15,29139,29959.0,During-Disruption
743,2023-01-01,3,1,103,6150,2903,8,84319,16051.0,Pre-Disruption
744,2023-03-31,2,1,101,11771,4183,12,40498,30810.5,Pre-Disruption
745,2024-10-15,2,2,104,11742,4692,15,60254,30322.0,During-Disruption
746,2023-11-16,4,1,101,1615,1899,4,73488,5031.5,During-Disruption
747,2023-05-19,1,1,101,8590,2727,4,23090,22962.0,Pre-Disruption
748,2025-04-24,2,3,101,11857,4605,15,22181,31283.5,Post-Disruption
749,2023-09-16,2,1,101,11789,4155,15,70871,31384.5,Pre-Disruption
750,2025-06-20,1,1,103,8503,2633,7,60787,23198.5,Post-Disruption
751,2024-11-20,1,1,102,8450,2556,4,70959,21826.0,During-Disruption
752,2023-01-10,1,1,103,8653,2727,5,84555,22995.5,Pre-Disruption
753,2023-09-18,2,1,104,11806,4040,12,35672,30973.0,Pre-Disruption
754,2023-06-21,2,3,102,11993,4648,12,74835,31650.5,Pre-Disruption
755,2025-06-16,2,1,101,11935,4257,13,77521,30517.5,Post-Disruption
756,2023-01-13,1,3,103,8504,2565,6,68204,21795.0,Pre-Disruption
757,2023-11-17,2,1,102,11954,4554,12,20084,31444.0,During-Disruption
758,2023-11-25,4,1,101,1419,1665,4,23489,5467.5,During-Disruption
759,2025-02-23,1,2,103,8471,2407,6,23704,22208.5,Post-Disruption
760,2025-02-15,2,2,102,11816,4244,14,65060,31293.0,Post-Disruption
761,2025-06-29,3,2,103,6229,3142,7,17253,17306.5,Post-Disruption
762,2023-11-14,3,4,102,6219,3488,8,66177,16516.5,During-Disruption
763,2023-08-24,2,1,104,11912,4380,15,60503,31309.0,Pre-Disruption
764,2023-11-30,3,1,103,6328,3122,8,48587,16778.0,During-Disruption
765,2024-01-11,1,4,103,8582,2220,7,34948,23372.0,During-Disruption
766,2024-08-10,3,1,102,6233,3046,7,72454,16240.5,During-Disruption
767,2024-05-27,1,1,104,8630,2567,6,74987,23244.0,During-Disruption
768,2025-07-06,1,1,103,8645,2512,4,76803,22463.5,Post-Disruption
769,2025-05-22,1,2,104,8651,2788,5,81202,23000.5,Post-Disruption
770,2023-09-27,3,1,104,6324,3215,7,49913,17380.0,Pre-Disruption
771,2025-03-08,2,1,103,11856,4402,15,69268,30249.0,Post-Disruption
772,2024-12-25,1,1,101,8518,2647,5,35029,22770.0,During-Disruption
773,2023-01-05,1,2,102,8493,2746,4,15258,22218.5,Pre-Disruption
774,2025-04-30,4,1,103,1627,1725,3,25320,4783.5,Post-Disruption
775,2023-03-19,3,1,104,6285,3395,8,59925,16315.5,Pre-Disruption
776,2024-07-27,2,2,102,11884,4598,14,51301,30889.0,During-Disruption
777,2023-05-12,2,4,103,11979,4699,15,60914,31809.5,Pre-Disruption
778,2024-08-23,2,2,102,11929,4044,12,28406,31628.5,During-Disruption
779,2025-12-01,1,3,102,8664,2530,7,63414,23211.0,Post-Disruption
780,2023-03-30,4,1,104,1557,1671,3,77143,5157.5,Pre-Disruption
781,2024-02-06,1,1,101,8476,2297,6,76097,22633.0,During-Disruption
782,2023-10-23,2,1,101,11781,4270,12,20689,31397.5,Pre-Disruption
783,2024-09-07,1,3,102,8580,2606,7,80183,22761.0,During-Disruption
784,2025-03-10,2,1,104,11895,4443,12,46194,30741.5,Post-Disruption
785,2024-02-26,2,3,104,11759,4090,14,49642,31174.5,During-Disruption
786,2025-11-12,2,4,103,11850,4653,12,81492,31025.0,Post-Disruption
787,2024-07-28,1,1,102,8460,2316,4,52257,22913.0,During-Disruption
788,2023-05-23,2,1,103,11834,4513,15,69415,30325.0,Pre-Disruption
789,2025-09-19,1,1,104,8438,2242,7,69174,21796.0,Post-Disruption
790,2024-10-26,1,1,102,8652,2270,4,17057,23288.0,During-Disruption
791,2023-05-25,1,1,101,8505,2343,5,33761,23258.5,Pre-Disruption
792,2025-10-03,3,4,101,6332,3241,7,75339,16755.0,Post-Disruption
793,2024-05-17,2,1,103,11869,4106,15,73303,30525.5,During-Disruption
794,2025-03-31,2,1,102,11916,4385,14,31647,30656.0,Post-Disruption
795,2023-04-14,3,1,104,6113,3355,8,81013,15866.5,Pre-Disruption
796,2025-11-28,2,4,103,11715,4293,15,56315,30967.5,Post-Disruption
797,2023-07-17,2,2,101,11918,4175,15,44742,30631.0,Pre-Disruption
798,2024-08-01,1,4,104,8568,2306,4,39638,23134.0,During-Disruption
799,2024-01-26,1,4,102,8413,2285,6,44607,22463.5,During-Disruption
800,2024-07-07,2,1,101,11942,4509,13,51940,31290.0,During-Disruption
801,2025-11-04,2,1,104,11707,4226,15,77072,29787.5,Post-Disruption
802,2024-04-22,3,1,101,6382,3493,9,33444,17110.0,During-Disruption
803,2025-07-11,3,1,102,6210,3228,8,46109,16516.0,Post-Disruption
804,2024-02-24,1,3,103,8439,2440,6,33098,22757.5,During-Disruption
805,2023-06-06,1,1,104,8467,2201,5,29139,22926.5,Pre-Disruption
806,2024-07-03,2,1,104,11822,4250,15,72811,31081.0,During-Disruption
807,2025-10-17,1,2,102,8565,2241,5,75095,21934.5,Post-Disruption
808,2025-09-23,1,2,101,8602,2625,4,43060,22145.0,Post-Disruption
809,2025-08-08,3,2,101,6227,2980,6,55269,17128.5,Post-Disruption
810,2023-10-16,1,1,101,8551,2687,7,29523,23062.5,Pre-Disruption
811,2023-07-15,4,3,104,1545,1861,1,82279,4583.5,Pre-Disruption
812,2024-08-20,3,2,104,6148,3294,8,42653,16612.0,During-Disruption
813,2024-05-31,3,1,101,6102,3147,8,70909,17188.0,During-Disruption
814,2025-05-14,1,3,104,8650,2529,6,53300,22144.0,Post-Disruption
815,2025-03-16,1,4,103,8476,2747,5,31663,22815.0,Post-Disruption
816,2025-03-25,2,1,102,11919,4614,14,38828,31201.5,Post-Disruption
817,2023-08-16,1,1,102,8627,2297,5,79829,23397.5,Pre-Disruption
818,2023-08-04,1,1,104,8517,2344,7,39922,22872.5,Pre-Disruption
819,2025-08-05,1,1,103,8666,2326,7,32780,22842.0,Post-Disruption
820,2023-01-15,1,4,103,8634,2503,6,26573,23248.0,Pre-Disruption
821,2023-02-16,1,1,101,8567,2778,6,27458,23414.5,Pre-Disruption
822,2023-11-20,3,3,102,6359,3278,9,83309,16513.5,During-Disruption
823,2025-04-23,1,2,102,8592,2346,5,37407,23141.0,Post-Disruption
824,2023-05-10,1,2,102,8583,2280,5,18734,22277.5,Pre-Disruption
825,2023-04-05,2,1,104,11709,4241,13,25479,30039.5,Pre-Disruption
826,2024-09-18,4,1,103,1540,2176,1,26896,4785.0,During-Disruption
827,2025-01-24,1,1,101,8421,2782,4,32191,22317.5,Post-Disruption
828,2025-03-04,1,1,104,8592,2747,6,63971,23054.0,Post-Disruption
829,2023-03-10,2,1,101,11791,4066,14,56035,30958.5,Pre-Disruption
830,2023-01-11,4,3,104,1496,2194,4,64887,4559.0,Pre-Disruption
831,2025-05-21,3,1,102,6240,3581,8,58845,16831.0,Post-Disruption
832,2024-07-03,2,3,101,11956,4474,15,37844,31751.0,During-Disruption
833,2024-12-12,1,1,103,8437,2778,4,68951,22336.5,During-Disruption
834,2023-01-23,2,3,103,11946,4609,14,68413,30388.0,Pre-Disruption
835,2025-03-25,1,4,104,8655,2632,5,37865,23442.5,Post-Disruption
836,2023-12-12,2,1,102,11997,4301,15,61734,31551.5,During-Disruption
837,2023-10-29,3,4,104,6184,3274,7,51585,16834.0,Pre-Disruption
838,2023-12-29,4,2,101,1436,2174,1,36528,4913.0,During-Disruption
839,2024-01-31,1,3,103,8584,2277,5,56731,22679.0,During-Disruption
840,2023-08-06,1,2,103,8497,2229,5,47273,22567.5,Pre-Disruption
841,2023-05-21,2,1,103,11729,4351,14,44303,30365.5,Pre-Disruption
842,2025-08-15,3,1,103,6290,3014,7,43243,16482.0,Post-Disruption
843,2025-09-11,3,1,101,6378,3231,7,46444,17806.0,Post-Disruption
844,2025-09-19,1,2,103,8600,2704,4,44000,22176.0,Post-Disruption
845,2025-04-07,1,4,104,8588,2353,5,66776,23423.0,Post-Disruption
846,2024-11-13,2,3,103,11957,4534,15,39270,30986.5,During-Disruption
847,2025-09-30,1,1,101,8554,2568,5,69359,22774.0,Post-Disruption
848,2023-12-22,3,3,102,6327,3559,9,80441,16584.5,During-Disruption
849,2025-10-04,2,3,102,11704,4357,14,83843,30476.0,Post-Disruption
850,2025-06-06,3,1,103,6228,3201,9,56142,16516.0,Post-Disruption
851,2023-05-07,2,1,102,11773,4670,15,30325,30606.5,Pre-Disruption
852,2025-10-05,3,1,101,6123,3350,8,33152,16046.5,Post-Disruption
853,2024-08-26,1,4,103,8678,2506,6,52049,22311.0,During-Disruption
854,2025-10-10,3,3,101,6305,3578,6,56048,17691.5,Post-Disruption
855,2023-02-20,1,1,102,8545,2262,7,75406,22127.5,Pre-Disruption
856,2025-11-18,2,1,102,11788,4275,14,31469,31299.0,Post-Disruption
857,2025-02-17,1,3,103,8421,2710,5,18687,22994.5,Post-Disruption
858,2025-03-24,2,4,102,11999,4534,12,30981,31152.5,Post-Disruption
859,2024-02-24,1,3,103,8443,2586,5,47887,22410.5,During-Disruption
860,2025-09-09,1,2,103,8436,2657,5,75471,22176.0,Post-Disruption
861,2025-04-04,4,1,104,1406,2007,3,65063,5055.0,Post-Disruption
862,2025-10-21,1,2,104,8679,2585,4,83901,22208.5,Post-Disruption
863,2024-07-20,3,1,104,6268,3289,6,46427,16684.0,During-Disruption
864,2024-01-06,4,3,101,1469,1828,3,74986,5054.5,During-Disruption
865,2025-07-24,1,1,102,8612,2426,7,81270,22614.0,Post-Disruption
866,2024-10-22,2,3,102,11770,4326,12,38498,30007.0,During-Disruption
867,2025-08-26,1,1,104,8606,2534,5,80588,22397.0,Post-Disruption
868,2023-07-21,1,3,103,8471,2476,7,74079,22302.5,Pre-Disruption
869,2023-11-09,2,1,103,11879,4229,12,29018,30280.5,During-Disruption
870,2023-04-27,4,1,103,1607,1756,2,51764,5500.5,Pre-Disruption
871,2025-07-25,1,2,103,8576,2212,4,52736,22452.0,Post-Disruption
872,2024-07-28,2,1,101,11894,4502,12,47276,30406.0,During-Disruption
873,2023-09-01,2,4,102,11938,4196,14,26061,30835.0,Pre-Disruption
874,2024-06-20,3,2,104,6253,3522,8,28555,16397.5,During-Disruption
875,2023-03-16,1,2,101,8553,2814,7,77316,23364.5,Pre-Disruption
876,2024-01-21,2,3,102,11729,4102,12,23904,30853.5,During-Disruption
877,2024-04-19,2,4,101,11726,4169,15,21127,29959.0,During-Disruption
878,2024-02-22,2,2,103,11939,4108,13,44335,31505.5,During-Disruption
879,2023-12-13,4,4,101,1642,1975,3,22280,5241.0,During-Disruption
880,2024-10-01,3,1,101,6231,3025,8,77341,16907.5,During-Disruption
881,2025-07-27,1,1,103,8578,2584,7,73010,22807.0,Post-Disruption
882,2025-08-12,2,2,103,11797,4147,15,75846,31436.5,Post-Disruption
883,2025-05-25,1,1,104,8636,2882,6,25209,22157.0,Post-Disruption
884,2025-02-01,1,1,104,8537,2200,7,35653,23119.5,Post-Disruption
885,2024-10-25,2,1,102,11817,4551,12,78834,30816.5,During-Disruption
886,2023-01-25,1,1,104,8505,2206,5,76090,22161.5,Pre-Disruption
887,2024-12-10,2,3,104,11735,4162,15,21328,31216.5,During-Disruption
888,2023-06-26,4,2,102,1445,2035,2,79796,4893.5,Pre-Disruption
889,2023-10-12,1,4,101,8503,2633,4,25552,22006.5,Pre-Disruption
890,2023-03-04,4,3,101,1469,1924,2,65373,5359.5,Pre-Disruption
891,2025-09-29,2,1,101,11906,4156,14,23100,31149.0,Post-Disruption
892,2024-10-23,2,1,103,11920,4113,13,71845,31590.0,During-Disruption
893,2024-10-27,3,1,102,6188,3011,9,77658,16353.0,During-Disruption
894,2023-06-05,1,3,101,8402,2654,7,51271,22913.0,Pre-Disruption
895,2025-12-08,2,1,104,11997,4072,14,41606,31780.5,Post-Disruption
896,2025-08-24,2,1,104,11930,4192,14,78598,30861.0,Post-Disruption
897,2025-04-28,1,4,104,8517,2674,4,42302,22574.5,Post-Disruption
898,2024-11-19,4,2,102,1513,1872,3,38140,4851.5,During-Disruption
899,2023-05-28,3,1,102,6301,2993,7,50247,16275.5,Pre-Disruption
900,2023-12-08,1,1,104,8429,2881,5,53555,22967.5,During-Disruption
901,2024-04-20,1,4,103,8646,2867,5,26029,23081.0,During-Disruption
902,2025-12-22,2,4,103,11780,4514,13,30814,31100.0,Post-Disruption
903,2024-07-14,1,1,101,8645,2419,5,47383,23309.5,During-Disruption
904,2023-11-23,2,1,101,11883,4004,14,44023,30224.5,During-Disruption
905,2025-09-16,1,3,101,8672,2393,4,29458,23654.0,Post-Disruption
906,2023-08-03,2,3,101,11732,4053,12,21991,30916.0,Pre-Disruption
907,2024-03-10,1,3,101,8501,2408,7,59323,22927.5,During-Disruption
908,2025-08-09,1,2,102,8676,2787,5,24153,22663.0,Post-Disruption
909,2024-12-23,2,4,102,11810,4496,14,35816,30774.0,During-Disruption
910,2023-02-01,2,1,103,11905,4629,15,35272,31293.5,Pre-Disruption
911,2024-10-31,4,1,103,1665,2054,1,37806,4885.5,During-Disruption
912,2023-10-12,3,3,102,6314,2979,7,44540,16484.0,Pre-Disruption
913,2024-03-04,1,2,103,8502,2898,6,71550,21887.0,During-Disruption
914,2023-10-13,1,4,104,8694,2207,4,61747,23082.0,Pre-Disruption
915,2025-11-08,3,1,103,6177,2990,8,51972,16480.5,Post-Disruption
916,2023-01-18,4,3,104,1574,1945,2,49664,4816.0,Pre-Disruption
917,2025-02-07,3,1,104,6151,3250,8,81685,17091.5,Post-Disruption
918,2024-08-12,1,2,101,8696,2409,4,46299,22470.0,During-Disruption
919,2025-10-06,4,1,103,1574,1857,1,84364,5139.0,Post-Disruption
920,2023-07-13,1,2,104,8598,2240,7,54238,22569.0,Pre-Disruption
921,2024-05-16,3,3,103,6187,3595,8,36770,16867.5,During-Disruption
922,2025-09-14,4,1,103,1570,1903,4,39039,5771.0,Post-Disruption
923,2023-04-24,1,1,102,8436,2440,4,21791,21641.0,Pre-Disruption
924,2025-08-04,4,2,102,1522,2217,4,83883,4641.0,Post-Disruption
925,2025-04-10,1,3,101,8600,2733,7,60117,22992.0,Post-Disruption
926,2025-07-13,4,1,103,1463,1844,3,18146,4751.5,Post-Disruption
927,2023-02-24,1,1,102,8587,2790,6,59657,22299.5,Pre-Disruption
928,2025-03-10,4,1,104,1614,1903,4,43373,5993.0,Post-Disruption
929,2025-02-16,1,4,104,8642,2734,5,74875,22787.0,Post-Disruption
930,2023-06-11,3,1,101,6249,3010,7,69981,16816.5,Pre-Disruption
931,2023-03-28,2,1,104,11823,4129,14,39574,30530.5,Pre-Disruption
932,2023-02-24,2,3,103,11897,4361,12,53055,31050.5,Pre-Disruption
933,2025-10-28,1,2,104,8435,2459,5,82685,22389.5,Post-Disruption
934,2025-04-12,3,1,101,6377,3565,6,34440,17161.5,Post-Disruption
935,2023-11-09,1,4,101,8434,2730,6,29354,22409.0,During-Disruption
936,2025-01-28,2,2,104,11812,4560,12,74757,31461.0,Post-Disruption
937,2024-03-18,1,2,103,8574,2785,7,30718,22732.0,During-Disruption
938,2023-11-24,4,1,102,1432,1813,1,60936,4458.0,During-Disruption
939,2025-12-13,1,4,103,8612,2252,6,17196,22793.0,Post-Disruption
940,2025-01-30,1,1,103,8602,2389,5,72840,22725.0,Post-Disruption
941,2024-08-01,1,1,103,8653,2840,7,32133,22336.5,During-Disruption
942,2025-12-10,2,1,104,11755,4490,13,68254,30244.5,Post-Disruption
943,2025-10-03,1,3,102,8412,2343,4,70253,21778.0,Post-Disruption
944,2023-04-06,2,2,103,11749,4179,14,48814,30774.5,Pre-Disruption
945,2025-03-24,3,2,102,6347,3418,8,37617,17271.5,Post-Disruption
946,2024-05-05,3,1,101,6332,2967,7,18601,17502.0,During-Disruption
947,2024-03-27,2,2,102,11727,4654,15,70156,30486.5,During-Disruption
948,2023-06-14,1,3,104,8503,2307,6,77529,22369.5,Pre-Disruption
949,2023-07-01,2,1,101,11795,4184,14,25292,30776.5,Pre-Disruption
950,2024-04-13,1,3,101,8592,2350,4,19799,22922.0,During-Disruption
951,2025-06-28,3,1,103,6224,3489,9,32432,17401.0,Post-Disruption
952,2025-01-04,1,3,102,8480,2674,7,64913,22210.0,Post-Disruption
953,2025-04-02,2,1,101,11706,4101,12,67774,30051.0,Post-Disruption
954,2025-08-01,1,2,101,8482,2338,5,49169,22092.0,Post-Disruption
955,2023-01-07,3,4,102,6123,3287,7,30211,16584.5,Pre-Disruption
956,2023-11-26,1,4,102,8513,2897,4,63503,22515.5,During-Disruption
957,2025-02-13,2,1,101,11714,4679,14,18148,30785.0,Post-Disruption
958,2023-05-31,1,1,101,8512,2688,6,83542,22682.0,Pre-Disruption
959,2023-05-27,3,1,102,6349,2957,6,57959,16514.5,Pre-Disruption
960,2025-07-03,4,4,104,1544,2230,1,54596,5786.0,Post-Disruption
961,2024-11-30,2,2,102,11718,4087,12,39049,30380.0,During-Disruption
962,2023-03-23,2,1,104,11708,4121,12,48713,30960.0,Pre-Disruption
963,2024-05-28,4,1,101,1584,1843,3,66194,5023.0,During-Disruption
964,2025-03-25,2,4,103,11737,4066,15,55616,31245.5,Post-Disruption
965,2024-12-09,2,2,102,11910,4293,14,44312,31508.0,During-Disruption
966,2025-01-15,2,1,101,11833,4129,13,36575,30862.5,Post-Disruption
967,2025-10-19,2,1,101,11801,4039,12,52516,31069.5,Post-Disruption
968,2024-12-07,1,1,103,8548,2411,5,59005,22334.0,During-Disruption
969,2024-04-15,3,2,102,6192,2955,8,76842,16741.0,During-Disruption
970,2024-01-31,2,4,101,11989,4290,13,39062,31826.5,During-Disruption
971,2023-09-18,1,4,104,8539,2818,6,53013,22503.5,Pre-Disruption
972,2025-03-15,3,1,103,6394,3251,8,57488,17816.0,Post-Disruption
973,2025-07-22,1,3,104,8661,2321,5,38006,23002.5,Post-Disruption
974,2025-06-23,1,1,102,8480,2294,5,16033,21770.0,Post-Disruption
975,2025-12-12,2,1,104,11731,4427,15,77916,30741.5,Post-Disruption
976,2025-07-28,3,4,103,6287,3536,6,55309,17530.5,Post-Disruption
977,2025-05-03,3,1,101,6235,3348,9,26037,16307.5,Post-Disruption
978,2024-08-15,4,1,103,1565,2237,4,23927,5029.5,During-Disruption
979,2024-12-14,3,4,101,6246,3243,8,22232,16655.0,During-Disruption
980,2024-09-23,1,1,101,8644,2747,4,61121,22595.0,During-Disruption
981,2023-02-28,1,3,104,8582,2202,4,37941,23154.0,Pre-Disruption
982,2023-05-08,3,4,103,6108,2929,8,79420,16161.0,Pre-Disruption
983,2025-01-05,1,2,103,8555,2454,5,19123,22466.5,Post-Disruption
984,2024-12-21,2,1,101,11875,4044,12,83146,30278.5,During-Disruption
985,2024-06-09,2,1,103,11813,4176,12,27500,31363.5,During-Disruption
986,2024-06-04,1,1,102,8642,2421,7,51476,22691.0,During-Disruption
987,2024-07-05,4,1,102,1566,2224,3,42404,4752.0,During-Disruption
988,2023-08-25,2,3,104,11922,4121,15,80063,30362.0,Pre-Disruption
989,2024-05-08,2,1,104,11890,4274,13,60209,30285.0,During-Disruption
990,2023-01-04,4,1,103,1674,1911,4,34303,5108.0,Pre-Disruption
991,2024-10-27,2,2,104,11988,4417,13,15157,30742.0,During-Disruption
992,2024-03-17,1,2,103,8463,2528,4,30255,21882.5,During-Disruption
993,2023-01-29,2,4,104,11981,4102,14,58301,31812.5,Pre-Disruption
994,2024-09-01,3,1,102,6272,3587,9,45056,16903.0,During-Disruption
995,2025-03-15,3,3,101,6356,3181,9,18437,17772.0,Post-Disruption
996,2023-03-16,3,2,101,6302,3144,6,70748,17161.0,Pre-Disruption
997,2025-04-17,3,1,102,6176,3032,7,36101,17302.0,Post-Disruption
998,2023-05-08,1,1,101,8502,2870,4,58241,22618.0,Pre-Disruption
999,2023-02-11,3,1,103,6325,3240,8,69070,17149.5,Pre-Disruption
1000,2023-02-10,3,2,103,6325,2921,9,66791,16649.5,Pre-Disruption
1001,2025-07-22,1,1,102,8626,2813,4,15051,22441.0,Post-Disruption
1002,2023-02-03,1,4,102,8495,2349,5,65623,23029.5,Pre-Disruption
1003,2025-11-06,4,2,102,1475,2168,4,55751,4340.5,Post-Disruption
1004,2025-09-24,3,4,102,6132,3569,8,15329,16861.0,Post-Disruption
1005,2024-08-10,3,1,101,6181,3066,9,80317,16233.5,During-Disruption
1006,2023-12-08,3,1,101,6168,3244,8,63680,17341.0,During-Disruption
1007,2023-01-27,2,1,101,11918,4460,14,30157,31564.0,Pre-Disruption
1008,2024-10-07,2,1,103,11819,4259,14,39871,31204.5,During-Disruption
1009,2024-12-31,2,4,104,11747,4199,15,46518,31117.5,During-Disruption
1010,2023-06-17,1,1,103,8467,2204,6,32889,22724.5,Pre-Disruption
1011,2024-09-01,3,1,104,6184,3199,9,84410,17279.0,During-Disruption
1012,2023-09-25,2,1,102,11975,4602,12,44050,30911.5,Pre-Disruption
1013,2025-03-31,2,1,102,11955,4535,14,34831,31550.5,Post-Disruption
1014,2024-03-30,2,3,101,11904,4235,13,72911,30644.0,During-Disruption
1015,2025-06-24,2,2,101,11932,4539,15,84492,31638.0,Post-Disruption
1016,2025-07-10,1,3,104,8464,2351,6,75844,22892.0,Post-Disruption
1017,2025-09-07,1,1,104,8478,2445,5,54409,22800.0,Post-Disruption
1018,2024-12-02,1,4,101,8413,2204,7,35042,22988.5,During-Disruption
1019,2024-09-25,1,3,102,8568,2212,5,33925,23343.0,During-Disruption
1020,2023-05-10,4,1,101,1558,2166,2,25803,5773.0,Pre-Disruption
1021,2025-10-16,1,1,102,8515,2664,5,59227,22435.5,Post-Disruption
1022,2025-03-29,1,4,102,8591,2485,5,76238,22931.5,Post-Disruption
1023,2024-11-23,2,2,103,11882,4613,12,34593,30568.0,During-Disruption
1024,2025-03-04,2,3,103,11930,4338,13,25234,31643.0,Post-Disruption
1025,2023-01-29,1,1,104,8567,2413,5,36694,23362.5,Pre-Disruption
1026,2023-05-29,3,1,102,6114,3012,7,68918,16814.0,Pre-Disruption
1027,2023-01-11,3,3,101,6292,3237,6,82039,16822.0,Pre-Disruption
1028,2024-11-06,1,2,102,8632,2289,7,80713,22935.0,During-Disruption
1029,2023-07-06,1,2,104,8662,2675,6,63676,22740.0,Pre-Disruption
1030,2025-03-17,4,2,102,1453,1629,2,75063,5382.5,Post-Disruption
1031,2025-01-13,3,1,102,6279,3439,6,57704,16863.5,Post-Disruption
1032,2023-04-08,2,3,104,11703,4467,12,75664,31061.5,Pre-Disruption
1033,2023-02-24,1,4,102,8656,2587,4,46164,22845.0,Pre-Disruption
1034,2024-09-14,2,4,103,11939,4579,14,70009,31710.5,During-Disruption
1035,2024-10-25,2,1,104,11862,4356,12,20345,31585.0,During-Disruption
1036,2025-01-27,1,1,103,8537,2854,5,61087,22733.5,Post-Disruption
1037,2024-02-10,2,3,104,11928,4545,13,41575,30761.0,During-Disruption
1038,2023-03-10,2,2,102,11801,4458,13,21050,30738.5,Pre-Disruption
1039,2025-01-20,1,2,103,8592,2670,6,55956,22371.0,Post-Disruption
1040,2025-08-15,3,4,103,6129,3126,6,81270,16256.5,Post-Disruption
1041,2023-12-31,3,2,101,6394,3472,7,53236,16585.0,During-Disruption
1042,2024-04-26,1,2,103,8646,2390,5,61892,23386.0,During-Disruption
1043,2023-07-20,3,1,103,6320,2901,9,56507,17621.0,Pre-Disruption
1044,2023-06-03,1,1,102,8571,2317,7,63827,22916.5,Pre-Disruption
1045,2023-03-14,3,1,103,6259,3207,9,48079,17585.5,Pre-Disruption
1046,2024-12-13,1,4,103,8571,2763,5,56928,22031.5,During-Disruption
1047,2023-10-23,1,1,103,8462,2214,6,70103,21713.0,Pre-Disruption
1048,2025-11-06,2,1,102,11760,4423,13,65234,30109.0,Post-Disruption
1049,2023-03-02,2,3,104,11764,4478,12,58776,30004.0,Pre-Disruption
1050,2025-07-27,4,2,102,1568,1695,4,15720,5021.0,Post-Disruption
1051,2023-02-11,1,2,103,8480,2809,4,68496,23067.0,Pre-Disruption
1052,2023-01-25,1,1,104,8646,2254,7,74353,22165.0,Pre-Disruption
1053,2025-11-28,2,3,102,11967,4277,14,23012,31317.5,Post-Disruption
1054,2023-05-11,2,1,102,11957,4412,14,68305,30892.5,Pre-Disruption
1055,2023-04-18,1,1,104,8472,2444,6,59088,22394.0,Pre-Disruption
1056,2023-06-21,2,1,101,11887,4395,12,64224,30780.5,Pre-Disruption
1057,2023-04-12,3,1,103,6124,3370,8,63517,16973.0,Pre-Disruption
1058,2025-05-15,3,1,101,6327,2937,8,62956,17442.5,Post-Disruption
1059,2024-06-07,4,2,103,1517,2231,4,68232,5210.5,During-Disruption
1060,2023-10-02,1,1,103,8507,2339,4,70829,22910.5,Pre-Disruption
1061,2025-12-03,3,2,101,6341,3082,7,76492,16659.5,Post-Disruption
1062,2025-03-27,1,1,101,8498,2412,6,58576,22620.0,Post-Disruption
1063,2025-08-14,2,1,103,11721,4125,13,44565,30274.5,Post-Disruption
1064,2025-11-06,2,2,104,11755,4139,13,84734,31357.5,Post-Disruption
1065,2023-11-26,4,4,104,1548,2220,2,32202,4445.0,During-Disruption
1066,2023-01-12,3,4,101,6139,3378,7,65682,16489.5,Pre-Disruption
1067,2023-08-04,4,4,101,1549,2120,3,71504,4523.5,Pre-Disruption
1068,2023-12-05,3,2,102,6220,3362,8,32433,16640.0,During-Disruption
1069,2024-10-22,4,2,104,1659,1631,3,72368,5509.5,During-Disruption
1070,2024-01-09,3,2,104,6125,3134,6,48695,16302.5,During-Disruption
1071,2025-09-02,2,2,103,11811,4072,12,47007,30431.5,Post-Disruption
1072,2024-12-10,1,1,102,8422,2671,5,82381,21806.0,During-Disruption
1073,2024-04-10,1,2,103,8568,2847,7,42075,22294.0,During-Disruption
1074,2024-05-03,1,1,102,8663,2827,4,77635,23521.5,During-Disruption
1075,2023-02-16,2,1,104,11815,4667,13,46855,31179.5,Pre-Disruption
1076,2025-02-16,2,2,103,11930,4593,13,55924,31332.0,Post-Disruption
1077,2025-11-05,2,1,102,11888,4618,14,70585,30372.0,Post-Disruption
1078,2024-12-11,4,1,103,1656,1891,3,80674,5737.0,During-Disruption
1079,2024-02-05,4,1,102,1519,2228,1,53106,5006.5,During-Disruption
1080,2025-09-07,1,4,101,8685,2487,6,56457,23392.5,Post-Disruption
1081,2023-09-07,1,1,103,8672,2412,4,20371,23424.0,Pre-Disruption
1082,2024-01-26,2,1,101,11851,4166,14,33134,30300.5,During-Disruption
1083,2023-12-01,1,4,102,8485,2248,7,75068,21949.5,During-Disruption
1084,2024-09-20,3,1,103,6345,3120,8,65768,17125.5,During-Disruption
1085,2023-05-17,2,1,102,11992,4401,12,42443,31023.0,Pre-Disruption
1086,2025-06-01,2,1,102,11861,4288,13,75739,30647.5,Post-Disruption
1087,2024-11-18,3,1,101,6199,3078,6,71477,17161.5,During-Disruption
1088,2025-04-06,3,1,103,6284,3070,8,82245,16390.0,Post-Disruption
1089,2024-12-27,1,1,104,8675,2203,5,20262,23029.5,During-Disruption
1090,2024-08-16,3,1,102,6116,3235,8,53224,15887.0,During-Disruption
1091,2025-09-16,2,3,101,11959,4194,14,43768,30706.5,Post-Disruption
1092,2024-01-07,1,2,104,8644,2663,6,64604,22489.0,During-Disruption
1093,2025-07-23,1,2,101,8449,2756,5,30623,23017.5,Post-Disruption
1094,2025-09-21,2,1,101,11971,4466,14,81905,31863.5,Post-Disruption
1095,2024-02-06,1,1,101,8634,2543,7,79995,22775.0,During-Disruption
1096,2024-09-06,1,3,102,8471,2407,4,74287,22136.5,During-Disruption
1097,2025-09-21,2,1,104,11743,4626,15,82087,31057.5,Post-Disruption
1098,2024-09-11,3,4,102,6179,3402,9,64556,16809.5,During-Disruption
1099,2023-07-07,1,1,102,8685,2329,4,72865,23148.5,Pre-Disruption
1100,2023-05-11,1,3,103,8448,2871,4,77393,22089.0,Pre-Disruption
1101,2025-03-15,3,1,104,6197,2900,7,48385,16721.5,Post-Disruption
1102,2025-07-24,1,1,103,8424,2686,7,33448,22562.0,Post-Disruption
1103,2025-09-12,4,3,101,1613,2047,4,27491,4900.5,Post-Disruption
1104,2023-07-02,2,3,104,11755,4671,12,30366,30372.5,Pre-Disruption
1105,2025-09-09,1,1,104,8654,2522,6,45253,22691.0,Post-Disruption
1106,2023-12-30,1,4,102,8555,2223,7,67913,22856.5,During-Disruption
1107,2023-02-08,1,1,101,8560,2576,5,73878,23167.0,Pre-Disruption
1108,2024-05-11,1,1,102,8593,2355,6,56993,22108.5,During-Disruption
1109,2025-09-08,1,2,103,8403,2471,7,69031,22320.5,Post-Disruption
1110,2025-07-09,2,3,101,11967,4092,14,49560,31552.5,Post-Disruption
1111,2024-12-22,1,4,102,8435,2723,7,43296,22565.5,During-Disruption
1112,2023-01-16,2,1,102,11715,4120,14,82772,31252.5,Pre-Disruption
1113,2024-05-07,2,1,102,11836,4451,15,22599,30360.0,During-Disruption
1114,2025-06-12,1,2,101,8477,2801,4,70439,23029.5,Post-Disruption
1115,2023-11-07,1,1,103,8472,2786,4,80249,22342.0,During-Disruption
1116,2025-01-08,1,1,104,8644,2521,5,25525,23540.0,Post-Disruption
1117,2024-06-29,1,1,102,8627,2230,7,39903,23327.5,During-Disruption
1118,2024-02-18,3,1,101,6294,3333,7,50696,16396.0,During-Disruption
1119,2023-09-08,1,1,104,8645,2800,4,28802,23516.5,Pre-Disruption
1120,2025-01-28,3,1,102,6188,3509,9,77511,16778.0,Post-Disruption
1121,2025-11-28,2,3,101,11959,4128,12,40350,31881.5,Post-Disruption
1122,2025-03-24,2,2,103,11985,4452,14,38477,31798.5,Post-Disruption
1123,2023-01-29,2,1,102,11838,4435,12,73624,31399.0,Pre-Disruption
1124,2025-08-15,3,1,101,6150,3506,8,81591,16824.0,Post-Disruption
1125,2024-04-21,1,1,102,8546,2875,4,42790,22420.0,During-Disruption
1126,2023-11-14,1,1,101,8641,2706,6,34409,22833.5,During-Disruption
1127,2023-09-02,2,2,103,11931,4651,12,19284,31491.5,Pre-Disruption
1128,2025-01-17,1,4,103,8426,2516,4,40420,22642.0,Post-Disruption
1129,2024-11-27,2,2,101,11907,4463,15,54351,30786.5,During-Disruption
1130,2023-09-29,2,2,104,11837,4327,15,74425,30575.5,Pre-Disruption
1131,2024-01-12,2,1,103,11854,4108,15,80171,30305.0,During-Disruption
1132,2023-09-23,2,1,102,11706,4525,13,47885,30140.0,Pre-Disruption
1133,2025-07-14,2,4,103,11814,4474,13,29359,30744.0,Post-Disruption
1134,2025-07-09,3,4,102,6191,3291,8,61834,17077.5,Post-Disruption
1135,2023-12-06,3,1,103,6181,3572,7,26227,16803.5,During-Disruption
1136,2024-01-24,2,1,103,11712,4643,13,74391,30986.0,During-Disruption
1137,2024-07-30,2,3,102,11771,4112,12,74520,29931.5,During-Disruption
1138,2023-01-03,3,1,103,6190,3185,8,55568,16545.0,Pre-Disruption
1139,2024-01-11,2,3,102,11887,4605,13,78940,31477.5,During-Disruption
1140,2023-11-20,2,3,102,11804,4346,15,75524,31052.0,During-Disruption
1141,2023-05-26,3,1,103,6399,3500,9,82136,16561.5,Pre-Disruption
1142,2023-10-20,2,4,103,11783,4645,13,42711,31302.5,Pre-Disruption
1143,2024-03-07,1,4,102,8427,2460,4,44704,21802.5,During-Disruption
1144,2024-12-05,3,4,101,6378,3206,9,20949,17110.0,During-Disruption
1145,2025-08-06,1,1,103,8411,2233,7,42817,21815.5,Post-Disruption
1146,2024-08-07,3,1,104,6249,3068,6,63303,16357.5,During-Disruption
1147,2024-02-03,3,2,103,6125,3244,9,59829,16560.5,During-Disruption
1148,2025-03-27,4,1,101,1613,1745,1,55086,4953.5,Post-Disruption
1149,2025-08-21,1,1,101,8639,2731,6,41726,22487.5,Post-Disruption
1150,2023-07-06,2,1,103,11921,4618,12,26224,31034.5,Pre-Disruption
1151,2023-03-02,2,2,103,11767,4647,14,76976,30672.5,Pre-Disruption
1152,2025-07-27,1,1,104,8661,2737,4,31024,23180.5,Post-Disruption
1153,2024-12-10,1,1,103,8510,2445,5,58627,22935.0,During-Disruption
1154,2025-03-17,2,1,101,11829,4340,15,72994,31492.5,Post-Disruption
1155,2023-01-11,2,3,104,11858,4666,14,69495,30894.0,Pre-Disruption
1156,2025-12-21,1,2,103,8679,2753,7,63495,23132.5,Post-Disruption
1157,2023-08-14,2,1,104,11990,4689,12,44399,31546.0,Pre-Disruption
1158,2024-07-17,3,4,104,6130,2980,6,66305,16382.0,During-Disruption
1159,2025-02-10,3,1,101,6188,3588,9,50783,17057.0,Post-Disruption
1160,2025-06-03,4,2,101,1517,1790,2,42511,4995.5,Post-Disruption
1161,2023-08-14,2,3,102,11829,4282,13,71996,30612.5,Pre-Disruption
1162,2025-04-04,4,3,101,1606,2211,4,18081,5557.0,Post-Disruption
1163,2023-08-06,3,1,102,6158,3388,7,55192,17094.0,Pre-Disruption
1164,2025-07-25,1,4,101,8495,2234,4,29060,22481.5,Post-Disruption
1165,2025-01-22,1,4,101,8645,2493,7,25966,22871.5,Post-Disruption
1166,2024-05-20,2,2,102,11844,4041,15,63982,30327.0,During-Disruption
1167,2023-09-16,2,1,102,11824,4169,15,31132,30367.0,Pre-Disruption
1168,2023-02-23,2,1,102,11721,4568,15,30221,31280.5,Pre-Disruption
1169,2025-12-06,2,2,104,11984,4565,13,30732,31507.0,Post-Disruption
1170,2024-12-27,3,1,102,6306,3293,7,76929,16547.0,During-Disruption
1171,2024-11-19,2,3,104,11957,4187,14,38654,31786.5,During-Disruption
1172,2025-11-09,1,1,104,8697,2495,6,36203,23384.5,Post-Disruption
1173,2024-02-23,3,2,102,6151,3284,8,31220,16125.5,During-Disruption
1174,2024-11-20,1,1,102,8437,2797,4,70072,21653.5,During-Disruption
1175,2025-04-29,4,1,102,1552,1663,3,65360,5400.0,Post-Disruption
1176,2023-03-03,1,1,101,8615,2280,7,76018,23460.5,Pre-Disruption
1177,2023-08-04,4,1,101,1622,1784,1,65552,5718.0,Pre-Disruption
1178,2023-01-03,1,2,102,8542,2660,5,19206,22406.0,Pre-Disruption
1179,2023-06-09,1,3,103,8504,2544,4,56281,23001.0,Pre-Disruption
1180,2025-02-19,1,2,102,8409,2737,4,59671,22555.5,Post-Disruption
1181,2025-06-11,3,2,103,6341,3137,9,19858,17311.5,Post-Disruption
1182,2023-11-25,3,2,101,6213,3195,7,72027,16598.5,During-Disruption
1183,2024-08-02,2,1,101,11932,4486,14,25006,31176.0,During-Disruption
1184,2025-08-09,4,1,103,1468,1968,3,40312,5177.0,Post-Disruption
1185,2024-09-26,2,1,101,11743,4298,14,16180,30969.5,During-Disruption
1186,2025-09-14,2,3,102,11868,4089,13,54607,30643.0,Post-Disruption
1187,2025-07-09,3,1,103,6310,3339,6,65574,17551.0,Post-Disruption
1188,2025-01-07,1,1,103,8675,2728,7,77990,23593.5,Post-Disruption
1189,2023-06-19,1,2,104,8506,2287,5,27279,22811.0,Pre-Disruption
1190,2024-06-04,4,4,101,1566,1623,4,71682,4975.0,During-Disruption
1191,2023-02-09,4,2,103,1604,1931,2,72786,4871.0,Pre-Disruption
1192,2025-08-12,4,3,103,1518,1657,2,84042,5066.0,Post-Disruption
1193,2025-09-10,4,2,103,1508,2063,2,71951,5678.0,Post-Disruption
1194,2025-09-01,1,1,101,8638,2388,4,38892,23055.0,Post-Disruption
1195,2023-02-07,3,3,103,6107,3363,9,23439,16445.5,Pre-Disruption
1196,2023-11-24,2,3,103,11742,4221,14,34362,31265.0,During-Disruption
1197,2025-07-02,4,1,102,1696,1952,4,41741,6003.0,Post-Disruption
1198,2024-03-29,2,1,102,11831,4050,14,35571,31415.5,During-Disruption
1199,2023-02-06,2,1,104,11905,4087,15,77900,30885.5,Pre-Disruption
1200,2025-08-30,2,1,103,11979,4221,13,36327,30653.5,Post-Disruption
1201,2025-03-06,1,4,101,8638,2687,4,32931,22853.0,Post-Disruption
1202,2025-08-30,1,1,104,8676,2366,5,45235,23448.0,Post-Disruption
1203,2024-08-15,3,1,104,6145,3000,6,33374,16135.5,During-Disruption
1204,2025-11-29,3,4,104,6297,3323,7,74168,17414.5,Post-Disruption
1205,2023-08-12,1,2,103,8520,2724,6,46703,22367.0,Pre-Disruption
1206,2023-11-14,3,2,104,6399,3046,8,83682,17188.5,During-Disruption
1207,2023-12-15,2,4,101,11919,4261,13,16746,31601.5,During-Disruption
1208,2023-04-25,2,1,102,11988,4145,15,34144,30629.0,Pre-Disruption
1209,2024-11-28,1,2,102,8493,2687,6,43876,22825.5,During-Disruption
1210,2025-11-29,3,1,103,6391,3420,7,21961,17840.5,Post-Disruption
1211,2023-02-09,3,1,101,6252,2980,6,40401,17394.0,Pre-Disruption
1212,2023-08-04,2,1,101,11712,4579,12,44977,30704.0,Pre-Disruption
1213,2023-12-02,2,1,101,11906,4125,12,64174,30973.0,During-Disruption
1214,2023-04-02,1,4,103,8654,2761,4,43804,22297.0,Pre-Disruption
1215,2023-12-19,2,4,101,11857,4581,15,55550,31248.5,During-Disruption
1216,2024-07-24,1,4,102,8669,2338,7,49397,23655.5,During-Disruption
1217,2025-03-26,1,1,101,8467,2881,7,65677,22851.5,Post-Disruption
1218,2025-02-19,2,4,101,11956,4601,13,54353,30629.0,Post-Disruption
1219,2023-12-29,4,2,103,1588,1738,3,75586,4955.0,During-Disruption
1220,2024-07-10,2,1,104,11702,4071,12,29191,30425.0,During-Disruption
1221,2023-12-22,1,3,104,8636,2444,6,60021,23316.0,During-Disruption
1222,2023-07-10,2,1,103,11831,4578,13,30290,30500.5,Pre-Disruption
1223,2024-02-26,3,1,103,6270,3541,8,32004,17192.0,During-Disruption
1224,2024-11-30,3,3,103,6369,3109,8,19651,17642.5,During-Disruption
1225,2023-01-07,3,2,103,6188,3093,8,81251,17035.0,Pre-Disruption
1226,2023-05-13,2,1,101,11802,4537,15,23297,30218.0,Pre-Disruption
1227,2024-07-10,3,2,101,6224,3231,7,75313,16743.0,During-Disruption
1228,2025-04-05,1,4,104,8466,2710,5,39172,21917.0,Post-Disruption
1229,2025-01-30,1,2,103,8662,2492,5,54467,22171.0,Post-Disruption
1230,2025-11-20,1,1,103,8407,2235,6,58098,21632.5,Post-Disruption
1231,2024-06-18,2,1,101,11743,4527,15,83079,31084.5,During-Disruption
1232,2024-03-01,4,1,103,1534,1677,1,18152,5027.0,During-Disruption
1233,2024-11-02,3,4,102,6347,2920,9,64848,17178.5,During-Disruption
1234,2023-12-29,1,1,101,8424,2846,4,23598,22354.0,During-Disruption
1235,2023-03-23,1,1,102,8595,2444,6,59528,22137.5,Pre-Disruption
1236,2023-12-22,1,1,101,8591,2594,7,52953,22222.5,During-Disruption
1237,2024-08-11,1,4,101,8521,2895,7,59279,22883.5,During-Disruption
1238,2023-10-22,2,2,101,11959,4683,12,48283,31105.5,Pre-Disruption
1239,2025-12-05,4,2,104,1446,1653,1,38647,4621.0,Post-Disruption
1240,2023-01-17,4,1,104,1608,1692,3,82281,4760.0,Pre-Disruption
1241,2023-12-26,2,1,101,11788,4292,15,76675,31085.0,During-Disruption
1242,2025-05-15,3,4,101,6102,3275,9,49952,17176.0,Post-Disruption
1243,2024-11-30,2,4,101,11844,4175,15,51196,30501.0,During-Disruption
1244,2024-03-23,1,4,101,8421,2389,5,81607,21597.5,During-Disruption
1245,2025-05-05,2,4,103,11738,4191,12,16187,29999.0,Post-Disruption
1246,2023-12-31,2,3,103,11994,4615,15,27561,31578.0,During-Disruption
1247,2024-11-05,3,2,103,6206,2967,7,17549,16525.0,During-Disruption
1248,2025-10-04,1,3,104,8499,2523,7,73840,22028.5,Post-Disruption
1249,2024-04-11,1,2,102,8671,2354,4,21081,23626.5,During-Disruption
1250,2024-02-18,1,1,101,8628,2653,7,22147,22099.0,During-Disruption
1251,2024-08-08,4,1,103,1684,1825,4,44591,5430.0,During-Disruption
1252,2025-09-20,2,4,103,11905,4232,14,32204,30523.5,Post-Disruption
1253,2024-07-25,3,1,103,6170,3407,8,24191,17271.0,During-Disruption
1254,2023-12-01,3,4,101,6268,3003,9,23765,16252.0,During-Disruption
1255,2023-02-06,1,1,101,8584,2665,5,76373,23450.0,Pre-Disruption
1256,2025-09-15,2,1,102,11907,4427,13,82234,31216.5,Post-Disruption
1257,2023-10-05,3,1,104,6370,3341,7,34426,17664.0,Pre-Disruption
1258,2025-07-04,2,1,102,11834,4125,15,18256,30119.0,Post-Disruption
1259,2024-04-28,4,1,101,1545,2234,2,72148,4366.5,During-Disruption
1260,2024-12-31,1,1,102,8548,2235,6,82723,22739.0,During-Disruption
1261,2023-07-11,1,3,103,8515,2437,7,82314,22816.5,Pre-Disruption
1262,2025-11-06,3,1,102,6286,3141,8,49262,17485.0,Post-Disruption
1263,2024-06-07,3,1,103,6119,3032,8,62600,16913.5,During-Disruption
1264,2025-07-06,4,1,102,1643,1826,2,28913,4921.5,Post-Disruption
1265,2024-02-05,2,2,103,11766,4402,14,54235,30349.0,During-Disruption
1266,2025-06-04,4,2,102,1461,1995,3,40926,5365.5,Post-Disruption
1267,2024-12-05,3,2,104,6373,2989,6,80886,16975.5,During-Disruption
1268,2023-01-22,3,1,102,6209,3154,6,49694,16790.5,Pre-Disruption
1269,2024-04-18,2,1,101,11755,4082,12,80382,30319.5,During-Disruption
1270,2023-07-29,1,3,101,8484,2699,5,80319,22959.0,Pre-Disruption
1271,2023-11-02,4,3,103,1663,2250,2,69418,5916.5,During-Disruption
1272,2024-12-04,2,1,101,11806,4308,14,73653,31237.0,During-Disruption
1273,2024-11-17,2,1,103,11711,4531,14,27441,31221.5,During-Disruption
1274,2023-10-12,2,1,104,11875,4083,13,53778,31357.5,Pre-Disruption
1275,2024-12-16,2,1,101,11726,4026,15,27712,29926.0,During-Disruption
1276,2025-02-01,2,3,101,11990,4569,15,20269,31606.0,Post-Disruption
1277,2025-08-05,1,2,103,8529,2578,7,69844,22256.5,Post-Disruption
1278,2024-01-16,3,1,104,6326,3229,6,38624,17806.0,During-Disruption
1279,2024-04-04,2,1,104,11835,4392,14,46260,30459.5,During-Disruption
1280,2025-10-27,2,4,102,11719,4216,15,68918,30067.5,Post-Disruption
1281,2023-01-29,1,3,103,8663,2580,4,84640,23076.5,Pre-Disruption
1282,2025-06-25,1,4,103,8558,2836,6,46199,22083.0,Post-Disruption
1283,2025-11-22,1,1,104,8559,2707,7,83359,22608.5,Post-Disruption
1284,2025-05-28,3,2,103,6125,3182,9,61487,16950.5,Post-Disruption
1285,2023-03-20,1,1,101,8480,2413,4,15067,21706.0,Pre-Disruption
1286,2025-08-04,4,1,101,1417,1755,4,40907,5532.5,Post-Disruption
1287,2024-04-03,1,1,101,8468,2729,6,27589,23041.0,During-Disruption
1288,2024-07-23,1,2,103,8529,2816,7,58280,22921.5,During-Disruption
1289,2025-01-07,1,1,102,8534,2358,4,74951,22692.0,Post-Disruption
1290,2024-05-30,1,3,102,8617,2240,7,39328,22621.5,During-Disruption
1291,2024-02-01,3,1,104,6114,3404,6,56437,16842.0,During-Disruption
1292,2023-02-08,3,1,103,6285,3418,7,68765,17673.5,Pre-Disruption
1293,2025-06-05,2,1,104,11894,4004,15,42365,30965.0,Post-Disruption
1294,2025-03-07,1,1,103,8590,2220,6,28255,22425.0,Post-Disruption
1295,2023-06-06,1,1,102,8633,2845,7,27333,23458.5,Pre-Disruption
1296,2025-06-02,2,1,101,11765,4631,12,32407,30051.5,Post-Disruption
1297,2025-08-31,4,1,103,1480,1841,2,29959,4513.0,Post-Disruption
1298,2025-11-11,1,1,102,8435,2305,6,21814,22053.5,Post-Disruption
1299,2025-04-28,3,2,102,6334,3242,9,54526,16968.0,Post-Disruption
1300,2025-01-17,2,1,102,11716,4642,13,65553,31022.0,Post-Disruption
1301,2025-09-15,1,2,101,8401,2616,4,20858,22325.5,Post-Disruption
1302,2023-01-21,2,2,102,11732,4037,14,56734,29911.0,Pre-Disruption
1303,2023-10-30,1,1,104,8533,2798,4,21622,22602.5,Pre-Disruption
1304,2025-05-18,3,3,102,6366,3235,9,53821,17835.0,Post-Disruption
1305,2023-03-25,1,2,102,8404,2672,4,67975,21605.0,Pre-Disruption
1306,2024-07-23,3,1,103,6385,3012,7,26447,16780.5,During-Disruption
1307,2025-07-22,1,4,103,8490,2450,4,55399,22113.0,Post-Disruption
1308,2025-10-05,4,3,103,1551,1944,3,23801,5486.5,Post-Disruption
1309,2025-03-03,1,4,102,8517,2270,5,62634,22162.5,Post-Disruption
1310,2025-03-02,3,2,102,6160,3163,9,67310,16995.0,Post-Disruption
1311,2024-05-06,3,1,104,6125,3480,6,29083,16887.5,During-Disruption
1312,2023-07-27,4,1,101,1508,1983,1,80727,4733.0,Pre-Disruption
1313,2025-12-19,2,2,102,11994,4390,15,59235,31604.0,Post-Disruption
1314,2024-03-05,3,4,101,6309,3497,9,74414,17556.5,During-Disruption
1315,2025-09-11,1,2,102,8658,2761,4,59532,22971.0,Post-Disruption
1316,2024-06-03,1,4,101,8693,2672,7,78057,22567.5,During-Disruption
1317,2024-08-13,2,1,103,11741,4510,13,27210,29865.5,During-Disruption
1318,2025-11-16,1,1,102,8412,2333,6,29243,22246.0,Post-Disruption
1319,2023-07-18,4,4,104,1488,1988,2,54926,5714.0,Pre-Disruption
1320,2024-01-22,1,3,101,8487,2260,4,33393,22280.5,During-Disruption
1321,2023-12-15,2,4,103,11886,4469,13,45987,30495.0,During-Disruption
1322,2025-08-17,2,3,104,11762,4350,12,71549,31147.0,Post-Disruption
1323,2024-11-23,2,1,103,11742,4057,13,76216,30950.0,During-Disruption
1324,2024-01-13,2,2,102,11932,4184,12,45180,30385.0,During-Disruption
1325,2025-06-17,1,4,104,8633,2402,7,28641,23099.5,Post-Disruption
1326,2025-07-04,2,2,101,11774,4031,13,68150,31168.0,Post-Disruption
1327,2024-06-10,1,1,101,8652,2856,4,24421,23446.0,During-Disruption
1328,2025-01-03,4,1,104,1548,1768,4,51617,5079.0,Post-Disruption
1329,2023-07-25,3,2,101,6281,2921,6,26416,16591.5,Pre-Disruption
1330,2024-03-30,4,1,103,1606,1678,2,49216,5947.0,During-Disruption
1331,2024-06-04,1,3,104,8580,2335,5,48772,23377.0,During-Disruption
1332,2025-10-13,1,1,101,8572,2501,4,71336,22720.0,Post-Disruption
1333,2025-08-13,1,1,103,8640,2887,7,23369,23304.0,Post-Disruption
1334,2024-12-26,1,3,101,8563,2586,6,56582,22861.5,During-Disruption
1335,2025-10-10,1,1,103,8462,2788,4,80566,21772.0,Post-Disruption
1336,2024-05-15,2,3,102,11934,4541,12,28178,30671.0,During-Disruption
1337,2023-04-27,1,1,103,8524,2483,6,15017,22033.0,Pre-Disruption
1338,2024-01-21,2,4,101,11956,4328,12,71314,30706.0,During-Disruption
1339,2024-08-06,3,1,103,6191,3359,7,52095,16799.5,During-Disruption
1340,2024-01-30,2,1,101,11924,4152,13,82361,30645.0,During-Disruption
1341,2025-12-23,1,4,104,8594,2890,7,39623,22469.0,Post-Disruption
1342,2024-12-21,1,3,104,8606,2686,6,21206,23314.0,During-Disruption
1343,2023-03-13,2,1,102,11987,4594,12,34545,30725.5,Pre-Disruption
1344,2023-10-01,1,4,103,8614,2840,5,49815,22327.0,Pre-Disruption
1345,2023-12-04,2,2,102,11885,4190,12,22766,31398.5,During-Disruption
1346,2024-08-29,1,4,104,8525,2251,6,39864,22315.5,During-Disruption
1347,2023-06-15,3,2,103,6381,3494,7,22248,17843.5,Pre-Disruption
1348,2023-01-11,3,1,103,6354,3240,8,39745,17405.0,Pre-Disruption
1349,2024-12-29,2,1,102,11760,4699,12,67095,29903.0,During-Disruption
1350,2025-03-11,1,1,102,8600,2724,7,31031,22770.0,Post-Disruption
1351,2023-04-12,1,2,103,8468,2216,4,79111,22289.0,Pre-Disruption
1352,2025-02-17,3,1,103,6384,3141,6,68930,17756.0,Post-Disruption
1353,2023-08-02,2,1,103,11762,4339,14,77136,30095.0,Pre-Disruption
1354,2024-02-05,1,1,102,8533,2869,5,72649,22833.5,During-Disruption
1355,2024-08-10,1,1,101,8638,2877,6,54283,23216.0,During-Disruption
1356,2025-06-07,1,4,104,8651,2850,5,28894,22736.5,Post-Disruption
1357,2025-12-05,3,2,104,6286,3310,6,72918,16750.0,Post-Disruption
1358,2024-08-14,1,3,102,8420,2493,4,47396,22226.0,During-Disruption
1359,2023-04-02,2,4,103,11990,4027,15,36607,31756.0,Pre-Disruption
1360,2024-11-03,2,2,104,11745,4409,15,57129,30643.5,During-Disruption
1361,2024-12-14,2,4,104,11893,4358,14,54639,31649.5,During-Disruption
1362,2025-07-24,3,1,104,6156,3572,7,22203,16672.0,Post-Disruption
1363,2023-08-30,3,1,104,6141,3315,9,64393,16400.5,Pre-Disruption
1364,2023-01-02,2,1,103,11934,4181,15,26202,30648.0,Pre-Disruption
1365,2023-08-13,1,1,102,8415,2866,4,66689,21966.5,Pre-Disruption
1366,2025-03-11,2,4,103,11832,4339,12,36668,30673.0,Post-Disruption
1367,2024-08-11,2,2,103,11700,4352,14,74513,30003.0,During-Disruption
1368,2023-04-26,2,1,104,11931,4068,14,66793,31150.5,Pre-Disruption
1369,2025-07-06,2,3,104,11849,4476,13,27285,30870.5,Post-Disruption
1370,2023-07-13,1,2,103,8521,2524,7,80436,22326.5,Pre-Disruption
1371,2025-05-20,2,1,103,11981,4493,12,42620,30615.5,Post-Disruption
1372,2023-03-31,1,2,103,8689,2494,5,33219,23575.5,Pre-Disruption
1373,2023-05-02,3,4,101,6312,3108,9,31195,16784.0,Pre-Disruption
1374,2023-05-23,1,3,104,8680,2356,5,20195,22548.0,Pre-Disruption
1375,2025-09-20,3,2,102,6239,2974,7,77349,17026.5,Post-Disruption
1376,2023-04-16,1,1,102,8558,2486,6,35301,22430.0,Pre-Disruption
1377,2025-06-05,2,1,102,11726,4230,15,84298,29995.0,Post-Disruption
1378,2024-03-03,3,1,101,6261,3476,7,41071,16690.5,During-Disruption
1379,2023-11-13,1,3,101,8517,2470,5,64521,23272.5,During-Disruption
1380,2024-09-26,3,1,102,6174,2982,7,37864,17032.0,During-Disruption
1381,2023-01-09,2,1,102,11792,4585,14,72175,31143.0,Pre-Disruption
1382,2025-02-12,2,4,102,11733,4264,14,64732,30858.5,Post-Disruption
1383,2023-08-11,1,3,103,8514,2468,4,73985,22580.0,Pre-Disruption
1384,2024-07-06,2,2,104,11812,4300,14,28376,30294.0,During-Disruption
1385,2024-12-16,2,1,101,11759,4089,14,49330,31343.5,During-Disruption
1386,2023-04-21,2,1,101,11981,4359,15,28223,30993.5,Pre-Disruption
1387,2023-09-08,2,1,103,11936,4299,15,49758,31130.0,Pre-Disruption
1388,2024-01-18,2,2,101,11825,4001,13,77560,31499.5,During-Disruption
1389,2023-01-07,1,1,102,8444,2612,4,54073,22953.0,Pre-Disruption
1390,2024-04-03,1,3,101,8687,2375,6,68810,22616.5,During-Disruption
1391,2023-07-27,1,4,103,8628,2324,7,65818,23213.0,Pre-Disruption
1392,2025-06-18,1,1,104,8596,2778,4,37269,22409.0,Post-Disruption
1393,2023-01-22,3,1,102,6311,3077,9,38892,17586.5,Pre-Disruption
1394,2024-02-14,3,3,101,6170,2904,7,60575,15970.0,During-Disruption
1395,2025-06-13,1,4,102,8634,2316,6,42037,23465.0,Post-Disruption
1396,2024-05-29,4,4,104,1678,2030,2,20383,5798.0,During-Disruption
1397,2025-03-19,2,1,101,11866,4389,13,51186,30932.0,Post-Disruption
1398,2025-05-23,4,1,102,1594,2078,4,47598,5344.0,Post-Disruption
1399,2023-01-14,3,3,103,6272,3370,6,28447,17065.0,Pre-Disruption
1400,2025-08-28,3,2,103,6294,3249,8,74127,16638.0,Post-Disruption
1401,2025-09-04,1,1,104,8462,2283,4,29798,23140.0,Post-Disruption
1402,2025-10-10,1,2,104,8469,2800,5,70220,22804.5,Post-Disruption
1403,2025-11-01,1,3,104,8622,2426,6,68446,22622.0,Post-Disruption
1404,2023-03-28,3,1,101,6382,3352,7,32483,17699.0,Pre-Disruption
1405,2025-06-27,1,4,104,8478,2646,7,68105,21932.0,Post-Disruption
1406,2023-05-02,3,1,101,6135,3010,6,33851,16303.5,Pre-Disruption
1407,2025-01-19,1,3,102,8594,2522,4,78305,23217.0,Post-Disruption
1408,2024-11-15,3,2,103,6316,3423,7,26709,16479.0,During-Disruption
1409,2023-11-05,1,1,102,8687,2738,4,66602,23177.5,During-Disruption
1410,2024-11-25,1,3,103,8548,2304,4,57667,22538.0,During-Disruption
1411,2023-10-15,1,3,104,8672,2285,5,50475,22305.0,Pre-Disruption
1412,2023-11-03,2,4,102,11900,4502,14,80565,30887.0,During-Disruption
1413,2025-07-02,1,1,102,8553,2705,7,80970,22521.5,Post-Disruption
1414,2024-10-23,3,2,104,6121,3055,8,59281,17297.5,During-Disruption
1415,2024-07-02,1,2,102,8696,2695,6,28802,22322.0,During-Disruption
1416,2023-11-08,1,2,101,8614,2585,7,72642,22077.0,During-Disruption
1417,2025-05-22,3,4,103,6221,3548,7,34925,16765.5,Post-Disruption
1418,2025-12-18,1,1,104,8665,2662,5,41025,23477.5,Post-Disruption
1419,2025-07-12,4,1,101,1660,2142,4,79786,5536.0,Post-Disruption
1420,2025-01-24,4,2,101,1454,2275,1,18554,4279.0,Post-Disruption
1421,2023-02-04,1,1,104,8681,2312,6,69949,22383.5,Pre-Disruption
1422,2024-03-20,1,4,102,8659,2645,4,25695,23315.5,During-Disruption
1423,2023-04-03,1,2,103,8682,2486,5,84793,23388.0,Pre-Disruption
1424,2023-12-19,3,1,101,6329,3100,8,34762,17233.5,During-Disruption
1425,2025-06-21,2,3,102,11825,4378,13,42374,31392.5,Post-Disruption
1426,2025-05-11,2,1,104,11958,4512,15,41014,31790.0,Post-Disruption
1427,2023-06-08,3,2,104,6149,3164,9,48106,16314.5,Pre-Disruption
1428,2025-08-14,1,1,103,8623,2387,4,53970,22823.5,Post-Disruption
1429,2023-01-24,3,1,104,6381,3256,6,82944,17242.5,Pre-Disruption
1430,2024-02-08,3,1,103,6245,3140,7,26025,16655.5,During-Disruption
1431,2025-03-15,2,2,104,11744,4192,13,21168,30731.0,Post-Disruption
1432,2024-05-30,3,1,104,6361,3009,9,33313,17115.5,During-Disruption
1433,2025-01-01,3,1,101,6333,3398,8,33884,17325.5,Post-Disruption
1434,2024-06-15,1,1,102,8452,2822,7,38758,22043.0,During-Disruption
1435,2025-08-13,2,1,101,11934,4064,13,24299,30961.0,Post-Disruption
1436,2023-06-01,2,4,103,11895,4064,15,33679,30656.5,Pre-Disruption
1437,2025-08-04,1,1,101,8403,2516,4,57505,21768.5,Post-Disruption
1438,2024-08-30,4,4,104,1459,1694,1,33608,4947.5,During-Disruption
1439,2024-02-24,1,2,104,8572,2658,5,21268,22958.0,During-Disruption
1440,2025-05-15,2,2,102,11771,4394,15,39741,30238.5,Post-Disruption
1441,2024-07-31,2,1,103,11774,4195,13,72469,30474.0,During-Disruption
1442,2023-12-01,1,4,104,8421,2749,6,51208,22454.5,During-Disruption
1443,2025-07-20,4,1,102,1608,1638,1,22414,5269.0,Post-Disruption
1444,2023-10-22,3,2,102,6150,3048,9,19165,16957.0,Pre-Disruption
1445,2025-01-24,2,4,104,11844,4375,12,46826,31024.0,Post-Disruption
1446,2023-07-05,1,4,104,8671,2875,7,57383,23006.5,Pre-Disruption
1447,2024-09-28,1,2,103,8443,2565,4,83665,22929.5,During-Disruption
1448,2024-06-13,1,4,102,8506,2655,5,67697,21814.0,During-Disruption
1449,2023-01-21,1,3,102,8549,2475,4,34365,22503.5,Pre-Disruption
1450,2025-06-29,2,1,102,11793,4554,15,37712,30851.5,Post-Disruption
1451,2025-05-16,4,1,103,1663,2109,2,28388,6081.5,Post-Disruption
1452,2025-03-04,2,1,102,11809,4237,15,48862,30744.5,Post-Disruption
1453,2023-04-10,3,1,101,6117,3304,8,32523,17098.5,Pre-Disruption
1454,2025-01-21,2,3,101,11937,4162,15,42832,30506.5,Post-Disruption
1455,2024-04-22,2,2,102,11938,4319,15,23206,30607.0,During-Disruption
1456,2025-07-28,3,1,101,6311,3518,7,30187,16570.5,Post-Disruption
1457,2024-06-09,2,4,101,11930,4616,15,54353,30533.0,During-Disruption
1458,2023-11-30,3,1,103,6393,2968,8,49306,17370.5,During-Disruption
1459,2023-01-02,1,4,102,8480,2308,6,52945,22368.0,Pre-Disruption
1460,2024-01-10,1,4,103,8654,2379,5,22579,22441.0,During-Disruption
1461,2023-10-20,3,4,102,6331,3031,8,41286,16690.5,Pre-Disruption
1462,2025-04-16,2,3,104,11908,4518,13,58584,30372.0,Post-Disruption
1463,2025-10-01,3,1,101,6397,3354,6,49584,16890.5,Post-Disruption
1464,2024-07-06,4,2,103,1420,2007,4,21994,4658.0,During-Disruption
1465,2023-11-14,1,1,103,8637,2860,7,43213,22870.5,During-Disruption
1466,2024-01-16,2,1,104,11960,4184,15,84787,30751.0,During-Disruption
1467,2023-01-14,1,2,104,8672,2656,7,59169,23440.0,Pre-Disruption
1468,2024-05-18,2,1,101,11979,4504,13,57659,30538.5,During-Disruption
1469,2023-08-19,3,4,101,6249,3567,9,44874,17293.5,Pre-Disruption
1470,2023-05-10,1,4,102,8551,2709,6,61125,22885.5,Pre-Disruption
1471,2025-04-17,2,1,102,11981,4289,14,59428,31504.5,Post-Disruption
1472,2025-06-09,3,2,104,6160,3144,6,69015,16939.0,Post-Disruption
1473,2023-01-28,1,1,101,8535,2237,5,79860,23261.5,Pre-Disruption
1474,2023-03-07,3,4,101,6111,3014,6,67905,15982.5,Pre-Disruption
1475,2023-09-18,2,2,104,11713,4497,15,77056,30586.5,Pre-Disruption
1476,2024-04-04,4,1,104,1429,1936,3,26143,4089.5,During-Disruption
1477,2023-10-28,1,1,103,8686,2658,5,66160,22391.0,Pre-Disruption
1478,2025-07-07,1,1,104,8619,2318,6,21656,22487.5,Post-Disruption
1479,2023-10-14,2,4,103,11937,4643,13,73109,31062.5,Pre-Disruption
1480,2025-10-30,1,1,102,8426,2255,4,67946,22095.0,Post-Disruption
1481,2024-09-21,4,1,104,1656,2023,4,21076,5733.0,During-Disruption
1482,2023-09-27,1,4,104,8696,2319,4,83305,22867.0,Pre-Disruption
1483,2024-08-14,3,4,104,6241,2949,9,43698,17079.5,During-Disruption
1484,2025-04-23,2,4,103,11949,4364,14,56157,31192.5,Post-Disruption
1485,2025-05-11,1,2,104,8473,2572,4,30251,22203.5,Post-Disruption
1486,2023-05-13,1,2,104,8697,2561,4,29357,23522.5,Pre-Disruption
1487,2025-08-29,2,2,101,11898,4081,14,61152,31525.0,Post-Disruption
1488,2024-05-27,2,1,101,11995,4560,14,16719,31045.5,During-Disruption
1489,2023-11-09,1,2,101,8413,2247,6,43535,22785.5,During-Disruption
1490,2024-07-29,4,1,104,1499,2245,2,72784,4913.5,During-Disruption
1491,2025-06-04,1,1,101,8490,2437,6,74317,22389.0,Post-Disruption
1492,2024-11-17,2,4,102,11890,4381,13,56351,31466.0,During-Disruption
1493,2023-06-14,2,1,101,11805,4388,14,57315,30626.5,Pre-Disruption
1494,2023-11-01,1,4,104,8406,2534,5,46157,22420.0,During-Disruption
1495,2023-06-05,4,1,101,1480,2284,3,50023,5387.0,Pre-Disruption
1496,2024-09-11,1,1,101,8652,2856,5,27301,22521.0,During-Disruption
1497,2025-08-14,1,2,101,8539,2386,7,20341,22839.5,Post-Disruption
1498,2023-11-30,1,3,102,8406,2319,7,82562,22472.0,During-Disruption
1499,2025-08-26,2,2,102,11851,4695,12,84875,31051.5,Post-Disruption
1500,2024-05-25,2,4,103,11989,4356,14,81834,30524.5,During-Disruption
1501,2025-11-09,2,1,104,11825,4362,14,49380,31055.5,Post-Disruption
1502,2023-10-09,1,4,102,8684,2790,5,47875,23708.0,Pre-Disruption
1503,2025-03-07,1,1,102,8681,2362,4,16353,23075.5,Post-Disruption
1504,2025-10-21,3,4,102,6173,2907,9,19220,15935.5,Post-Disruption
1505,2023-04-29,1,1,104,8444,2810,4,83556,22830.0,Pre-Disruption
1506,2025-11-24,3,3,103,6116,3216,7,15236,16471.0,Post-Disruption
1507,2023-07-17,1,2,104,8632,2226,6,79247,22709.0,Pre-Disruption
1508,2024-04-29,3,1,101,6263,3175,6,56168,17255.5,During-Disruption
1509,2025-12-18,1,4,103,8462,2671,6,71342,21859.0,Post-Disruption
1510,2025-04-16,2,1,101,11792,4671,15,30103,30525.0,Post-Disruption
1511,2025-10-05,1,1,102,8491,2676,5,67400,23103.5,Post-Disruption
1512,2024-11-21,1,3,104,8441,2377,6,31269,22127.5,During-Disruption
1513,2025-11-01,1,1,101,8640,2751,4,66965,23048.0,Post-Disruption
1514,2024-05-04,1,1,103,8654,2559,5,80375,23490.0,During-Disruption
1515,2023-10-03,1,2,101,8470,2435,7,50105,22901.0,Pre-Disruption
1516,2024-11-23,2,3,101,11998,4032,12,55656,31263.0,During-Disruption
1517,2023-08-30,2,1,102,11915,4540,14,42747,31548.5,Pre-Disruption
1518,2023-05-06,3,2,101,6155,3444,8,54330,16662.5,Pre-Disruption
1519,2023-08-05,2,3,101,11778,4099,13,63920,30346.0,Pre-Disruption
1520,2025-11-28,2,4,102,11820,4656,15,75100,31462.0,Post-Disruption
1521,2024-05-09,2,4,103,11901,4329,12,73757,30891.5,During-Disruption
1522,2024-03-02,2,3,102,11956,4064,15,56206,31124.0,During-Disruption
1523,2025-07-07,2,2,101,11829,4121,12,77204,30138.5,Post-Disruption
1524,2023-05-31,3,1,104,6141,3454,6,62035,17025.5,Pre-Disruption
1525,2024-01-19,1,1,102,8473,2675,5,71837,22839.5,During-Disruption
1526,2023-11-04,1,3,102,8633,2326,6,28330,22937.5,During-Disruption
1527,2025-01-15,2,4,101,11708,4185,14,43138,31204.0,Post-Disruption
1528,2025-06-10,1,3,104,8430,2290,6,56746,22811.0,Post-Disruption
1529,2024-01-10,3,1,103,6195,3454,9,15341,16619.5,During-Disruption
1530,2025-10-28,3,1,104,6357,2945,6,68954,16617.5,Post-Disruption
1531,2023-05-09,1,2,102,8679,2224,5,78204,22999.5,Pre-Disruption
1532,2025-10-11,1,2,104,8628,2548,7,32430,23476.0,Post-Disruption
1533,2024-10-30,2,3,103,11944,4610,12,81556,30548.0,During-Disruption
1534,2024-05-31,2,2,104,11897,4434,13,45533,31483.5,During-Disruption
1535,2023-03-27,1,1,104,8631,2529,4,64020,23480.5,Pre-Disruption
1536,2023-11-07,3,4,104,6398,3193,7,82778,17694.0,During-Disruption
1537,2024-03-02,2,2,102,11750,4245,15,23902,30085.0,During-Disruption
1538,2023-04-24,1,1,101,8616,2365,4,42636,22382.0,Pre-Disruption
1539,2023-10-30,1,1,101,8573,2456,4,83093,22419.5,Pre-Disruption
1540,2025-01-13,3,4,104,6174,3251,9,20547,16928.0,Post-Disruption
1541,2024-08-10,1,4,102,8498,2388,5,72157,22091.0,During-Disruption
1542,2025-09-13,3,1,102,6100,3597,8,61929,16072.0,Post-Disruption
1543,2023-12-11,2,1,102,11823,4693,14,45150,30550.5,During-Disruption
1544,2025-03-24,2,1,101,11816,4274,13,44703,30116.0,Post-Disruption
1545,2025-03-11,3,1,102,6294,2933,7,29193,17210.0,Post-Disruption
1546,2025-10-21,3,2,104,6332,3455,8,70511,16332.0,Post-Disruption
1547,2025-12-12,1,2,101,8528,2689,4,21466,22357.0,Post-Disruption
1548,2025-12-28,1,2,102,8462,2698,7,37438,23131.0,Post-Disruption
1549,2023-12-27,3,3,104,6335,3144,8,76041,17287.5,During-Disruption
1550,2025-10-06,2,1,101,11929,4253,13,77196,30324.5,Post-Disruption
1551,2024-12-04,1,1,102,8589,2308,4,21858,22767.5,During-Disruption
1552,2024-07-28,4,1,103,1588,1922,2,54324,4708.0,During-Disruption
1553,2024-11-18,1,1,104,8567,2313,6,74608,23184.5,During-Disruption
1554,2025-02-19,1,1,103,8494,2684,7,38696,22161.0,Post-Disruption
1555,2024-08-07,1,2,101,8556,2477,7,75324,22431.0,During-Disruption
1556,2024-08-11,2,3,102,11990,4028,12,63773,30817.0,During-Disruption
1557,2024-05-03,2,3,104,11838,4397,15,71493,31520.0,During-Disruption
1558,2025-08-28,1,3,104,8590,2421,6,52540,22595.0,Post-Disruption
1559,2024-05-08,1,2,104,8455,2517,6,33026,22465.5,During-Disruption
1560,2023-01-19,1,3,103,8406,2470,6,45539,21771.0,Pre-Disruption
1561,2024-02-01,2,1,102,11750,4397,12,32236,29938.0,During-Disruption
1562,2025-09-27,1,4,102,8438,2650,6,18100,22325.0,Post-Disruption
1563,2025-04-30,4,1,102,1697,2208,4,36723,4883.5,Post-Disruption
1564,2025-04-01,1,1,103,8471,2542,4,57704,22997.5,Post-Disruption
1565,2024-03-30,4,1,101,1655,1980,3,78988,5402.5,During-Disruption
1566,2024-12-25,1,4,103,8490,2575,6,22216,22821.0,During-Disruption
1567,2025-12-24,3,4,101,6248,3239,7,33424,17083.0,Post-Disruption
1568,2024-12-11,1,3,103,8429,2206,6,20121,22264.5,During-Disruption
1569,2023-05-23,1,2,102,8522,2472,4,15069,22219.0,Pre-Disruption
1570,2025-07-05,3,2,102,6336,3187,7,67286,17485.0,Post-Disruption
1571,2025-04-07,3,4,102,6379,3083,6,39404,17785.5,Post-Disruption
1572,2024-08-27,2,2,103,11824,4569,14,46211,30795.0,During-Disruption
1573,2023-11-01,3,4,104,6233,3522,9,58504,16531.5,During-Disruption
1574,2025-01-05,2,1,103,11705,4185,13,16050,30513.5,Post-Disruption
1575,2023-10-18,3,1,101,6296,3542,7,32598,17044.0,Pre-Disruption
1576,2023-04-12,1,4,103,8589,2800,5,16814,22727.5,Pre-Disruption
1577,2025-05-16,2,1,101,11990,4479,12,36347,31692.0,Post-Disruption
1578,2025-08-25,2,4,103,11935,4629,13,81617,30862.5,Post-Disruption
1579,2025-08-31,1,2,104,8478,2456,7,21672,23117.0,Post-Disruption
1580,2025-04-21,3,4,104,6134,3403,9,54663,16115.0,Post-Disruption
1581,2025-08-19,1,1,102,8471,2309,5,69309,23158.5,Post-Disruption
1582,2025-07-30,1,3,104,8442,2778,4,67321,22976.0,Post-Disruption
1583,2025-10-23,2,1,103,11990,4147,12,65522,30994.0,Post-Disruption
1584,2023-03-26,2,2,104,11832,4213,12,81064,30457.0,Pre-Disruption
1585,2023-11-24,1,2,102,8686,2773,6,35961,23678.0,During-Disruption
1586,2025-03-26,1,4,103,8505,2767,4,34153,22262.5,Post-Disruption
1587,2024-03-29,4,2,101,1558,2036,1,82731,5304.0,During-Disruption
1588,2024-09-20,1,1,103,8407,2533,5,76899,21600.5,During-Disruption
1589,2024-10-26,2,4,102,11961,4428,14,37787,31467.5,During-Disruption
1590,2023-01-12,3,1,104,6179,2995,7,35810,17239.5,Pre-Disruption
1591,2023-10-31,2,1,104,11743,4657,12,51912,29890.5,Pre-Disruption
1592,2025-09-01,4,1,103,1576,1647,1,52368,4913.0,Post-Disruption
1593,2025-02-21,3,4,101,6163,3177,7,78519,17104.5,Post-Disruption
1594,2023-02-12,2,1,101,11987,4202,14,37564,31863.5,Pre-Disruption
1595,2025-08-01,2,1,101,11812,4198,14,32586,30852.0,Post-Disruption
1596,2023-12-09,2,4,101,11907,4507,13,39296,31226.5,During-Disruption
1597,2024-05-12,2,3,103,11925,4328,12,72679,30817.5,During-Disruption
1598,2023-12-30,3,1,104,6377,3023,8,58503,16626.5,During-Disruption
1599,2025-06-09,1,3,101,8686,2399,6,48351,22414.0,Post-Disruption
1600,2024-03-02,1,4,103,8679,2274,7,74586,23353.5,During-Disruption
1601,2025-10-01,1,1,103,8402,2356,5,68250,22489.0,Post-Disruption
1602,2023-01-21,1,3,103,8432,2333,6,51030,22646.0,Pre-Disruption
1603,2024-02-11,1,2,101,8613,2511,7,71825,22135.5,During-Disruption
1604,2024-09-10,3,2,101,6129,3019,9,83146,16862.5,During-Disruption
1605,2025-10-11,2,1,103,11724,4011,15,25989,30922.0,Post-Disruption
1606,2023-12-02,2,2,103,11727,4619,12,24098,29977.5,During-Disruption
1607,2024-02-03,2,1,103,11796,4544,13,57891,30826.0,During-Disruption
1608,2025-03-03,3,3,104,6186,3019,8,82537,16875.0,Post-Disruption
1609,2024-12-15,2,1,104,11725,4082,15,49072,30514.5,During-Disruption
1610,2023-02-20,3,1,102,6219,3592,6,74607,17126.5,Pre-Disruption
1611,2023-11-20,1,1,102,8600,2427,4,17639,22682.0,During-Disruption
1612,2025-02-27,4,3,101,1414,1785,2,18092,4836.0,Post-Disruption
1613,2023-05-21,2,1,104,11953,4210,13,78709,31599.5,Pre-Disruption
1614,2024-04-14,1,1,102,8510,2242,4,73928,23263.0,During-Disruption
1615,2025-02-25,2,1,103,11707,4508,12,36843,29835.5,Post-Disruption
1616,2025-08-21,2,3,103,11827,4072,15,49363,31110.5,Post-Disruption
1617,2025-10-04,1,1,101,8585,2218,7,52737,23189.5,Post-Disruption
1618,2024-01-08,2,3,101,11713,4164,14,71850,30078.5,During-Disruption
1619,2024-05-08,1,1,102,8629,2466,7,53243,23282.5,During-Disruption
1620,2025-01-20,1,1,103,8490,2639,7,74343,21774.0,Post-Disruption
1621,2023-10-18,4,2,101,1403,1727,4,81178,4208.5,Pre-Disruption
1622,2023-04-16,2,4,101,11851,4452,14,35693,30549.5,Pre-Disruption
1623,2024-10-31,3,1,104,6318,3200,8,35607,17476.0,During-Disruption
1624,2023-01-02,2,1,102,11775,4317,14,33026,30101.5,Pre-Disruption
1625,2024-08-11,1,1,101,8683,2853,6,28764,23533.5,During-Disruption
1626,2024-10-05,2,2,102,11915,4033,15,60761,31436.5,During-Disruption
1627,2023-03-31,2,1,103,11858,4097,13,65220,31150.0,Pre-Disruption
1628,2023-12-16,4,3,102,1650,1809,3,58064,4937.0,During-Disruption
1629,2025-11-28,1,1,101,8466,2515,6,28628,22564.0,Post-Disruption
1630,2025-06-27,3,1,104,6321,3219,8,17564,16563.5,Post-Disruption
1631,2023-06-08,4,1,102,1591,2034,4,63793,5387.5,Pre-Disruption
1632,2025-08-16,2,2,102,11918,4255,12,66106,30915.0,Post-Disruption
1633,2023-11-08,4,2,103,1416,2153,4,83626,4980.0,During-Disruption
1634,2024-03-20,1,1,104,8506,2604,6,43626,22358.0,During-Disruption
1635,2023-10-25,4,4,102,1626,2215,4,16514,5413.0,Pre-Disruption
1636,2025-08-09,3,1,104,6180,3353,7,60995,16393.0,Post-Disruption
1637,2023-02-05,1,3,101,8666,2388,7,63786,22645.0,Pre-Disruption
1638,2024-07-12,4,2,104,1565,2173,1,74859,5023.5,During-Disruption
1639,2025-06-09,2,1,101,11933,4387,12,33256,31188.5,Post-Disruption
1640,2023-05-21,2,3,103,11861,4142,14,74787,30778.5,Pre-Disruption
1641,2025-06-05,2,3,103,11874,4221,12,31217,30517.0,Post-Disruption
1642,2024-12-26,1,1,103,8559,2639,6,75345,22184.5,During-Disruption
1643,2025-11-15,2,2,101,11884,4531,15,62640,31636.0,Post-Disruption
1644,2024-06-04,3,1,102,6273,3179,9,69424,16212.5,During-Disruption
1645,2023-01-10,1,2,101,8637,2447,6,66925,23047.5,Pre-Disruption
1646,2025-09-10,1,1,104,8562,2315,6,53540,22311.0,Post-Disruption
1647,2024-01-13,1,3,104,8637,2604,7,81857,22118.5,During-Disruption
1648,2024-11-12,2,1,101,11805,4254,13,26798,30513.5,During-Disruption
1649,2024-08-06,3,1,103,6217,3196,6,63923,16682.5,During-Disruption
1650,2023-06-01,3,1,103,6331,3424,6,75527,17500.5,Pre-Disruption
1651,2024-12-20,4,1,104,1475,2157,1,53059,5535.5,During-Disruption
1652,2025-12-08,2,2,104,11704,4333,12,52098,30039.0,Post-Disruption
1653,2025-05-08,1,1,102,8617,2270,7,45183,23354.5,Post-Disruption
1654,2023-02-19,4,3,102,1681,1658,1,19182,5473.5,Pre-Disruption
1655,2024-10-25,3,1,102,6335,2950,9,32116,16912.5,During-Disruption
1656,2024-06-14,2,3,104,11731,4015,14,44993,30654.5,During-Disruption
1657,2025-12-19,2,2,102,11876,4503,15,59174,31094.0,Post-Disruption
1658,2025-05-06,4,4,104,1518,1650,3,80476,4496.0,Post-Disruption
1659,2023-05-26,3,4,104,6289,3027,8,33208,16793.5,Pre-Disruption
1660,2025-07-03,1,4,101,8501,2369,5,57919,23137.5,Post-Disruption
1661,2025-09-19,3,3,102,6178,3479,7,71321,17275.0,Post-Disruption
1662,2023-08-30,1,1,101,8538,2832,5,19512,22855.0,Pre-Disruption
1663,2024-08-03,1,3,101,8625,2379,5,67794,22438.5,During-Disruption
1664,2024-11-17,2,4,102,11965,4327,12,46642,30476.5,During-Disruption
1665,2024-04-27,1,1,104,8623,2500,5,41991,22590.5,During-Disruption
1666,2024-11-03,1,2,104,8459,2450,4,18096,21924.5,During-Disruption
1667,2024-09-22,1,1,104,8663,2717,4,45852,23654.5,During-Disruption
1668,2024-10-22,2,2,102,11747,4261,12,34698,31338.5,During-Disruption
1669,2024-10-23,3,1,104,6180,2990,8,45781,17356.0,During-Disruption
1670,2025-03-15,4,2,101,1696,1793,3,71746,5787.0,Post-Disruption
1671,2024-02-23,1,2,103,8407,2528,4,32485,21556.5,During-Disruption
1672,2025-09-14,2,4,102,11948,4063,13,49920,31474.0,Post-Disruption
1673,2024-10-11,4,2,103,1643,1893,1,63507,5256.5,During-Disruption
1674,2025-08-26,1,3,101,8564,2425,6,33825,22682.0,Post-Disruption
1675,2024-08-12,3,1,103,6286,3344,7,32522,16457.0,During-Disruption
1676,2024-05-23,3,1,101,6348,3233,8,74029,17036.0,During-Disruption
1677,2024-03-16,1,1,103,8526,2262,5,23789,23156.0,During-Disruption
1678,2025-07-09,3,1,103,6187,3396,8,51911,17440.5,Post-Disruption
1679,2025-02-08,3,1,104,6144,3482,6,53462,15978.0,Post-Disruption
1680,2023-09-20,1,2,103,8681,2731,7,67303,22833.5,Pre-Disruption
1681,2024-09-28,1,2,101,8645,2658,7,45453,22617.5,During-Disruption
1682,2024-04-03,1,2,101,8617,2532,6,57189,22466.5,During-Disruption
1683,2025-09-25,1,1,101,8414,2444,5,26008,21766.0,Post-Disruption
1684,2024-11-30,2,1,102,11955,4063,14,26262,30962.5,During-Disruption
1685,2023-10-29,2,2,101,11876,4265,15,40576,31059.0,Pre-Disruption
1686,2024-07-07,1,1,102,8614,2361,5,22566,23360.0,During-Disruption
1687,2023-10-15,4,1,101,1424,1644,3,80038,4503.0,Pre-Disruption
1688,2024-09-12,1,1,102,8691,2224,7,24432,22970.5,During-Disruption
1689,2025-10-02,1,1,103,8516,2499,6,30402,22700.0,Post-Disruption
1690,2023-02-05,1,1,103,8479,2424,4,80412,22906.5,Pre-Disruption
1691,2025-01-13,2,1,101,11874,4073,13,43262,30336.0,Post-Disruption
1692,2023-12-19,2,1,102,11931,4115,13,63421,30846.5,During-Disruption
1693,2023-03-14,1,2,104,8439,2351,4,75990,22834.5,Pre-Disruption
1694,2024-10-09,1,1,104,8570,2780,7,35478,22936.0,During-Disruption
1695,2025-12-29,3,1,104,6216,2990,8,49534,16452.0,Post-Disruption
1696,2024-02-29,4,4,103,1583,2161,4,41098,5799.5,During-Disruption
1697,2025-09-25,1,3,103,8480,2488,5,25477,22604.0,Post-Disruption
1698,2024-12-08,1,1,102,8470,2291,7,57290,23101.0,During-Disruption
1699,2024-07-14,2,4,101,11839,4386,13,47338,30720.5,During-Disruption
1700,2025-04-07,3,1,103,6292,3314,7,62257,16765.0,Post-Disruption
1701,2025-08-13,1,1,101,8570,2740,4,40696,22987.0,Post-Disruption
1702,2024-05-31,4,4,104,1500,1771,1,46917,4936.0,During-Disruption
1703,2024-03-03,2,4,104,11769,4684,13,56611,30534.5,During-Disruption
1704,2023-06-09,2,1,101,11873,4371,14,36131,30919.5,Pre-Disruption
1705,2023-05-29,2,2,102,11888,4497,14,25280,31400.0,Pre-Disruption
1706,2025-02-14,4,2,104,1614,1835,1,43141,5400.0,Post-Disruption
1707,2023-03-08,3,1,102,6124,2941,8,38187,16597.0,Pre-Disruption
1708,2025-10-10,1,1,104,8488,2348,4,68217,22492.0,Post-Disruption
1709,2024-01-16,1,1,103,8530,2886,5,50574,22060.0,During-Disruption
1710,2023-02-27,2,4,104,11895,4610,13,43636,30656.5,Pre-Disruption
1711,2023-12-08,1,1,102,8685,2677,5,65624,22689.5,During-Disruption
1712,2024-12-27,3,3,103,6324,3019,6,18378,17712.0,During-Disruption
1713,2025-02-08,3,1,104,6248,3428,8,46863,16809.0,Post-Disruption
1714,2024-09-05,3,1,103,6170,3440,7,40863,16575.0,During-Disruption
1715,2023-12-20,4,2,103,1528,1647,4,58249,4444.0,During-Disruption
1716,2023-04-26,1,2,104,8689,2585,6,74596,23714.5,Pre-Disruption
1717,2024-10-23,3,1,101,6186,3027,8,23847,17136.0,During-Disruption
1718,2024-03-28,3,1,101,6117,3401,6,48162,16565.5,During-Disruption
1719,2023-10-14,1,2,102,8442,2646,4,48239,21886.0,Pre-Disruption
1720,2025-10-13,3,1,102,6175,3479,8,45072,16087.5,Post-Disruption
1721,2023-11-07,1,1,104,8440,2238,6,24909,23012.0,During-Disruption
1722,2023-07-27,3,2,103,6379,3372,7,61025,17367.5,Pre-Disruption
1723,2024-09-09,2,2,103,11979,4132,13,77456,30450.5,During-Disruption
1724,2024-03-21,1,1,101,8658,2318,7,67515,23330.0,During-Disruption
1725,2024-10-31,2,2,101,11723,4323,13,19152,31272.5,During-Disruption
1726,2024-09-24,2,4,103,11995,4051,14,46897,31262.5,During-Disruption
1727,2023-02-24,1,1,103,8508,2335,4,40039,21895.0,Pre-Disruption
1728,2025-06-30,1,2,102,8688,2603,7,73305,22335.0,Post-Disruption
1729,2025-11-01,2,1,103,11726,4168,14,31985,30354.0,Post-Disruption
1730,2024-10-18,2,1,103,11825,4581,15,52379,31222.5,During-Disruption
1731,2025-09-06,3,1,104,6269,3447,9,44375,17183.5,Post-Disruption
1732,2024-05-29,4,1,103,1446,2116,4,76765,4788.0,During-Disruption
1733,2023-08-25,2,3,101,11880,4359,13,78195,30386.0,Pre-Disruption
1734,2023-12-14,3,1,101,6172,3559,7,22406,17354.0,During-Disruption
1735,2024-09-18,2,2,102,11821,4236,12,45036,31455.5,During-Disruption
1736,2024-09-21,3,1,102,6285,2967,8,77169,16244.5,During-Disruption
1737,2023-12-30,1,1,104,8481,2349,7,35212,22530.5,During-Disruption
1738,2023-11-17,1,2,102,8429,2680,5,39213,22560.5,During-Disruption
1739,2023-10-13,2,3,103,11980,4414,12,23221,31254.0,Pre-Disruption
1740,2023-05-29,1,3,103,8520,2420,5,82744,21812.0,Pre-Disruption
1741,2024-02-10,3,3,104,6205,3160,6,48383,17331.5,During-Disruption
1742,2025-09-04,3,1,101,6229,3165,8,53557,17349.5,Post-Disruption
1743,2024-03-31,1,3,103,8604,2658,7,41932,22368.0,During-Disruption
1744,2025-03-10,2,1,103,11752,4625,12,37425,30702.0,Post-Disruption
1745,2025-10-09,3,3,104,6396,3576,9,17181,16503.0,Post-Disruption
1746,2025-02-22,3,4,101,6378,2955,8,77798,17732.0,Post-Disruption
1747,2024-04-04,1,1,102,8588,2607,6,59967,22129.0,During-Disruption
1748,2025-01-07,1,1,103,8614,2668,5,44108,22941.0,Post-Disruption
1749,2024-05-23,2,2,101,11730,4242,14,65309,30563.0,During-Disruption
1750,2024-04-25,2,3,104,11957,4513,15,80982,31740.5,During-Disruption
1751,2023-04-24,1,1,104,8459,2854,5,40627,22715.5,Pre-Disruption
1752,2025-01-18,1,4,101,8477,2368,7,53188,22144.5,Post-Disruption
1753,2023-12-27,3,2,104,6122,3474,7,24785,16638.0,During-Disruption
1754,2023-12-07,2,1,102,11884,4432,15,47796,30875.0,During-Disruption
1755,2025-02-08,4,1,101,1434,2265,3,33808,4882.0,Post-Disruption
1756,2025-01-30,3,3,102,6100,3477,6,33357,16082.0,Post-Disruption
1757,2025-08-26,4,1,104,1504,1884,3,31416,5151.0,Post-Disruption
1758,2024-03-24,1,1,102,8575,2653,7,79496,22945.5,During-Disruption
1759,2025-04-14,3,2,102,6148,3087,8,71773,15973.0,Post-Disruption
1760,2023-11-07,1,2,102,8567,2495,4,72963,22071.5,During-Disruption
1761,2023-09-19,2,2,102,11970,4522,15,33932,30505.0,Pre-Disruption
1762,2024-02-10,2,1,101,11857,4691,15,56858,31344.5,During-Disruption
1763,2023-05-23,1,3,104,8420,2581,5,19798,21948.0,Pre-Disruption
1764,2023-12-08,3,4,104,6204,3242,7,33325,17351.0,During-Disruption
1765,2023-09-01,3,1,103,6389,3501,8,18217,17080.5,Pre-Disruption
1766,2024-05-04,1,3,102,8520,2422,4,38096,21829.0,During-Disruption
1767,2023-01-12,2,4,102,11891,4334,12,59952,31410.5,Pre-Disruption
1768,2024-07-14,1,2,103,8628,2656,4,54195,22503.0,During-Disruption
1769,2023-02-11,2,2,103,11880,4447,12,64147,31230.0,Pre-Disruption
1770,2024-11-08,3,1,102,6324,3514,9,54047,17778.0,During-Disruption
1771,2024-08-16,1,2,104,8633,2536,6,44324,22865.5,During-Disruption
1772,2023-05-14,4,2,103,1665,1954,4,83779,5376.5,Pre-Disruption
1773,2025-12-26,1,3,102,8617,2555,6,19984,22974.5,Post-Disruption
1774,2025-10-27,2,4,104,11910,4231,13,38561,31607.0,Post-Disruption
1775,2025-08-05,2,1,101,11798,4266,12,50112,30584.0,Post-Disruption
1776,2023-03-14,1,1,103,8508,2389,6,66906,22432.0,Pre-Disruption
1777,2024-02-03,1,1,103,8652,2247,7,68246,23531.0,During-Disruption
1778,2024-07-31,3,3,104,6111,3183,9,75848,15963.5,During-Disruption
1779,2025-05-08,3,1,101,6217,2954,9,37975,17416.5,Post-Disruption
1780,2023-05-10,1,2,104,8487,2538,7,82799,22768.5,Pre-Disruption
1781,2025-07-19,2,1,103,11908,4118,14,74068,30759.0,Post-Disruption
1782,2023-09-23,1,1,101,8529,2201,4,35809,22786.5,Pre-Disruption
1783,2025-03-03,1,1,102,8582,2423,7,50379,22976.0,Post-Disruption
1784,2023-09-10,2,4,103,11782,4202,12,45676,31322.0,Pre-Disruption
1785,2025-04-01,1,2,104,8653,2855,5,48850,22822.5,Post-Disruption
1786,2023-06-13,3,4,104,6104,2910,6,61453,16979.0,Pre-Disruption
1787,2023-04-05,3,2,104,6123,3158,7,60029,16061.5,Pre-Disruption
1788,2025-04-12,4,1,104,1520,1897,2,27582,4514.0,Post-Disruption
1789,2023-12-02,2,1,104,11794,4668,12,29642,30099.0,During-Disruption
1790,2025-04-01,4,4,103,1623,1796,1,35273,5207.5,Post-Disruption
1791,2023-08-26,2,3,101,11938,4603,14,51187,31147.0,Pre-Disruption
1792,2024-01-16,2,1,104,11926,4414,15,19456,31477.0,During-Disruption
1793,2025-06-17,4,3,104,1541,1932,1,82325,5430.5,Post-Disruption
1794,2024-04-27,2,1,102,11750,4152,12,34001,30468.0,During-Disruption
1795,2025-06-20,1,1,102,8544,2575,5,56598,22397.0,Post-Disruption
1796,2025-11-14,3,1,101,6151,3033,6,50331,16435.5,Post-Disruption
1797,2024-04-26,4,3,103,1411,1715,4,33864,4536.5,During-Disruption
1798,2025-07-05,3,1,103,6194,2966,8,60442,16297.0,Post-Disruption
1799,2025-09-20,2,1,101,11828,4661,15,36535,31302.0,Post-Disruption
1800,2025-08-21,2,1,101,11710,4255,15,42641,30918.0,Post-Disruption
1801,2024-06-20,4,1,101,1671,2152,3,37190,5134.5,During-Disruption
1802,2025-11-01,1,2,104,8491,2892,4,16597,22972.5,Post-Disruption
1803,2023-05-08,2,1,103,11708,4187,12,82809,30272.0,Pre-Disruption
1804,2023-04-02,1,1,101,8522,2238,5,50547,22869.0,Pre-Disruption
1805,2024-06-26,2,4,102,11963,4479,12,36893,31833.5,During-Disruption
1806,2025-04-25,2,1,104,11980,4326,13,60376,30450.0,Post-Disruption
1807,2025-09-15,1,1,104,8518,2329,4,42215,21828.0,Post-Disruption
1808,2024-03-22,1,1,104,8589,2825,5,75708,22841.5,During-Disruption
1809,2024-01-25,2,2,104,11978,4062,14,19944,31812.0,During-Disruption
1810,2024-11-02,1,3,101,8699,2296,4,70395,22671.5,During-Disruption
1811,2023-02-12,1,1,104,8455,2611,4,28793,22725.5,Pre-Disruption
1812,2023-09-11,3,4,102,6295,3429,9,40438,16752.5,Pre-Disruption
1813,2025-12-19,1,3,102,8422,2645,5,25401,22976.0,Post-Disruption
1814,2024-10-24,2,3,101,11964,4608,13,58300,31368.0,During-Disruption
1815,2024-04-11,4,1,104,1644,1835,4,64313,5654.0,During-Disruption
1816,2023-10-14,1,1,102,8659,2879,4,84548,22978.5,Pre-Disruption
1817,2025-10-07,1,2,103,8630,2771,5,62972,22228.0,Post-Disruption
1818,2025-02-16,2,4,104,11909,4084,12,77772,31141.5,Post-Disruption
1819,2023-12-11,3,2,101,6261,3254,8,45269,16395.5,During-Disruption
1820,2024-10-03,4,1,103,1569,2001,2,83750,5514.5,During-Disruption
1821,2024-01-17,4,1,104,1689,1765,1,37750,5641.5,During-Disruption
1822,2024-11-20,3,2,103,6326,3127,8,70602,17803.0,During-Disruption
1823,2025-12-15,1,3,104,8442,2566,4,31235,21636.0,Post-Disruption
1824,2024-04-01,1,1,104,8594,2609,4,31954,22569.0,During-Disruption
1825,2025-09-09,1,1,102,8411,2259,6,43160,21941.5,Post-Disruption
1826,2023-03-24,1,1,103,8671,2363,5,61538,22409.5,Pre-Disruption
1827,2023-05-29,3,2,103,6161,3129,9,70440,16300.5,Pre-Disruption
1828,2023-07-09,2,3,101,11716,4593,15,18895,30991.0,Pre-Disruption
1829,2025-06-01,1,3,101,8670,2356,6,28956,22689.0,Post-Disruption
1830,2023-09-20,3,2,103,6125,3273,6,59888,15915.5,Pre-Disruption
1831,2024-02-04,1,1,102,8444,2441,7,15822,21644.0,During-Disruption
1832,2025-02-02,2,2,102,11844,4167,14,21626,30736.0,Post-Disruption
1833,2024-08-31,2,4,104,11764,4120,15,41158,30219.0,During-Disruption
1834,2025-02-23,2,4,101,11985,4001,12,47494,31178.5,Post-Disruption
1835,2023-04-11,2,4,101,11767,4117,14,72776,30770.5,Pre-Disruption
1836,2025-03-30,1,1,101,8699,2847,5,22062,23382.5,Post-Disruption
1837,2025-03-30,2,3,104,11795,4638,14,35124,30697.5,Post-Disruption
1838,2024-02-24,3,4,102,6159,3406,8,37627,16658.5,During-Disruption
1839,2023-05-04,4,2,101,1656,1973,4,20172,5491.0,Pre-Disruption
1840,2024-02-26,2,1,104,11718,4107,15,46870,30919.0,During-Disruption
1841,2025-12-22,2,4,103,11732,4298,13,36056,31263.0,Post-Disruption
1842,2025-02-06,3,1,102,6190,3332,9,55235,16569.0,Post-Disruption
1843,2024-04-27,4,1,103,1637,1711,4,60891,5837.5,During-Disruption
1844,2024-06-02,1,1,101,8423,2605,7,39311,22934.5,During-Disruption
1845,2023-06-04,2,2,104,11926,4499,12,23334,30982.0,Pre-Disruption
1846,2023-04-02,3,1,102,6364,3574,8,19705,17020.0,Pre-Disruption
1847,2025-09-08,2,1,101,11705,4018,15,27644,30001.5,Post-Disruption
1848,2024-03-30,1,3,102,8457,2219,4,64794,22020.5,During-Disruption
1849,2024-08-20,2,3,104,11799,4560,14,66651,31164.5,During-Disruption
1850,2024-05-24,1,3,104,8521,2705,5,19142,22044.5,During-Disruption
1851,2024-01-21,2,1,101,11856,4153,14,42376,30619.0,During-Disruption
1852,2024-02-09,2,2,102,11900,4514,12,81403,31617.0,During-Disruption
1853,2023-09-03,3,1,104,6324,3377,6,17947,16378.0,Pre-Disruption
1854,2025-01-11,2,1,102,11966,4383,13,45243,31130.0,Post-Disruption
1855,2024-10-22,1,1,102,8550,2880,4,58858,22792.0,During-Disruption
1856,2024-10-11,1,3,103,8656,2397,5,75239,23175.0,During-Disruption
1857,2025-06-19,3,1,101,6180,3078,7,50507,17066.0,Post-Disruption
1858,2023-03-06,1,1,101,8499,2814,4,20036,22233.5,Pre-Disruption
1859,2025-11-02,2,1,102,11804,4527,12,70783,30816.0,Post-Disruption
1860,2023-08-01,1,1,103,8651,2246,7,24778,23570.5,Pre-Disruption
1861,2023-08-30,3,4,102,6232,3457,9,46489,16853.0,Pre-Disruption
1862,2024-05-07,2,4,101,11798,4611,13,31912,30682.0,During-Disruption
1863,2023-12-04,1,1,101,8577,2382,4,18350,22973.5,During-Disruption
1864,2023-06-22,1,1,102,8664,2553,7,62275,22229.0,Pre-Disruption
1865,2024-11-02,3,1,102,6231,3386,9,57379,17450.5,During-Disruption
1866,2023-06-13,2,3,102,11898,4215,15,23716,30305.0,Pre-Disruption
1867,2024-04-09,3,1,101,6292,3322,9,56923,17507.0,During-Disruption
1868,2025-09-21,3,1,102,6307,3545,7,49531,16605.5,Post-Disruption
1869,2024-05-11,4,2,102,1456,1608,3,61149,5001.0,During-Disruption
1870,2024-11-30,1,1,104,8661,2412,4,31880,22455.5,During-Disruption
1871,2024-01-30,4,1,101,1629,1738,1,56167,5917.5,During-Disruption
1872,2024-12-03,1,1,102,8541,2520,7,20584,22470.5,During-Disruption
1873,2023-11-04,1,1,103,8462,2290,5,32885,22830.0,During-Disruption
1874,2023-07-02,3,2,101,6217,3214,8,28442,17441.5,Pre-Disruption
1875,2024-09-20,1,4,102,8644,2311,6,30636,22393.0,During-Disruption
1876,2024-05-24,1,1,102,8535,2312,4,82315,22894.5,During-Disruption
1877,2024-06-29,1,1,104,8495,2573,5,57993,23073.5,During-Disruption
1878,2024-09-15,2,4,104,11924,4262,13,17501,30591.0,During-Disruption
1879,2024-08-16,2,4,101,11707,4367,12,68658,30469.5,During-Disruption
1880,2025-01-13,3,1,104,6113,3277,8,41316,16443.5,Post-Disruption
1881,2024-07-07,3,2,104,6123,3573,7,51972,16286.5,During-Disruption
1882,2023-01-21,2,1,101,11891,4595,15,64178,30845.5,Pre-Disruption
1883,2024-07-07,1,3,103,8640,2756,5,65157,23031.0,During-Disruption
1884,2024-02-01,4,4,102,1424,1644,1,46236,5289.0,During-Disruption
1885,2024-09-16,1,2,102,8528,2470,4,28400,22368.0,During-Disruption
1886,2023-04-15,1,1,104,8486,2694,7,28414,22357.0,Pre-Disruption
1887,2023-07-11,1,1,102,8632,2885,6,23521,23067.0,Pre-Disruption
1888,2023-01-17,2,2,104,11988,4246,14,21051,31213.0,Pre-Disruption
1889,2024-01-28,1,2,101,8455,2373,7,28436,22724.5,During-Disruption
1890,2024-02-29,1,2,101,8589,2235,5,84553,22335.5,During-Disruption
1891,2023-05-09,1,1,101,8427,2501,4,42951,22808.5,Pre-Disruption
1892,2024-07-25,1,2,102,8428,2357,7,20176,21976.0,During-Disruption
1893,2023-01-29,2,2,104,11978,4650,12,54710,31411.0,Pre-Disruption
1894,2025-10-30,3,1,104,6271,2932,6,59408,17258.5,Post-Disruption
1895,2023-08-30,3,1,102,6137,3281,9,59125,17132.5,Pre-Disruption
1896,2023-08-20,1,1,101,8698,2623,6,53374,22509.0,Pre-Disruption
1897,2025-02-27,1,3,103,8665,2882,6,76960,23062.5,Post-Disruption
1898,2024-12-15,4,2,104,1426,2221,4,24736,5414.0,During-Disruption
1899,2025-01-28,1,3,104,8535,2878,7,53900,22458.5,Post-Disruption
1900,2025-03-12,3,1,102,6335,3536,7,80131,17506.5,Post-Disruption
1901,2025-02-14,1,4,103,8644,2494,7,34797,22174.0,Post-Disruption
1902,2024-12-26,4,3,101,1484,2292,1,77223,4577.0,During-Disruption
1903,2023-07-19,1,1,104,8412,2794,6,22937,22120.0,Pre-Disruption
1904,2025-08-02,2,1,102,11757,4414,12,22630,31308.5,Post-Disruption
1905,2023-03-20,3,1,103,6358,3218,8,65070,17398.0,Pre-Disruption
1906,2025-08-13,2,4,102,11799,4024,12,35085,31464.5,Post-Disruption
1907,2025-05-05,1,1,103,8503,2752,7,56115,22917.5,Post-Disruption
1908,2024-04-11,2,1,102,11960,4433,15,42690,31083.0,During-Disruption
1909,2024-08-03,3,1,103,6377,2958,7,32982,17604.5,During-Disruption
1910,2025-07-28,1,3,104,8465,2376,6,57640,21792.5,Post-Disruption
1911,2024-03-24,1,1,103,8488,2741,7,74299,22436.0,During-Disruption
1912,2023-03-28,2,1,101,11995,4044,14,42922,31259.5,Pre-Disruption
1913,2023-04-11,1,1,104,8487,2651,7,35331,22378.5,Pre-Disruption
1914,2025-10-28,2,1,101,11704,4308,13,69034,30581.0,Post-Disruption
1915,2025-04-24,1,1,104,8543,2353,7,18482,22290.5,Post-Disruption
1916,2023-03-28,2,2,103,11816,4551,15,67304,30146.0,Pre-Disruption
1917,2023-02-12,1,3,104,8670,2339,5,34019,22200.0,Pre-Disruption
1918,2024-02-12,2,3,102,11904,4581,12,21774,30838.0,During-Disruption
1919,2024-10-25,1,3,103,8474,2584,6,50579,21866.0,During-Disruption
1920,2025-11-06,1,1,102,8479,2847,4,71678,22335.5,Post-Disruption
1921,2023-05-28,1,3,102,8417,2823,4,65550,21919.5,Pre-Disruption
1922,2023-10-04,4,1,102,1616,1632,1,18402,5587.0,Pre-Disruption
1923,2023-08-20,1,1,102,8501,2570,6,18735,22751.5,Pre-Disruption
1924,2024-01-01,3,4,101,6231,3077,7,82970,16345.5,During-Disruption
1925,2024-03-11,1,3,103,8457,2559,7,30015,21972.5,During-Disruption
1926,2024-02-03,1,2,102,8511,2845,7,83755,23030.5,During-Disruption
1927,2024-05-13,2,4,101,11784,4435,12,44014,30068.0,During-Disruption
1928,2024-06-23,2,4,104,11815,4005,14,79708,31248.5,During-Disruption
1929,2024-07-16,4,2,102,1561,2290,1,64857,5148.5,During-Disruption
1930,2024-03-17,4,2,102,1685,2217,2,26612,5877.5,During-Disruption
1931,2025-02-11,3,3,101,6305,3130,9,25247,17331.5,Post-Disruption
1932,2023-12-16,2,1,104,11767,4400,15,25081,30159.5,During-Disruption
1933,2024-06-03,2,1,104,11947,4616,15,18528,31139.5,During-Disruption
1934,2023-05-18,1,3,101,8456,2222,7,29767,21780.0,Pre-Disruption
1935,2025-09-18,4,1,102,1564,1760,2,56560,5585.0,Post-Disruption
1936,2024-01-03,2,1,103,11865,4193,14,70521,30561.5,During-Disruption
1937,2023-12-26,2,1,101,11996,4265,14,42970,31030.0,During-Disruption
1938,2025-07-09,1,1,103,8403,2282,5,45702,21525.5,Post-Disruption
1939,2023-11-25,1,4,102,8694,2367,7,15475,22827.0,During-Disruption
1940,2025-08-19,4,2,102,1505,2254,3,44457,5461.5,Post-Disruption
1941,2024-04-07,1,2,104,8507,2754,5,34210,21987.5,During-Disruption
1942,2025-08-03,2,4,102,11869,4343,12,68065,30459.5,Post-Disruption
1943,2025-08-20,1,4,104,8666,2211,5,23573,22747.0,Post-Disruption
1944,2025-04-15,3,2,104,6366,3433,9,65622,16739.0,Post-Disruption
1945,2023-06-18,1,4,102,8453,2729,7,83800,22615.5,Pre-Disruption
1946,2023-08-05,3,1,104,6265,3349,9,60516,17113.5,Pre-Disruption
1947,2024-01-13,1,1,102,8653,2773,4,60269,22766.5,During-Disruption
1948,2023-04-29,3,1,104,6375,3490,8,80263,17877.5,Pre-Disruption
1949,2023-07-09,3,2,104,6253,3389,9,84260,16627.5,Pre-Disruption
1950,2025-02-05,1,2,102,8527,2366,4,33894,21839.5,Post-Disruption
1951,2024-01-05,2,2,103,11775,4661,13,64666,30398.5,During-Disruption
1952,2023-05-29,1,2,101,8620,2664,6,18467,22428.0,Pre-Disruption
1953,2024-10-13,1,1,102,8669,2816,6,47087,22360.5,During-Disruption
1954,2025-02-08,3,1,104,6222,2906,7,68305,16503.0,Post-Disruption
1955,2024-01-09,2,2,101,11724,4162,14,27771,30451.0,During-Disruption
1956,2025-02-19,1,1,103,8505,2394,5,24944,22110.5,Post-Disruption
1957,2023-06-09,1,2,102,8505,2518,4,75339,22459.5,Pre-Disruption
1958,2023-12-17,1,2,104,8502,2329,7,57466,22595.0,During-Disruption
1959,2025-06-10,3,2,104,6365,3008,6,28925,16439.5,Post-Disruption
1960,2024-06-06,1,1,102,8413,2418,7,81604,22204.5,During-Disruption
1961,2024-06-05,4,2,104,1532,2105,3,25895,5632.0,During-Disruption
1962,2025-02-21,4,3,101,1421,2028,2,63762,4850.5,Post-Disruption
1963,2023-09-30,1,4,104,8474,2841,5,33149,22756.0,Pre-Disruption
1964,2025-07-24,1,3,101,8684,2443,4,74172,23616.0,Post-Disruption
1965,2023-07-02,3,2,101,6343,3337,6,30331,17375.5,Pre-Disruption
1966,2024-05-02,1,1,102,8655,2506,6,19571,22693.5,During-Disruption
1967,2025-04-25,1,2,104,8545,2796,5,71559,23103.5,Post-Disruption
1968,2023-05-04,1,4,101,8611,2454,7,77906,22954.5,Pre-Disruption
1969,2025-09-11,2,1,104,11948,4326,14,46466,30676.0,Post-Disruption
1970,2025-02-28,3,1,101,6134,3308,8,44942,16649.0,Post-Disruption
1971,2024-02-18,1,1,103,8652,2200,6,71773,22958.0,During-Disruption
1972,2024-11-16,1,3,102,8659,2393,5,31378,23348.5,During-Disruption
1973,2023-04-23,4,1,102,1685,1963,1,44263,5258.5,Pre-Disruption
1974,2025-06-06,3,1,102,6280,3021,7,41149,17644.0,Post-Disruption
1975,2023-05-02,2,4,101,11909,4363,15,27936,31351.5,Pre-Disruption
1976,2023-02-08,3,2,103,6209,2903,7,19561,16709.5,Pre-Disruption
1977,2024-05-11,2,1,101,11841,4148,15,47992,30187.5,During-Disruption
1978,2025-02-18,3,1,102,6263,2960,9,78186,16816.5,Post-Disruption
1979,2025-07-31,1,1,101,8486,2316,7,58976,22625.0,Post-Disruption
1980,2023-05-29,1,1,102,8539,2883,5,40133,22420.5,Pre-Disruption
1981,2025-10-18,3,1,104,6261,3137,9,30019,17189.5,Post-Disruption
1982,2024-10-22,2,2,101,11725,4137,15,70787,30940.5,During-Disruption
1983,2023-10-29,4,3,104,1533,2057,3,72796,4509.5,Pre-Disruption
1984,2023-08-26,1,2,101,8514,2684,6,29834,21993.0,Pre-Disruption
1985,2024-10-08,4,1,102,1580,1681,2,50617,5542.0,During-Disruption
1986,2024-10-24,4,2,104,1546,2186,3,48509,5275.0,During-Disruption
1987,2023-08-24,1,3,101,8614,2246,6,25133,23050.0,Pre-Disruption
1988,2023-07-22,3,1,102,6176,3243,6,56113,17026.0,Pre-Disruption
1989,2023-09-13,2,1,101,11794,4338,13,51825,31179.0,Pre-Disruption
1990,2024-08-20,4,2,104,1617,1835,2,50582,5336.5,During-Disruption
1991,2024-10-23,2,2,101,11751,4463,14,30374,30258.5,During-Disruption
1992,2023-08-23,3,1,101,6373,3562,7,63820,17260.5,Pre-Disruption
1993,2024-06-17,2,3,104,11874,4375,13,60011,31518.0,During-Disruption
1994,2025-05-09,1,2,102,8432,2322,5,41862,22327.0,Post-Disruption
1995,2025-02-08,1,4,101,8531,2445,5,19944,21993.5,Post-Disruption
1996,2024-06-24,2,1,101,11974,4253,14,54072,31458.0,During-Disruption
1997,2023-08-01,3,3,103,6106,3465,6,54083,16393.0,Pre-Disruption
1998,2024-04-07,2,1,103,11926,4698,14,54768,30547.0,During-Disruption
1999,2024-03-11,2,2,102,11954,4280,12,44830,30547.0,During-Disruption
2000,2023-10-10,1,2,104,8681,2266,5,74252,22794.5,Pre-Disruption
2001,2023-03-29,2,1,102,11935,4652,15,27319,30840.5,Pre-Disruption
2002,2025-12-03,1,3,102,8583,2732,5,52158,23245.5,Post-Disruption
2003,2024-04-05,3,1,102,6298,3433,7,59946,16750.0,During-Disruption
2004,2023-10-05,4,2,101,1602,1774,4,19681,5139.0,Pre-Disruption
2005,2024-02-25,2,1,101,11835,4190,13,21727,30146.5,During-Disruption
2006,2024-11-26,1,3,102,8687,2484,5,19429,23302.5,During-Disruption
2007,2024-05-29,1,1,102,8689,2504,7,52225,23351.5,During-Disruption
2008,2024-12-03,2,3,103,11845,4406,13,73273,31279.5,During-Disruption
2009,2023-01-19,2,3,104,11906,4331,13,81470,30664.0,Pre-Disruption
2010,2023-01-23,3,3,102,6154,3204,6,47119,16873.0,Pre-Disruption
2011,2024-02-17,1,1,103,8698,2868,6,51580,22788.0,During-Disruption
2012,2025-11-19,3,2,102,6349,3450,7,48640,16729.5,Post-Disruption
2013,2023-04-18,2,1,104,11974,4336,13,66758,30921.0,Pre-Disruption
2014,2023-05-16,1,3,102,8604,2229,5,69970,22256.0,Pre-Disruption
2015,2023-12-28,2,3,104,11891,4439,12,83804,31482.5,During-Disruption
2016,2023-05-09,1,2,101,8401,2457,5,18984,21539.5,Pre-Disruption
2017,2024-05-29,2,3,104,11884,4562,14,38924,30888.0,During-Disruption
2018,2024-03-24,3,1,102,6261,3133,9,78287,16597.5,During-Disruption
2019,2025-05-23,2,2,103,11748,4025,12,39769,31340.0,Post-Disruption
2020,2024-04-17,3,1,101,6189,3422,9,66803,15987.5,During-Disruption
2021,2025-10-30,2,4,103,11950,4383,12,69677,30428.0,Post-Disruption
2022,2023-10-29,1,4,102,8421,2735,5,64519,22300.5,Pre-Disruption
2023,2023-08-19,2,3,101,11911,4392,12,47233,30294.5,Pre-Disruption
2024,2025-07-11,2,4,103,11933,4461,13,33993,31103.5,Post-Disruption
2025,2025-12-25,1,1,102,8571,2337,7,22615,22475.5,Post-Disruption
2026,2025-07-25,1,4,103,8490,2309,7,44409,23044.0,Post-Disruption
2027,2023-04-22,2,1,104,11862,4474,14,42319,31246.0,Pre-Disruption
2028,2025-11-02,1,3,104,8684,2527,6,33273,23634.0,Post-Disruption
2029,2024-05-14,1,3,102,8405,2405,4,40103,22488.5,During-Disruption
2030,2025-07-20,2,1,103,11943,4070,12,66299,31244.5,Post-Disruption
2031,2024-08-20,1,1,102,8558,2409,5,39853,22582.0,During-Disruption
2032,2023-08-22,4,1,103,1522,1784,4,81559,4323.0,Pre-Disruption
2033,2024-08-24,1,4,101,8587,2801,7,56723,22564.5,During-Disruption
2034,2023-11-10,3,1,102,6113,3282,6,64184,16528.5,During-Disruption
2035,2024-07-19,2,2,102,11769,4398,15,62223,31394.5,During-Disruption
2036,2025-11-01,3,3,103,6238,3444,8,80921,16403.0,Post-Disruption
2037,2023-07-28,1,1,102,8478,2858,4,54524,21840.0,Pre-Disruption
2038,2025-11-03,4,1,101,1693,2281,3,46456,5538.5,Post-Disruption
2039,2025-11-09,2,2,103,11779,4313,13,68333,31062.5,Post-Disruption
2040,2024-08-09,3,1,103,6245,3127,8,83125,17596.5,During-Disruption
2041,2025-10-11,1,3,103,8624,2857,4,74168,23502.0,Post-Disruption
2042,2025-12-29,1,1,101,8626,2345,6,43468,22393.0,Post-Disruption
2043,2024-11-28,2,1,101,11879,4021,14,15393,31557.5,During-Disruption
2044,2023-05-12,1,2,102,8423,2800,4,48434,22998.5,Pre-Disruption
2045,2025-11-09,2,1,103,11798,4691,13,61977,30777.0,Post-Disruption
2046,2024-06-19,1,4,101,8669,2499,6,67077,22756.5,During-Disruption
2047,2025-10-10,2,4,104,11793,4264,12,33642,30852.5,Post-Disruption
2048,2023-08-15,4,1,102,1679,1649,3,66466,5795.5,Pre-Disruption
2049,2025-04-01,2,1,101,11968,4374,14,62741,31403.0,Post-Disruption
2050,2025-05-20,3,1,101,6246,2960,9,71441,17223.0,Post-Disruption
2051,2024-02-09,2,1,101,11984,4018,14,47799,31162.0,During-Disruption
2052,2023-07-21,2,2,102,11721,4307,13,48059,30139.5,Pre-Disruption
2053,2023-02-07,4,3,101,1401,2136,3,56559,4795.5,Pre-Disruption
2054,2025-07-30,3,1,101,6202,3106,6,80706,16181.0,Post-Disruption
2055,2023-07-07,3,1,104,6135,3224,6,21511,16608.5,Pre-Disruption
2056,2025-12-16,1,1,104,8693,2274,7,68044,23705.5,Post-Disruption
2057,2025-07-29,2,1,104,11973,4652,15,17930,31600.5,Post-Disruption
2058,2025-11-09,1,3,101,8450,2617,6,77359,21871.0,Post-Disruption
2059,2023-09-30,2,2,104,11842,4327,15,83475,31257.0,Pre-Disruption
2060,2024-08-05,2,1,103,11716,4280,13,57877,30378.0,During-Disruption
2061,2024-05-30,3,1,104,6176,3502,9,31495,16653.0,During-Disruption
2062,2024-06-09,3,4,104,6377,2974,6,64506,17546.5,During-Disruption
2063,2023-12-02,2,1,101,11822,4575,15,39457,30685.0,During-Disruption
2064,2024-11-28,1,4,103,8573,2793,5,66461,23168.5,During-Disruption
2065,2025-12-14,3,1,104,6231,3549,7,46335,17469.5,Post-Disruption
2066,2024-05-14,1,4,101,8662,2808,7,41323,23285.0,During-Disruption
2067,2025-06-18,2,3,103,11970,4611,15,38599,31073.0,Post-Disruption
2068,2025-02-04,1,1,104,8607,2440,7,52788,23135.5,Post-Disruption
2069,2024-06-19,1,3,101,8695,2204,4,60992,23359.5,During-Disruption
2070,2023-06-11,4,2,103,1625,1814,1,35311,5467.5,Pre-Disruption
2071,2024-08-16,1,1,104,8588,2778,5,19424,22658.0,During-Disruption
2072,2023-06-08,2,1,103,11843,4486,15,50687,30154.5,Pre-Disruption
2073,2023-03-01,1,2,103,8650,2556,6,78572,22300.0,Pre-Disruption
2074,2025-07-03,4,2,101,1644,1993,2,55794,5008.0,Post-Disruption
2075,2023-07-30,3,3,102,6117,3054,6,37127,15836.5,Pre-Disruption
2076,2024-02-10,1,3,103,8602,2590,5,21225,23286.0,During-Disruption
2077,2024-10-25,1,2,103,8603,2568,4,37021,22320.5,During-Disruption
2078,2024-06-25,2,3,103,11701,4028,14,34227,29917.5,During-Disruption
2079,2025-09-24,1,2,103,8453,2622,7,21249,22647.5,Post-Disruption
2080,2025-07-15,2,1,103,11865,4008,15,49451,30642.5,Post-Disruption
2081,2025-05-17,1,4,102,8542,2399,7,79376,22735.0,Post-Disruption
2082,2023-01-19,1,1,101,8491,2644,6,64298,23222.5,Pre-Disruption
2083,2024-03-07,2,1,102,11707,4333,14,51644,30465.5,During-Disruption
2084,2025-01-09,1,3,101,8651,2429,6,41300,22735.5,Post-Disruption
2085,2023-07-02,3,1,102,6199,3292,8,26948,16187.5,Pre-Disruption
2086,2023-04-23,1,1,101,8438,2507,4,83094,21637.0,Pre-Disruption
2087,2024-04-25,1,1,104,8535,2530,5,56694,22608.5,During-Disruption
2088,2025-04-10,4,2,103,1449,1959,3,30873,4804.5,Post-Disruption
2089,2025-02-01,2,4,101,11782,4674,12,23078,30191.0,Post-Disruption
2090,2024-04-20,3,2,101,6353,3486,7,22529,17198.5,During-Disruption
2091,2025-02-01,1,2,103,8595,2382,5,26484,22518.5,Post-Disruption
2092,2025-08-28,2,1,104,11726,4386,14,41705,30499.0,Post-Disruption
2093,2025-10-16,3,1,103,6176,3008,8,63312,16596.0,Post-Disruption
2094,2023-06-10,1,1,101,8693,2538,5,73224,22809.5,Pre-Disruption
2095,2024-02-05,3,1,101,6354,3099,7,32232,17634.0,During-Disruption
2096,2023-07-17,2,1,103,11720,4180,12,54698,30233.0,Pre-Disruption
2097,2024-10-21,1,1,102,8617,2739,6,28560,22495.5,During-Disruption
2098,2025-12-06,2,1,103,11744,4564,13,37810,31010.0,Post-Disruption
2099,2024-02-03,2,3,101,11881,4436,13,25225,30843.5,During-Disruption
2100,2023-03-19,1,4,101,8685,2239,7,30987,22638.5,Pre-Disruption
2101,2023-05-04,2,4,101,11843,4221,14,20801,31531.5,Pre-Disruption
2102,2023-03-16,1,2,104,8451,2496,4,35731,21699.5,Pre-Disruption
2103,2023-05-17,2,1,103,11950,4677,12,44677,31546.0,Pre-Disruption
2104,2024-08-24,3,3,104,6205,2928,9,42981,16432.5,During-Disruption
2105,2025-04-16,2,1,103,11996,4201,14,23899,30925.0,Post-Disruption
2106,2024-05-14,4,2,104,1598,2084,1,44591,4776.0,During-Disruption
2107,2023-05-18,1,3,102,8679,2329,7,24046,22605.5,Pre-Disruption
2108,2023-02-19,2,3,101,11847,4047,12,55394,30436.5,Pre-Disruption
2109,2025-08-30,3,4,101,6202,3315,6,47736,17443.0,Post-Disruption
2110,2023-09-11,2,3,103,11701,4599,15,41244,30677.5,Pre-Disruption
2111,2024-12-10,2,2,101,11955,4570,13,73906,30755.5,During-Disruption
2112,2024-07-16,1,1,104,8459,2656,5,24822,22040.5,During-Disruption
2113,2025-01-26,1,4,102,8490,2248,4,38883,23170.0,Post-Disruption
2114,2024-06-30,1,1,104,8500,2275,6,26438,22370.0,During-Disruption
2115,2025-07-10,4,4,104,1513,2145,3,22103,5777.5,Post-Disruption
2116,2024-08-03,1,1,103,8661,2447,6,38627,23273.5,During-Disruption
2117,2023-02-18,3,1,101,6153,3189,9,51279,17277.5,Pre-Disruption
2118,2025-07-05,2,3,104,11887,4534,12,65303,31213.5,Post-Disruption
2119,2024-12-04,1,1,103,8426,2730,7,76951,22740.0,During-Disruption
2120,2023-09-18,2,3,104,11939,4435,14,64429,31451.5,Pre-Disruption
2121,2023-12-22,3,1,104,6179,3282,9,23522,16987.5,During-Disruption
2122,2024-09-29,3,4,104,6289,2995,7,55499,17315.5,During-Disruption
2123,2025-01-12,1,2,103,8490,2450,6,81406,22236.0,Post-Disruption
2124,2025-10-06,1,2,102,8434,2440,6,45135,22416.0,Post-Disruption
2125,2025-07-19,1,1,104,8457,2504,5,54013,22515.5,Post-Disruption
2126,2024-10-02,1,1,104,8588,2756,5,23568,22207.0,During-Disruption
2127,2025-03-02,2,3,103,11952,4587,12,77719,30794.0,Post-Disruption
2128,2024-09-03,3,1,101,6135,3518,9,84629,15893.5,During-Disruption
2129,2025-03-19,1,1,102,8491,2771,4,24013,23154.5,Post-Disruption
2130,2024-11-16,3,2,103,6155,3339,6,43673,17340.5,During-Disruption
2131,2023-07-07,2,1,101,11766,4487,12,66015,31068.0,Pre-Disruption
2132,2025-09-11,1,1,103,8568,2697,4,76085,22536.0,Post-Disruption
2133,2024-07-01,1,1,103,8686,2331,5,42779,22808.0,During-Disruption
2134,2024-12-25,3,1,102,6230,3301,7,77918,16124.0,During-Disruption
2135,2025-07-14,3,4,102,6265,3568,9,30703,16631.5,Post-Disruption
2136,2025-05-25,2,1,102,11751,4375,15,21495,30685.5,Post-Disruption
2137,2024-09-09,1,4,102,8551,2766,7,63530,22361.5,During-Disruption
2138,2024-02-18,1,1,101,8504,2897,5,61434,22091.0,During-Disruption
2139,2025-06-21,1,1,104,8491,2886,6,84289,22692.5,Post-Disruption
2140,2023-06-12,2,2,103,11900,4542,14,24425,30394.0,Pre-Disruption
2141,2023-09-27,3,1,102,6392,3270,9,76476,16685.0,Pre-Disruption
2142,2024-09-23,1,2,104,8618,2611,6,66221,22950.0,During-Disruption
2143,2025-06-24,3,4,101,6166,3054,6,48952,16004.0,Post-Disruption
2144,2023-07-24,2,1,102,11868,4244,15,66558,31644.0,Pre-Disruption
2145,2024-08-04,2,3,103,11727,4541,14,30713,29986.5,During-Disruption
2146,2025-04-20,4,1,104,1687,2160,1,43080,5978.5,Post-Disruption
2147,2024-08-18,1,1,102,8431,2881,4,49646,22039.5,During-Disruption
2148,2023-09-07,4,1,103,1565,1674,1,75853,5835.5,Pre-Disruption
2149,2025-05-24,1,4,104,8535,2405,4,15829,23026.5,Post-Disruption
2150,2023-07-15,1,1,103,8467,2627,6,36788,22320.5,Pre-Disruption
2151,2024-11-20,3,4,101,6253,3320,7,29204,16551.5,During-Disruption
2152,2025-12-29,4,2,102,1495,2272,1,27301,4633.5,Post-Disruption
2153,2024-09-30,2,1,102,11896,4148,15,71619,31450.0,During-Disruption
2154,2024-11-02,2,1,103,11807,4087,14,73609,31304.5,During-Disruption
2155,2025-08-01,3,3,104,6145,3405,6,76312,16972.5,Post-Disruption
2156,2023-07-18,3,3,102,6285,3067,9,76186,17468.5,Pre-Disruption
2157,2024-05-06,1,1,103,8684,2388,4,84111,22518.0,During-Disruption
2158,2025-06-14,3,4,101,6182,3013,7,24313,16669.0,Post-Disruption
2159,2023-05-22,2,1,102,11837,4012,12,44821,30224.5,Pre-Disruption
2160,2023-06-14,2,4,103,11936,4677,13,45879,31836.0,Pre-Disruption
2161,2023-11-10,2,3,104,11844,4156,15,53152,30413.0,During-Disruption
2162,2023-01-21,2,3,102,11977,4180,14,28558,30721.5,Pre-Disruption
2163,2025-09-10,4,3,102,1499,1919,1,37712,4447.5,Post-Disruption
2164,2023-11-01,2,2,101,11713,4291,13,45265,30272.5,During-Disruption
2165,2024-01-06,4,2,103,1661,2215,4,57679,4949.5,During-Disruption
2166,2025-05-02,1,2,104,8446,2822,4,21926,22775.0,Post-Disruption
2167,2024-01-19,3,1,101,6324,3559,6,29966,16757.0,During-Disruption
2168,2024-03-20,3,2,101,6243,3376,6,31015,16303.5,During-Disruption
2169,2024-02-29,2,1,101,11895,4650,13,66058,31351.5,During-Disruption
2170,2023-06-10,2,1,103,11989,4432,14,16262,31203.5,Pre-Disruption
2171,2024-09-20,2,1,103,11956,4168,15,77692,30450.0,During-Disruption
2172,2025-06-13,3,1,102,6107,3301,7,80500,16617.5,Post-Disruption
2173,2024-05-04,3,1,103,6377,3057,8,27353,16513.5,During-Disruption
2174,2025-10-13,1,4,101,8689,2583,7,31673,23044.5,Post-Disruption
2175,2023-11-23,3,1,103,6392,3297,7,33658,16931.0,During-Disruption
2176,2024-08-20,2,3,104,11722,4055,13,68022,30003.0,During-Disruption
2177,2025-10-11,1,1,102,8483,2272,6,67747,22530.5,Post-Disruption
2178,2023-10-16,3,1,101,6354,3372,9,63064,16667.0,Pre-Disruption
2179,2024-08-15,2,1,102,11723,4179,14,35654,30981.5,During-Disruption
2180,2024-07-26,3,1,103,6137,3502,8,67864,16905.5,During-Disruption
2181,2023-01-28,1,2,102,8620,2393,5,32230,22420.0,Pre-Disruption
2182,2025-08-11,1,2,102,8613,2583,6,72026,22508.5,Post-Disruption
2183,2023-02-12,2,1,103,11784,4228,12,58903,30017.0,Pre-Disruption
2184,2024-02-27,1,1,102,8403,2874,4,55241,22054.5,During-Disruption
2185,2023-06-26,3,4,103,6294,3502,6,19982,17511.0,Pre-Disruption
2186,2024-06-12,1,1,101,8513,2465,4,33303,22495.5,During-Disruption
2187,2025-08-23,2,1,102,11914,4638,15,55547,30700.0,Post-Disruption
2188,2023-07-17,1,2,104,8540,2270,6,32523,22088.0,Pre-Disruption
2189,2024-09-01,1,1,104,8566,2290,6,39227,22298.0,During-Disruption
2190,2025-04-21,3,4,101,6386,3505,6,37254,16871.0,Post-Disruption
2191,2025-05-02,1,2,103,8404,2275,7,42522,22701.0,Post-Disruption
2192,2023-01-22,2,1,103,11826,4615,14,79471,30175.0,Pre-Disruption
2193,2025-12-16,4,1,102,1485,2044,1,22177,5667.5,Post-Disruption
2194,2025-12-25,2,2,102,11785,4196,13,41585,31281.5,Post-Disruption
2195,2025-04-21,3,1,104,6123,3083,8,42186,16091.5,Post-Disruption
2196,2023-04-08,1,4,104,8444,2276,5,52934,21910.0,Pre-Disruption
2197,2024-03-10,1,2,103,8510,2647,6,28689,22377.0,During-Disruption
2198,2024-09-28,3,1,104,6389,3196,8,32204,17017.5,During-Disruption
2199,2024-08-10,3,2,103,6284,3287,8,27084,17323.0,During-Disruption
2200,2023-12-10,2,1,101,11934,4321,13,68646,30916.0,During-Disruption
2201,2024-07-24,2,1,101,11856,4420,15,44108,30989.0,During-Disruption
2202,2024-09-02,2,2,104,11860,4545,13,59152,31244.0,During-Disruption
2203,2023-08-31,1,2,102,8599,2833,4,39308,22638.5,Pre-Disruption
2204,2024-07-14,3,2,104,6221,3205,9,34162,16405.5,During-Disruption
2205,2025-08-17,2,1,104,11923,4345,13,30133,30947.5,Post-Disruption
2206,2023-02-01,2,2,104,11722,4640,13,50450,30437.0,Pre-Disruption
2207,2024-01-26,3,1,102,6296,3549,6,81024,16421.0,During-Disruption
2208,2023-10-04,1,2,104,8684,2460,5,78992,23358.0,Pre-Disruption
2209,2024-06-15,1,2,102,8405,2545,7,63206,21621.5,During-Disruption
2210,2024-01-18,3,2,104,6188,3583,7,73734,17379.0,During-Disruption
2211,2025-12-27,3,4,102,6372,3558,9,81874,16593.0,Post-Disruption
2212,2025-06-02,2,4,102,11983,4148,12,48901,31695.5,Post-Disruption
2213,2023-08-02,1,4,102,8664,2617,7,78039,22262.0,Pre-Disruption
2214,2024-01-11,1,4,102,8514,2228,5,78475,22188.0,During-Disruption
2215,2025-01-13,2,3,102,11823,4613,12,18162,31245.5,Post-Disruption
2216,2023-08-01,1,4,101,8659,2662,7,64390,23214.5,Pre-Disruption
2217,2023-03-20,3,4,103,6268,3460,9,22410,17333.0,Pre-Disruption
2218,2024-09-19,4,3,103,1435,1788,3,22120,5142.5,During-Disruption
2219,2024-08-26,3,1,102,6328,2964,8,41702,16568.0,During-Disruption
2220,2025-02-20,1,1,103,8533,2658,5,29810,22637.5,Post-Disruption
2221,2025-09-27,3,3,102,6343,3575,8,51854,16899.5,Post-Disruption
2222,2024-11-10,1,1,104,8464,2423,5,76769,22189.0,During-Disruption
2223,2023-02-27,1,3,101,8636,2675,4,78997,22502.0,Pre-Disruption
2224,2025-11-15,1,1,104,8402,2525,7,47682,22495.0,Post-Disruption
2225,2025-05-30,1,1,104,8436,2718,4,64928,22420.0,Post-Disruption
2226,2024-03-22,4,3,102,1508,2172,1,61780,5149.0,During-Disruption
2227,2023-03-07,1,4,104,8649,2391,6,17948,22970.5,Pre-Disruption
2228,2025-12-03,1,1,101,8402,2287,7,55003,22036.0,Post-Disruption
2229,2025-10-08,4,4,104,1634,2057,1,32330,5639.0,Post-Disruption
2230,2023-08-15,1,3,101,8650,2357,7,62722,22822.0,Pre-Disruption
2231,2025-02-12,3,1,101,6242,3172,9,52705,17103.0,Post-Disruption
2232,2024-11-09,1,1,102,8647,2531,4,21898,22507.5,During-Disruption
2233,2024-08-23,1,1,101,8455,2481,7,25994,21860.5,During-Disruption
2234,2024-01-14,4,1,104,1460,2256,2,16124,5132.0,During-Disruption
2235,2024-12-09,1,1,102,8467,2362,7,81924,22623.5,During-Disruption
2236,2023-11-03,2,1,101,11778,4173,13,72758,30453.0,During-Disruption
2237,2025-02-17,1,1,101,8595,2307,5,36526,22035.5,Post-Disruption
2238,2024-05-18,1,3,103,8594,2500,5,84183,23371.0,During-Disruption
2239,2023-09-25,1,2,102,8422,2530,4,64991,22362.0,Pre-Disruption
2240,2023-01-08,1,2,103,8413,2343,5,48974,22241.5,Pre-Disruption
2241,2024-05-22,1,1,101,8688,2257,7,24847,23258.0,During-Disruption
2242,2024-04-20,3,3,103,6108,3197,8,61851,16115.0,During-Disruption
2243,2023-06-13,2,4,104,11839,4187,14,73664,31588.5,Pre-Disruption
2244,2024-04-29,1,2,104,8641,2639,6,44259,22881.5,During-Disruption
2245,2025-12-31,2,4,101,11952,4487,13,58976,30872.0,Post-Disruption
2246,2024-07-20,4,3,103,1626,1989,1,28591,4803.0,During-Disruption
2247,2025-06-23,4,3,103,1494,1619,2,66247,4900.0,Post-Disruption
2248,2024-07-12,3,3,102,6278,3111,8,29946,17120.0,During-Disruption
2249,2023-08-26,3,1,104,6102,3435,9,76215,16615.0,Pre-Disruption
2250,2024-07-07,1,1,104,8583,2802,5,28261,22882.5,During-Disruption
2251,2025-04-07,1,1,102,8445,2763,6,16985,21688.5,Post-Disruption
2252,2024-04-12,2,1,104,11991,4649,15,47414,30709.5,During-Disruption
2253,2024-01-21,2,1,103,11840,4664,12,37847,31569.0,During-Disruption
2254,2025-02-13,2,4,103,11712,4219,15,51514,29950.0,Post-Disruption
2255,2025-04-27,2,1,104,11885,4172,12,22311,30745.5,Post-Disruption
2256,2024-01-22,4,4,102,1484,1600,4,68176,4956.0,During-Disruption
2257,2025-05-26,3,2,101,6142,3367,6,26428,16855.0,Post-Disruption
2258,2023-09-16,2,1,101,11855,4024,12,67835,30409.5,Pre-Disruption
2259,2023-10-10,3,1,101,6283,3103,6,23165,17255.5,Pre-Disruption
2260,2023-02-09,1,1,101,8446,2400,5,49561,22371.0,Pre-Disruption
2261,2024-04-30,1,4,103,8605,2390,7,57670,22849.5,During-Disruption
2262,2025-07-17,1,3,101,8609,2608,4,78081,23291.5,Post-Disruption
2263,2023-08-08,2,1,103,11974,4477,15,37462,30983.0,Pre-Disruption
2264,2025-10-11,1,4,103,8482,2503,5,48451,22178.0,Post-Disruption
2265,2025-10-20,3,3,101,6196,3477,8,69917,17326.0,Post-Disruption
2266,2024-09-04,1,1,101,8578,2735,6,73776,23437.0,During-Disruption
2267,2025-07-16,2,2,101,11847,4081,12,70866,31495.5,Post-Disruption
2268,2024-11-18,1,2,104,8684,2802,5,25680,23692.0,During-Disruption
2269,2024-09-04,1,1,104,8471,2883,7,42705,22192.5,During-Disruption
2270,2023-09-17,3,3,102,6316,3446,6,65943,16347.0,Pre-Disruption
2271,2025-09-16,2,1,103,11908,4545,14,41393,30441.0,Post-Disruption
2272,2025-08-23,4,1,101,1693,1861,2,69418,6085.5,Post-Disruption
2273,2024-01-01,4,1,104,1523,1776,3,27749,4579.5,During-Disruption
2274,2024-06-27,1,4,102,8555,2855,5,81287,23140.5,During-Disruption
2275,2024-10-10,1,3,103,8432,2414,6,83962,21725.0,During-Disruption
2276,2025-03-24,3,1,103,6368,3040,6,39878,17880.0,Post-Disruption
2277,2025-11-05,4,1,103,1615,1867,1,48479,5835.5,Post-Disruption
2278,2024-07-28,2,1,104,11800,4138,12,31909,30853.0,During-Disruption
2279,2025-10-09,3,3,101,6279,2946,8,55089,17025.5,Post-Disruption
2280,2024-10-31,3,1,101,6226,2959,9,40335,17423.0,During-Disruption
2281,2023-09-26,1,3,103,8568,2760,6,19701,22219.0,Pre-Disruption
2282,2025-07-12,2,4,103,11834,4563,14,66698,30231.0,Post-Disruption
2283,2023-09-04,3,2,102,6391,2960,9,39295,17397.5,Pre-Disruption
2284,2023-05-11,2,1,102,11792,4094,12,39460,30528.0,Pre-Disruption
2285,2023-12-19,1,1,103,8620,2831,6,36219,23070.0,During-Disruption
2286,2023-07-15,1,1,102,8554,2674,6,81442,22966.0,Pre-Disruption
2287,2025-07-18,1,2,104,8679,2239,4,70453,23488.5,Post-Disruption
2288,2025-10-18,1,2,103,8598,2545,6,53422,22026.0,Post-Disruption
2289,2024-10-06,4,2,102,1640,1926,4,83461,5009.0,During-Disruption
2290,2023-08-15,1,1,103,8497,2636,5,31518,22172.5,Pre-Disruption
2291,2024-12-01,1,4,101,8649,2605,6,15736,22343.5,During-Disruption
2292,2023-09-22,1,1,104,8504,2410,7,23329,21810.0,Pre-Disruption
2293,2024-10-07,2,1,103,11960,4037,12,65589,31208.0,During-Disruption
2294,2023-07-30,2,3,101,11828,4467,13,36935,31067.0,Pre-Disruption
2295,2025-07-31,1,1,103,8658,2516,4,66439,23630.0,Post-Disruption
2296,2024-04-01,1,3,101,8691,2410,4,21680,22931.5,During-Disruption
2297,2024-12-25,1,3,102,8539,2282,4,67235,22419.5,During-Disruption
2298,2025-09-08,2,2,101,11714,4355,13,48690,30679.0,Post-Disruption
2299,2024-08-10,1,1,104,8583,2829,7,26079,22415.5,During-Disruption
2300,2024-04-20,4,1,104,1415,2138,4,40404,4839.5,During-Disruption
2301,2025-09-12,2,1,102,11920,4208,15,41211,30896.0,Post-Disruption
2302,2023-06-05,1,1,103,8462,2836,7,26729,22956.0,Pre-Disruption
2303,2023-07-09,3,4,104,6340,3175,7,60766,17826.0,Pre-Disruption
2304,2025-09-07,1,2,102,8678,2691,4,78479,23258.0,Post-Disruption
2305,2024-06-29,2,1,104,11956,4297,14,18264,31367.0,During-Disruption
2306,2023-02-10,1,4,102,8584,2783,5,21825,23148.0,Pre-Disruption
2307,2023-11-03,2,3,104,11775,4057,12,36645,30876.5,During-Disruption
2308,2025-07-31,3,1,102,6126,3195,8,54159,16061.0,Post-Disruption
2309,2023-12-04,4,1,104,1424,2058,1,42405,4397.0,During-Disruption
2310,2025-08-10,1,1,103,8461,2830,7,42970,22175.5,Post-Disruption
2311,2023-10-06,1,4,101,8545,2595,5,68090,23290.5,Pre-Disruption
2312,2025-06-14,2,2,104,11932,4373,13,41608,30369.0,Post-Disruption
2313,2023-09-30,4,4,102,1685,1661,3,53700,5765.5,Pre-Disruption
2314,2025-04-16,4,1,103,1483,2045,2,75295,5038.5,Post-Disruption
2315,2024-09-11,1,4,104,8574,2286,4,57933,22231.0,During-Disruption
2316,2025-05-11,1,1,102,8569,2810,4,50734,22768.5,Post-Disruption
2317,2025-07-19,2,4,101,11989,4398,14,21471,30774.5,Post-Disruption
2318,2023-10-16,1,4,102,8403,2323,6,66557,22238.5,Pre-Disruption
2319,2024-12-24,1,1,104,8686,2718,6,61614,23498.0,During-Disruption
2320,2025-06-11,1,3,102,8449,2845,6,42706,22227.5,Post-Disruption
2321,2023-09-29,2,3,102,11969,4282,15,67067,30853.5,Pre-Disruption
2322,2025-12-25,4,4,101,1407,2113,1,32066,5353.5,Post-Disruption
2323,2024-04-27,4,1,104,1468,2271,1,47638,5058.0,During-Disruption
2324,2025-07-24,1,1,104,8538,2356,4,25487,22086.0,Post-Disruption
2325,2023-09-05,2,4,101,11947,4225,12,52689,31097.5,Pre-Disruption
2326,2023-06-05,3,3,103,6128,3554,9,67221,16683.0,Pre-Disruption
2327,2025-12-06,1,1,102,8582,2593,6,18967,22446.0,Post-Disruption
2328,2024-03-29,2,3,102,11912,4265,13,40507,30590.0,During-Disruption
2329,2023-07-20,2,1,102,11718,4265,12,55223,30726.0,Pre-Disruption
2330,2023-05-04,1,3,104,8625,2748,5,52056,22720.5,Pre-Disruption
2331,2023-01-01,2,1,104,11929,4287,15,78163,30467.5,Pre-Disruption
2332,2025-08-25,1,1,102,8495,2491,7,23691,22466.5,Post-Disruption
2333,2025-05-04,2,1,104,11814,4319,14,27439,31024.0,Post-Disruption
2334,2024-10-01,1,1,101,8579,2672,7,68822,22870.5,During-Disruption
2335,2023-07-10,1,2,101,8477,2598,6,82574,21842.5,Pre-Disruption
2336,2024-05-30,1,2,104,8675,2272,5,29492,22649.5,During-Disruption
2337,2024-03-17,3,1,102,6281,3427,9,48084,16212.5,During-Disruption
2338,2023-05-23,2,1,102,11794,4082,14,17647,30411.0,Pre-Disruption
2339,2024-06-16,2,3,102,11785,4173,13,56946,30814.5,During-Disruption
2340,2023-08-15,2,1,102,11794,4427,12,29419,30880.0,Pre-Disruption
2341,2025-08-06,2,2,104,11844,4587,14,43867,30410.0,Post-Disruption
2342,2024-04-04,1,2,103,8647,2490,6,71597,22155.5,During-Disruption
2343,2024-07-04,3,4,103,6280,3280,7,53717,17190.0,During-Disruption
2344,2024-01-28,1,3,102,8692,2762,5,19473,22820.0,During-Disruption
2345,2025-04-24,1,1,102,8418,2562,5,66089,23033.0,Post-Disruption
2346,2023-07-29,3,3,102,6237,3085,7,31137,17076.5,Pre-Disruption
2347,2024-10-07,1,4,103,8443,2204,5,51638,22782.5,During-Disruption
2348,2023-08-07,1,1,101,8625,2461,6,35718,23080.5,Pre-Disruption
2349,2024-02-11,2,4,103,11736,4178,13,38660,30780.0,During-Disruption
2350,2025-06-06,2,2,104,11919,4141,12,20209,31612.5,Post-Disruption
2351,2024-07-11,3,1,103,6227,3167,7,50608,16942.5,During-Disruption
2352,2024-07-03,2,1,104,11842,4625,15,33039,30620.0,During-Disruption
2353,2023-05-22,2,2,102,11882,4469,14,52905,30909.0,Pre-Disruption
2354,2024-09-03,3,1,104,6142,3591,6,32047,16468.0,During-Disruption
2355,2024-05-15,1,1,102,8609,2267,6,15501,22717.5,During-Disruption
2356,2025-04-19,1,1,101,8447,2306,7,69926,22523.5,Post-Disruption
2357,2024-12-02,2,1,102,11919,4570,13,66071,30893.5,During-Disruption
2358,2024-08-18,1,1,102,8595,2636,6,38303,22548.5,During-Disruption
2359,2023-10-08,4,2,101,1571,1630,3,75970,4774.5,Pre-Disruption
2360,2024-02-28,3,1,102,6336,3446,7,69765,16903.0,During-Disruption
2361,2025-05-05,1,4,102,8574,2720,6,53649,22196.0,Post-Disruption
2362,2023-09-27,1,1,102,8431,2820,6,36479,22902.5,Pre-Disruption
2363,2023-06-03,1,1,103,8623,2854,6,37900,22766.5,Pre-Disruption
2364,2024-09-05,1,1,104,8453,2241,7,75005,23100.5,During-Disruption
2365,2024-10-23,1,1,102,8585,2386,7,28780,22250.5,During-Disruption
2366,2023-03-24,2,1,103,11933,4596,15,30861,31180.5,Pre-Disruption
2367,2025-08-04,3,2,102,6330,3200,6,37041,17729.0,Post-Disruption
2368,2025-06-17,3,3,104,6209,3160,8,38705,16417.5,Post-Disruption
2369,2023-10-11,1,1,102,8499,2689,5,31141,22033.5,Pre-Disruption
2370,2025-09-06,1,1,104,8599,2870,5,53528,22991.5,Post-Disruption
2371,2023-06-22,2,1,103,11910,4664,14,42229,30820.0,Pre-Disruption
2372,2025-12-22,3,3,103,6320,3595,7,18345,16331.0,Post-Disruption
2373,2025-02-01,3,3,102,6249,3156,6,65842,16673.5,Post-Disruption
2374,2024-09-24,4,1,101,1562,1666,2,65932,5807.0,During-Disruption
2375,2025-02-25,2,1,104,11842,4219,15,55547,31159.0,Post-Disruption
2376,2025-07-31,2,4,102,11957,4322,15,61612,31811.5,Post-Disruption
2377,2025-10-08,1,1,103,8644,2805,7,51277,23115.0,Post-Disruption
2378,2024-02-02,2,2,102,11849,4058,15,74344,30419.5,During-Disruption
2379,2025-07-22,1,1,104,8511,2377,5,31401,23070.5,Post-Disruption
2380,2024-11-06,2,2,102,11798,4460,14,62265,30837.0,During-Disruption
2381,2025-07-24,2,4,104,11802,4289,12,45155,30704.0,Post-Disruption
2382,2024-04-09,1,4,103,8610,2311,4,31374,23273.0,During-Disruption
2383,2023-10-13,1,3,101,8411,2523,5,28326,21941.5,Pre-Disruption
2384,2023-09-22,1,1,101,8625,2381,5,31948,23524.5,Pre-Disruption
2385,2023-11-16,1,1,103,8547,2665,7,59086,22925.5,During-Disruption
2386,2024-11-03,1,1,103,8578,2423,6,62017,21971.0,During-Disruption
2387,2025-03-30,1,4,102,8406,2597,7,59187,22159.0,Post-Disruption
2388,2023-03-30,1,3,103,8551,2359,6,23582,22975.5,Pre-Disruption
2389,2025-03-31,1,1,103,8469,2653,7,54050,22618.5,Post-Disruption
2390,2025-09-27,4,1,104,1452,1962,1,61753,4872.0,Post-Disruption
2391,2023-11-30,1,2,102,8561,2874,6,34193,22505.5,During-Disruption
2392,2023-08-10,1,4,104,8492,2202,4,49940,23153.0,Pre-Disruption
2393,2023-02-10,2,2,102,11850,4592,15,27568,31520.0,Pre-Disruption
2394,2023-03-09,3,1,102,6157,3590,6,42063,16827.5,Pre-Disruption
2395,2025-09-14,2,1,101,11895,4359,13,22919,30582.5,Post-Disruption
2396,2024-05-28,1,1,101,8607,2514,4,42094,23384.5,During-Disruption
2397,2024-11-25,2,4,103,11998,4605,12,61684,30690.0,During-Disruption
2398,2025-11-05,3,4,102,6161,2921,9,39438,17385.5,Post-Disruption
2399,2024-04-21,3,4,103,6294,3320,6,83017,16444.0,During-Disruption
2400,2025-12-21,2,3,104,11754,4125,12,82594,30858.0,Post-Disruption
2401,2025-05-30,3,2,103,6148,3304,7,15414,16397.0,Post-Disruption
2402,2024-03-07,3,2,104,6205,3554,8,71649,16640.5,During-Disruption
2403,2023-09-25,2,2,101,11777,4267,14,62925,31263.5,Pre-Disruption
2404,2025-11-24,2,3,101,11983,4614,12,43495,30860.5,Post-Disruption
2405,2025-02-17,2,1,104,11756,4567,14,52431,30079.0,Post-Disruption
2406,2024-05-08,3,2,104,6268,3005,8,47628,17565.0,During-Disruption
2407,2024-10-22,1,1,104,8606,2855,4,57704,22121.0,During-Disruption
2408,2025-10-09,4,1,103,1659,2144,4,39836,5314.5,Post-Disruption
2409,2025-11-24,1,3,104,8675,2828,4,38119,22630.5,Post-Disruption
2410,2025-09-03,2,4,102,11862,4170,14,47392,31475.0,Post-Disruption
2411,2024-04-26,3,2,104,6343,3204,7,70636,17765.5,During-Disruption
2412,2024-12-28,1,1,101,8649,2533,6,65121,22649.5,During-Disruption
2413,2024-04-24,2,4,104,11738,4017,15,15094,31256.0,During-Disruption
2414,2025-12-24,1,3,101,8520,2599,4,20230,23133.0,Post-Disruption
2415,2025-10-28,1,1,101,8485,2367,6,76765,22764.5,Post-Disruption
2416,2023-12-09,1,2,103,8498,2534,6,69493,22456.0,During-Disruption
2417,2023-11-28,1,1,104,8645,2354,5,24066,23329.5,During-Disruption
2418,2024-03-13,1,1,101,8607,2829,7,60149,22680.5,During-Disruption
2419,2023-06-23,4,4,102,1512,1975,3,77436,5088.0,Pre-Disruption
2420,2024-07-12,4,1,104,1482,1680,3,56295,4267.0,During-Disruption
2421,2024-06-10,1,1,104,8464,2649,4,41100,22153.0,During-Disruption
2422,2024-10-20,3,1,101,6100,3209,9,76807,16019.0,During-Disruption
2423,2023-01-26,1,1,103,8573,2879,5,30655,23127.5,Pre-Disruption
2424,2025-03-30,1,1,103,8649,2884,6,32662,23274.5,Post-Disruption
2425,2024-08-27,1,1,104,8625,2554,7,57768,22947.5,During-Disruption
2426,2024-02-10,4,1,104,1683,1923,4,75287,5059.5,During-Disruption
2427,2023-08-20,4,1,103,1483,1827,4,84301,4846.5,Pre-Disruption
2428,2024-06-16,1,1,103,8638,2390,7,62128,22745.0,During-Disruption
2429,2024-05-19,1,1,102,8427,2879,6,21285,21714.5,During-Disruption
2430,2023-06-28,1,2,104,8686,2496,7,64579,22975.0,Pre-Disruption
2431,2023-05-12,2,2,104,11981,4188,12,51888,31554.5,Pre-Disruption
2432,2023-12-14,2,1,104,11882,4192,12,76916,31448.0,During-Disruption
2433,2024-06-23,1,2,103,8534,2712,5,38374,22239.0,During-Disruption
2434,2025-02-10,3,4,101,6156,2908,7,18758,17000.0,Post-Disruption
2435,2023-03-17,1,4,102,8514,2786,7,28543,22625.0,Pre-Disruption
2436,2024-08-01,4,1,103,1585,1742,2,16680,4865.5,During-Disruption
2437,2025-05-03,2,3,103,11700,4486,15,30704,29866.0,Post-Disruption
2438,2023-07-13,2,1,102,11728,4193,12,78469,30321.0,Pre-Disruption
2439,2023-12-13,3,1,104,6331,3421,6,24445,17074.5,During-Disruption
2440,2025-08-08,3,1,101,6249,3332,6,61364,16295.5,Post-Disruption
2441,2023-08-02,1,1,102,8589,2338,4,27210,23101.5,Pre-Disruption
2442,2024-07-26,1,2,101,8669,2229,5,61085,23292.5,During-Disruption
2443,2025-02-18,4,2,104,1647,1878,2,20356,5094.5,Post-Disruption
2444,2023-09-19,1,3,101,8594,2241,7,67758,22532.0,Pre-Disruption
2445,2024-12-30,1,1,104,8654,2427,5,74193,23007.0,During-Disruption
2446,2023-10-10,2,1,103,11778,4479,12,59582,30505.0,Pre-Disruption
2447,2023-12-28,3,1,104,6197,3316,6,48708,17437.5,During-Disruption
2448,2024-03-16,3,1,102,6249,3100,9,59444,17556.5,During-Disruption
2449,2023-04-03,4,4,102,1673,1920,1,61110,6030.5,Pre-Disruption
2450,2025-01-22,2,3,104,11822,4689,12,23664,30935.0,Post-Disruption
2451,2025-05-16,1,4,104,8497,2567,7,33885,23234.5,Post-Disruption
2452,2023-05-22,2,2,103,11863,4597,15,25878,31607.5,Pre-Disruption
2453,2025-01-18,3,1,103,6145,3459,8,50296,17240.5,Post-Disruption
2454,2024-10-14,1,1,104,8638,2525,5,33740,22420.0,During-Disruption
2455,2024-12-01,1,1,101,8629,2509,5,19171,22080.5,During-Disruption
2456,2025-09-24,1,1,103,8692,2560,7,79861,23234.0,Post-Disruption
2457,2023-02-18,2,3,102,11943,4527,14,59306,31471.5,Pre-Disruption
2458,2025-05-30,3,1,103,6117,3539,7,22468,16496.5,Post-Disruption
2459,2024-07-08,2,1,103,11870,4302,12,42580,30460.0,During-Disruption
2460,2024-02-08,4,3,103,1556,2296,4,30414,5556.0,During-Disruption
2461,2025-06-10,1,4,103,8603,2841,7,47753,22422.5,Post-Disruption
2462,2025-05-14,4,1,104,1545,2276,2,41140,5085.5,Post-Disruption
2463,2024-08-24,3,2,103,6242,3504,6,37319,17060.0,During-Disruption
2464,2023-12-07,1,1,101,8586,2478,4,78800,22915.0,During-Disruption
2465,2024-12-04,4,2,103,1521,2252,4,70775,5386.5,During-Disruption
2466,2023-11-14,1,1,103,8499,2826,7,74223,22040.5,During-Disruption
2467,2024-09-09,3,1,102,6383,3220,6,18176,16796.5,During-Disruption
2468,2024-01-17,3,2,103,6114,3376,9,24290,16663.0,During-Disruption
2469,2023-08-21,3,1,102,6142,3203,8,38792,16673.0,Pre-Disruption
2470,2025-03-27,2,3,102,11988,4518,13,28702,30655.0,Post-Disruption
2471,2024-07-06,1,4,104,8586,2255,4,23873,23080.0,During-Disruption
2472,2025-05-05,2,1,102,11707,4191,13,44837,31021.5,Post-Disruption
2473,2025-03-29,1,3,102,8511,2221,6,67377,22939.5,Post-Disruption
2474,2023-07-02,3,2,101,6132,2979,9,56142,16711.0,Pre-Disruption
2475,2025-11-30,3,1,101,6189,3183,7,25422,16747.5,Post-Disruption
2476,2024-02-01,4,2,102,1548,2027,2,23364,5171.0,During-Disruption
2477,2025-02-17,1,2,104,8611,2302,7,74201,22688.5,Post-Disruption
2478,2025-06-25,3,2,101,6215,3041,7,66353,16226.5,Post-Disruption
2479,2023-05-07,4,4,101,1572,2196,2,38128,4782.0,Pre-Disruption
2480,2023-01-01,3,2,104,6119,3302,8,58392,15835.5,Pre-Disruption
2481,2023-01-19,1,4,103,8531,2788,5,24111,22923.5,Pre-Disruption
2482,2024-08-06,1,2,101,8691,2789,7,39421,23112.5,During-Disruption
2483,2024-03-31,1,1,102,8636,2361,7,63960,22111.0,During-Disruption
2484,2025-08-14,2,1,102,11776,4593,15,61104,30652.0,Post-Disruption
2485,2024-03-20,2,1,102,11922,4215,12,53187,30335.0,During-Disruption
2486,2024-08-24,4,2,104,1525,2077,3,37411,5625.5,During-Disruption
2487,2023-04-13,1,2,102,8438,2762,5,56833,22430.0,Pre-Disruption
2488,2025-09-14,1,1,103,8608,2875,5,32101,23121.0,Post-Disruption
2489,2024-06-03,2,1,104,11805,4250,15,70955,31478.5,During-Disruption
2490,2025-05-08,3,1,101,6239,3309,9,25734,17557.5,Post-Disruption
2491,2023-06-23,4,1,104,1648,2274,4,60479,6004.0,Pre-Disruption
2492,2025-10-01,3,2,102,6154,3218,9,69088,16610.0,Post-Disruption
2493,2024-03-06,2,3,104,11817,4387,12,84892,30095.5,During-Disruption
2494,2024-12-27,2,4,104,11875,4084,14,71448,30557.5,During-Disruption
2495,2025-04-29,3,1,104,6312,3414,8,81058,16376.0,Post-Disruption
2496,2025-09-16,2,2,104,11964,4004,12,45709,31294.0,Post-Disruption
2497,2024-09-30,1,2,103,8539,2434,5,53416,22376.5,During-Disruption
2498,2024-02-24,1,4,104,8683,2612,5,34011,23624.5,During-Disruption
2499,2024-08-16,1,2,102,8672,2574,6,34460,23239.0,During-Disruption
2500,2024-04-29,3,1,101,6121,3174,8,37996,16119.5,During-Disruption
2501,2024-02-16,1,1,103,8586,2570,5,60806,23358.0,During-Disruption
2502,2025-07-24,1,2,104,8606,2731,4,74110,23089.0,Post-Disruption
2503,2023-11-28,1,3,101,8546,2593,4,24955,22151.0,During-Disruption
2504,2024-10-16,2,4,103,11853,4660,13,31937,30781.5,During-Disruption
2505,2023-02-10,1,1,102,8507,2827,4,52350,22009.5,Pre-Disruption
2506,2025-08-16,2,4,102,11999,4003,15,22970,31811.5,Post-Disruption
2507,2023-04-15,1,1,101,8698,2733,6,62864,22657.0,Pre-Disruption
2508,2023-07-21,1,4,104,8550,2723,5,27034,22096.0,Pre-Disruption
2509,2024-03-25,2,4,101,11874,4405,15,49166,31239.0,During-Disruption
2510,2025-06-28,1,2,103,8454,2612,7,57731,22506.0,Post-Disruption
2511,2023-07-29,1,3,101,8666,2388,4,71004,23256.0,Pre-Disruption
2512,2024-07-16,1,1,101,8553,2516,4,83964,22875.5,During-Disruption
2513,2024-12-13,3,1,104,6289,3438,8,71791,17006.5,During-Disruption
2514,2025-02-09,2,1,102,11848,4430,14,62278,30215.0,Post-Disruption
2515,2024-03-29,1,1,104,8407,2539,5,17612,21741.5,During-Disruption
2516,2024-10-28,1,2,102,8547,2853,6,40542,22601.5,During-Disruption
2517,2024-09-20,4,1,104,1572,2118,4,75114,5799.0,During-Disruption
2518,2024-01-22,2,4,102,11780,4429,14,79824,30172.0,During-Disruption
2519,2023-10-23,2,1,104,11778,4426,15,51564,30935.0,Pre-Disruption
2520,2023-09-15,3,2,102,6159,3421,9,28509,17204.5,Pre-Disruption
2521,2023-09-25,3,2,102,6194,3590,7,55743,17262.0,Pre-Disruption
2522,2024-02-23,3,1,102,6227,3414,6,40597,16186.5,During-Disruption
2523,2023-08-23,2,1,102,11821,4614,14,22170,30189.5,Pre-Disruption
2524,2025-09-12,2,1,104,11986,4299,13,34469,30792.0,Post-Disruption
2525,2024-07-27,1,3,103,8486,2253,6,30763,22592.0,During-Disruption
2526,2023-02-18,4,2,102,1480,1761,4,43365,4939.0,Pre-Disruption
2527,2023-08-11,2,1,102,11721,4448,14,26457,30396.5,Pre-Disruption
2528,2025-07-09,1,3,102,8651,2410,4,57920,22666.5,Post-Disruption
2529,2023-10-04,4,1,102,1589,2046,3,75990,5583.5,Pre-Disruption
2530,2024-02-24,4,2,102,1485,1669,3,72775,5608.5,During-Disruption
2531,2024-09-02,4,1,101,1407,1900,4,72878,4650.5,During-Disruption
2532,2024-01-10,3,3,101,6329,2967,8,35655,17736.5,During-Disruption
2533,2023-03-14,4,4,102,1551,1881,1,51726,4716.5,Pre-Disruption
2534,2025-11-19,1,3,102,8677,2353,6,66726,23016.5,Post-Disruption
2535,2023-07-14,3,1,102,6114,3361,9,60874,17074.0,Pre-Disruption
2536,2025-04-26,3,1,103,6386,3123,7,19247,16546.0,Post-Disruption
2537,2025-11-30,1,3,104,8647,2567,7,36779,22982.5,Post-Disruption
2538,2025-12-22,1,1,102,8654,2388,7,49389,22532.0,Post-Disruption
2539,2023-01-23,4,1,103,1566,1985,4,66122,5128.0,Pre-Disruption
2540,2023-12-26,1,3,103,8480,2240,5,56390,22057.0,During-Disruption
2541,2024-07-13,3,1,102,6395,3584,6,42818,17286.5,During-Disruption
2542,2024-11-02,1,1,104,8468,2876,7,82654,21850.0,During-Disruption
2543,2024-11-09,1,4,101,8582,2841,7,43728,22969.0,During-Disruption
2544,2024-03-15,2,1,102,11763,4516,12,17214,30466.5,During-Disruption
2545,2025-07-21,1,1,102,8663,2329,4,83843,23316.5,Post-Disruption
2546,2023-01-07,2,3,101,11785,4687,14,17969,31250.5,Pre-Disruption
2547,2024-02-25,2,4,104,11743,4021,12,24613,30059.5,During-Disruption
2548,2025-04-12,1,1,101,8693,2240,5,37847,23015.5,Post-Disruption
2549,2024-07-12,1,2,102,8548,2352,7,20934,22156.0,During-Disruption
2550,2025-07-02,1,3,102,8659,2757,7,19627,22279.5,Post-Disruption
2551,2025-10-03,1,1,103,8458,2549,5,35486,22765.0,Post-Disruption
2552,2023-05-06,3,1,101,6193,2908,8,62999,17099.5,Pre-Disruption
2553,2024-01-30,2,1,103,11704,4612,15,20233,29853.0,During-Disruption
2554,2025-03-27,1,3,103,8482,2246,7,27779,23023.0,Post-Disruption
2555,2025-05-30,2,3,103,11736,4329,14,79820,30879.0,Post-Disruption
2556,2024-07-29,1,1,103,8426,2202,6,56964,22038.0,During-Disruption
2557,2023-11-21,1,3,101,8412,2608,6,69670,22489.0,During-Disruption
2558,2025-07-18,1,3,101,8464,2235,5,32022,23143.0,Post-Disruption
2559,2025-04-12,3,1,101,6302,3142,7,22903,16465.0,Post-Disruption
2560,2025-11-20,4,2,102,1579,2033,1,63581,5005.5,Post-Disruption
2561,2025-04-16,3,1,104,6396,3317,8,26099,16932.0,Post-Disruption
2562,2025-07-14,1,4,103,8670,2418,5,43791,22273.0,Post-Disruption
2563,2024-03-18,1,2,102,8414,2400,5,72272,21554.0,During-Disruption
2564,2023-03-16,2,2,101,11700,4393,12,82094,29770.0,Pre-Disruption
2565,2024-07-10,3,2,101,6370,3438,7,47395,17629.0,During-Disruption
2566,2023-12-29,4,2,102,1447,2200,4,28231,4810.5,During-Disruption
2567,2024-03-23,1,4,103,8581,2468,5,25863,22512.5,During-Disruption
2568,2023-09-19,1,2,101,8582,2323,6,39201,23378.0,Pre-Disruption
2569,2023-05-05,2,4,103,11913,4399,12,83496,31577.5,Pre-Disruption
2570,2025-06-29,3,2,103,6126,3180,8,60697,16861.0,Post-Disruption
2571,2023-09-02,3,1,104,6325,3332,8,79187,16419.5,Pre-Disruption
2572,2024-06-25,2,4,101,11857,4399,12,24727,30977.5,During-Disruption
2573,2024-04-29,4,2,102,1459,1601,4,48260,4751.5,During-Disruption
2574,2023-05-02,2,2,104,11765,4328,12,55648,29935.5,Pre-Disruption
2575,2023-05-05,4,4,103,1573,2234,4,34374,5207.5,Pre-Disruption
2576,2023-06-19,4,1,102,1451,1982,4,25636,4579.5,Pre-Disruption
2577,2023-05-04,3,1,104,6342,3488,8,63713,16469.0,Pre-Disruption
2578,2025-11-24,1,1,104,8690,2277,6,34967,22618.0,Post-Disruption
2579,2024-10-07,1,2,104,8643,2531,6,28979,23058.5,During-Disruption
2580,2025-02-24,2,3,103,11820,4162,14,30857,30669.0,Post-Disruption
2581,2023-07-20,2,4,103,11741,4149,12,82917,30629.5,Pre-Disruption
2582,2024-01-04,3,1,101,6283,3459,7,77098,16802.5,During-Disruption
2583,2025-03-07,1,3,104,8444,2825,4,40973,23037.0,Post-Disruption
2584,2023-03-18,1,4,102,8451,2704,5,43122,22639.5,Pre-Disruption
2585,2023-02-28,3,2,103,6250,3475,6,17499,17250.0,Pre-Disruption
2586,2024-03-06,1,1,104,8428,2349,6,19279,21835.0,During-Disruption
2587,2024-09-29,1,2,102,8456,2784,5,47653,21722.0,During-Disruption
2588,2023-04-19,1,4,103,8674,2246,4,44589,23121.0,Pre-Disruption
2589,2025-10-04,2,4,102,11908,4361,12,58385,31589.0,Post-Disruption
2590,2023-03-09,1,2,102,8407,2892,7,74568,21762.5,Pre-Disruption
2591,2025-12-28,3,4,101,6346,3273,6,52474,17649.0,Post-Disruption
2592,2023-11-01,2,1,103,11894,4094,14,25275,31045.0,During-Disruption
2593,2024-11-04,4,1,103,1427,1700,1,47992,5077.5,During-Disruption
2594,2023-12-31,2,4,103,11995,4389,12,25232,31662.5,During-Disruption
2595,2025-03-31,1,1,103,8634,2794,6,21999,23482.0,Post-Disruption
2596,2023-12-09,1,1,101,8529,2281,5,65468,23191.5,During-Disruption
2597,2025-08-04,1,1,101,8475,2832,5,18544,22357.5,Post-Disruption
2598,2025-06-17,2,2,104,11932,4412,14,30612,31471.0,Post-Disruption
2599,2025-01-31,1,2,103,8629,2202,5,28362,22699.5,Post-Disruption
2600,2023-12-07,1,1,102,8588,2212,7,50564,22676.0,During-Disruption
2601,2025-07-30,2,4,101,11701,4163,12,55196,31149.5,Post-Disruption
2602,2024-01-18,1,4,102,8464,2816,4,66965,21788.0,During-Disruption
2603,2025-09-30,1,1,102,8451,2544,5,78592,22853.5,Post-Disruption
2604,2023-10-27,3,1,102,6133,3065,7,19462,16030.5,Pre-Disruption
2605,2023-05-19,4,3,104,1639,1674,2,79828,5363.5,Pre-Disruption
2606,2023-12-25,1,2,104,8528,2259,6,15832,22748.0,During-Disruption
2607,2025-04-15,1,1,103,8642,2581,7,44779,23205.0,Post-Disruption
2608,2024-04-27,4,1,101,1497,1672,4,44740,5712.5,During-Disruption
2609,2025-06-27,1,1,103,8475,2860,5,70785,23136.5,Post-Disruption
2610,2025-05-15,4,1,104,1618,1722,3,37577,5052.0,Post-Disruption
2611,2023-05-19,1,1,104,8500,2666,5,60871,22825.0,Pre-Disruption
2612,2025-09-22,3,2,102,6218,3188,8,82784,16222.0,Post-Disruption
2613,2024-03-10,1,3,103,8539,2715,6,83882,23319.5,During-Disruption
2614,2024-05-23,4,3,102,1624,2080,1,17237,5696.0,During-Disruption
2615,2023-09-30,1,1,104,8654,2436,5,71453,23394.0,Pre-Disruption
2616,2023-04-14,2,3,103,11772,4171,12,33020,31119.0,Pre-Disruption
2617,2025-01-31,1,1,103,8555,2584,4,58788,22184.5,Post-Disruption
2618,2025-02-25,1,1,101,8658,2645,7,82187,22524.0,Post-Disruption
2619,2023-06-14,3,3,104,6163,3106,8,76134,16073.5,Pre-Disruption
2620,2025-09-25,2,2,104,11735,4149,14,26204,30198.5,Post-Disruption
2621,2024-06-03,4,1,101,1647,2170,3,55436,5457.5,During-Disruption
2622,2024-05-31,2,2,104,11743,4150,14,71860,31334.5,During-Disruption
2623,2024-10-18,3,4,102,6218,3572,6,18582,16548.0,During-Disruption
2624,2024-09-04,2,2,102,11880,4112,14,30029,30958.0,During-Disruption
2625,2023-06-13,4,3,102,1469,1831,4,50297,4628.5,Pre-Disruption
2626,2023-03-05,4,4,103,1666,2087,4,41634,5523.0,Pre-Disruption
2627,2023-09-24,1,3,102,8618,2582,4,24769,23366.0,Pre-Disruption
2628,2023-09-03,3,2,104,6289,3273,6,20586,17146.5,Pre-Disruption
2629,2024-01-30,3,1,101,6355,3597,7,30108,17094.5,During-Disruption
2630,2024-04-20,1,1,102,8586,2446,5,78958,22149.0,During-Disruption
2631,2025-09-03,2,2,102,11926,4139,14,80966,30732.0,Post-Disruption
2632,2025-11-09,1,3,103,8460,2823,4,35816,22364.0,Post-Disruption
2633,2024-07-11,3,1,104,6267,3301,6,40694,16943.5,During-Disruption
2634,2025-10-14,1,4,101,8531,2324,7,80082,22621.5,Post-Disruption
2635,2025-06-01,1,1,104,8554,2555,7,51893,22825.0,Post-Disruption
2636,2023-05-27,2,3,102,11971,4238,15,40473,30549.5,Pre-Disruption
2637,2024-10-27,2,1,104,11909,4512,12,30447,31532.5,During-Disruption
2638,2024-09-11,3,1,101,6106,3532,7,41843,17232.0,During-Disruption
2639,2025-03-30,4,3,102,1410,2200,1,42818,4628.0,Post-Disruption
2640,2025-05-13,2,1,104,11899,4531,12,72568,31697.5,Post-Disruption
2641,2024-08-04,1,1,101,8650,2472,4,64559,22185.0,During-Disruption
2642,2025-10-19,3,2,102,6163,3076,7,33589,16818.5,Post-Disruption
2643,2024-11-25,2,2,102,11879,4405,15,77148,30288.5,During-Disruption
2644,2024-02-11,2,3,104,11827,4113,14,47570,30964.5,During-Disruption
2645,2024-02-03,1,4,103,8661,2226,6,78683,22385.5,During-Disruption
2646,2024-12-15,2,1,103,11819,4699,14,65344,31016.5,During-Disruption
2647,2024-12-04,1,2,101,8447,2617,5,58826,22147.5,During-Disruption
2648,2025-01-30,3,2,104,6168,3498,7,66543,16937.0,Post-Disruption
2649,2024-05-13,2,4,101,11961,4591,14,16422,31189.5,During-Disruption
2650,2025-08-31,3,4,104,6329,3361,8,63877,17147.5,Post-Disruption
2651,2023-03-23,2,3,101,11951,4179,13,34657,31396.5,Pre-Disruption
2652,2024-08-26,1,2,101,8630,2766,6,77060,22901.0,During-Disruption
2653,2025-02-10,3,1,104,6323,3146,6,78705,17698.5,Post-Disruption
2654,2025-06-21,2,1,103,11906,4499,15,46819,31525.0,Post-Disruption
2655,2023-12-31,1,2,101,8427,2516,5,60376,22881.5,During-Disruption
2656,2023-06-12,2,3,104,11918,4433,15,45504,31679.0,Pre-Disruption
2657,2025-12-07,1,2,104,8500,2432,6,57288,22911.0,Post-Disruption
2658,2024-05-25,3,3,104,6157,3520,8,19177,16515.5,During-Disruption
2659,2023-04-26,2,1,102,11723,4368,13,49084,30048.5,Pre-Disruption
2660,2025-07-29,3,3,104,6326,3566,7,30707,16606.0,Post-Disruption
2661,2023-12-03,1,1,104,8568,2367,4,79060,22356.0,During-Disruption
2662,2025-05-30,1,1,102,8645,2267,5,64746,22871.5,Post-Disruption
2663,2025-01-06,4,1,102,1611,2150,4,30564,5604.5,Post-Disruption
2664,2025-04-19,3,4,103,6365,3554,7,41651,16939.5,Post-Disruption
2665,2023-05-27,1,1,104,8420,2544,4,35664,21599.0,Pre-Disruption
2666,2024-03-18,1,3,101,8523,2729,7,61209,22600.5,During-Disruption
2667,2025-04-16,1,1,102,8496,2251,6,62173,22538.0,Post-Disruption
2668,2025-11-02,2,1,102,11837,4444,13,68796,30280.5,Post-Disruption
2669,2025-07-31,3,4,103,6192,3491,8,31600,16917.0,Post-Disruption
2670,2023-10-14,3,2,103,6194,3592,6,21007,16666.0,Pre-Disruption
2671,2024-12-20,2,1,103,11723,4139,13,60750,31007.5,During-Disruption
2672,2024-04-24,3,1,104,6235,3308,6,70908,16305.5,During-Disruption
2673,2023-01-22,2,4,104,11832,4334,14,39541,30738.0,Pre-Disruption
2674,2024-11-13,1,1,104,8453,2480,7,57321,22351.5,During-Disruption
2675,2025-06-24,2,2,102,11991,4404,12,84728,31756.5,Post-Disruption
2676,2023-11-16,4,1,103,1511,1721,2,72940,5101.5,During-Disruption
2677,2023-05-06,3,1,102,6230,3546,7,68133,16432.0,Pre-Disruption
2678,2023-10-04,2,1,101,11977,4459,14,52551,31089.5,Pre-Disruption
2679,2023-07-13,2,2,104,11963,4688,14,51346,30596.5,Pre-Disruption
2680,2024-11-26,4,3,102,1477,1638,3,44284,5675.5,During-Disruption
2681,2023-02-26,2,1,101,11962,4074,14,53327,31437.0,Pre-Disruption
2682,2023-01-19,1,3,102,8467,2760,5,65904,22546.5,Pre-Disruption
2683,2023-09-21,4,4,101,1461,1816,2,81235,4926.5,Pre-Disruption
2684,2025-03-04,3,4,102,6274,3145,7,48120,17196.0,Post-Disruption
2685,2023-04-23,1,1,102,8679,2617,4,63396,23409.5,Pre-Disruption
2686,2024-06-25,2,1,104,11935,4202,15,72214,31383.5,During-Disruption
2687,2024-10-08,2,4,102,11835,4655,15,62284,30383.5,During-Disruption
2688,2024-08-01,1,1,102,8623,2718,7,78456,22384.5,During-Disruption
2689,2025-12-24,4,1,103,1488,2212,1,23668,5199.0,Post-Disruption
2690,2023-01-25,2,4,102,11806,4295,14,35474,30025.0,Pre-Disruption
2691,2023-01-01,3,1,104,6140,3349,8,30540,16874.0,Pre-Disruption
2692,2025-06-29,1,1,102,8585,2427,6,81397,23162.5,Post-Disruption
2693,2023-05-21,2,1,104,11887,4102,13,15085,31028.5,Pre-Disruption
2694,2024-10-09,1,3,103,8408,2291,4,54658,22868.0,During-Disruption
2695,2023-07-07,3,1,104,6279,3256,9,43035,17362.5,Pre-Disruption
2696,2023-07-20,2,4,103,11885,4698,14,50409,30730.5,Pre-Disruption
2697,2023-09-14,2,2,103,11781,4145,15,76617,31098.5,Pre-Disruption
2698,2024-06-30,1,2,103,8576,2466,6,57821,22383.0,During-Disruption
2699,2023-07-13,1,1,103,8493,2318,7,43357,22474.5,Pre-Disruption
2700,2024-12-03,1,1,103,8515,2702,5,30521,22686.5,During-Disruption
2701,2025-03-12,1,2,104,8559,2463,4,73593,23159.5,Post-Disruption
2702,2025-07-30,2,1,103,11944,4275,14,29528,30514.0,Post-Disruption
2703,2024-02-18,2,4,103,11982,4058,14,20265,31412.0,During-Disruption
2704,2025-06-28,2,1,103,11912,4346,14,71841,31310.0,Post-Disruption
2705,2023-07-07,2,2,103,11851,4664,14,70937,30564.5,Pre-Disruption
2706,2023-02-14,1,1,103,8565,2385,4,27754,23407.5,Pre-Disruption
2707,2023-03-24,1,3,101,8542,2314,4,54356,23335.0,Pre-Disruption
2708,2023-12-24,1,1,102,8424,2561,6,84513,23032.0,During-Disruption
2709,2025-12-25,3,1,102,6299,3135,9,44560,16862.5,Post-Disruption
2710,2025-07-24,2,4,103,11932,4441,13,41714,31192.0,Post-Disruption
2711,2024-01-10,1,2,103,8403,2777,6,75811,22121.5,During-Disruption
2712,2023-06-11,1,2,101,8687,2462,5,56022,23179.5,Pre-Disruption
2713,2023-11-18,3,2,103,6272,2950,9,27302,16282.0,During-Disruption
2714,2024-03-25,3,3,101,6283,3250,8,49545,16866.5,During-Disruption
2715,2025-11-02,2,1,102,11950,4416,14,84566,31584.0,Post-Disruption
2716,2023-07-03,2,1,104,11990,4012,13,59022,31162.0,Pre-Disruption
2717,2023-04-21,1,3,102,8685,2593,6,41472,22629.5,Pre-Disruption
2718,2024-05-22,4,1,104,1511,2131,4,28527,5653.5,During-Disruption
2719,2023-10-22,3,3,104,6229,3112,6,46013,16367.5,Pre-Disruption
2720,2025-06-22,1,1,104,8586,2469,5,79839,22481.0,Post-Disruption
2721,2025-08-31,3,1,103,6128,2939,6,75956,16341.0,Post-Disruption
2722,2024-09-23,3,1,101,6257,3546,7,29593,17387.5,During-Disruption
2723,2025-11-16,1,2,104,8634,2380,4,78306,22770.0,Post-Disruption
2724,2025-01-02,2,2,101,11977,4264,15,54624,30946.5,Post-Disruption
2725,2023-11-17,1,1,102,8501,2305,7,26705,23057.5,During-Disruption
2726,2025-07-01,1,1,104,8624,2686,6,33593,23476.0,Post-Disruption
2727,2024-03-12,3,4,102,6374,3303,9,83605,17911.0,During-Disruption
2728,2025-02-19,1,1,101,8631,2589,7,23618,22131.5,Post-Disruption
2729,2025-12-12,3,3,101,6373,3507,8,61320,17079.5,Post-Disruption
2730,2024-12-26,4,4,102,1512,1722,2,20221,5283.0,During-Disruption
2731,2023-01-31,1,4,101,8538,2236,7,49072,22472.0,Pre-Disruption
2732,2023-12-03,2,4,102,11915,4502,15,25868,31366.5,During-Disruption
2733,2023-07-02,3,1,101,6373,3426,6,29880,17382.5,Pre-Disruption
2734,2025-11-12,3,4,103,6283,3496,9,35778,16961.5,Post-Disruption
2735,2024-06-27,3,3,102,6293,2991,8,61096,17042.5,During-Disruption
2736,2025-10-30,1,3,104,8678,2299,7,83614,22250.0,Post-Disruption
2737,2024-10-21,2,1,104,11971,4685,12,36906,30590.5,During-Disruption
2738,2023-06-09,2,4,104,11999,4454,15,25309,30985.5,Pre-Disruption
2739,2025-11-03,4,3,101,1471,2197,1,38736,4184.5,Post-Disruption
2740,2024-02-16,1,3,102,8595,2593,7,66427,22598.5,During-Disruption
2741,2025-10-08,4,1,101,1669,2193,2,38620,4818.5,Post-Disruption
2742,2023-02-22,1,1,104,8639,2704,6,31580,23526.5,Pre-Disruption
2743,2024-02-12,4,4,103,1507,1716,4,57497,4332.5,During-Disruption
2744,2025-04-26,2,2,104,11991,4678,13,34612,30615.5,Post-Disruption
2745,2025-11-11,2,1,104,11999,4490,13,24008,30691.5,Post-Disruption
2746,2025-11-19,2,3,104,11799,4341,14,82027,30285.5,Post-Disruption
2747,2024-12-03,1,1,103,8480,2625,4,50530,22157.0,During-Disruption
2748,2023-09-17,1,1,103,8669,2669,5,59347,22992.5,Pre-Disruption
2749,2025-12-18,1,1,102,8416,2333,6,68886,21968.0,Post-Disruption
2750,2025-02-14,1,1,103,8592,2379,7,56755,22174.0,Post-Disruption
2751,2025-11-01,1,1,102,8611,2876,4,74733,22321.5,Post-Disruption
2752,2025-04-29,3,1,103,6225,3111,6,66354,17506.5,Post-Disruption
2753,2023-12-20,2,1,102,11825,4517,12,17503,30671.5,During-Disruption
2754,2025-05-22,1,2,104,8529,2784,5,53550,21871.5,Post-Disruption
2755,2025-09-17,3,4,103,6244,3312,7,62527,17403.0,Post-Disruption
2756,2025-10-14,2,2,101,11955,4356,14,39671,31206.5,Post-Disruption
2757,2023-10-21,4,1,101,1422,2052,1,64966,4432.0,Pre-Disruption
2758,2023-07-28,2,1,102,11913,4434,12,34044,30439.5,Pre-Disruption
2759,2025-03-28,1,3,103,8528,2276,6,40717,21940.0,Post-Disruption
2760,2024-01-25,2,4,103,11711,4282,15,29263,30443.5,During-Disruption
2761,2023-11-21,2,1,101,11840,4676,12,42764,30677.0,During-Disruption
2762,2025-07-28,1,1,103,8667,2885,4,27511,22267.5,Post-Disruption
2763,2025-06-07,1,2,103,8456,2809,6,22421,22996.0,Post-Disruption
2764,2024-10-29,1,3,102,8485,2736,6,30678,23030.5,During-Disruption
2765,2024-09-24,1,1,104,8673,2620,5,84554,23631.5,During-Disruption
2766,2024-07-30,2,2,101,11802,4150,15,32358,30800.0,During-Disruption
2767,2023-05-17,2,3,104,11842,4502,13,81184,31212.0,Pre-Disruption
2768,2024-03-03,1,4,103,8575,2865,5,62965,22767.5,During-Disruption
2769,2024-09-03,2,1,103,11832,4587,14,50367,30950.0,During-Disruption
2770,2025-06-29,2,4,102,11963,4514,13,33171,30461.5,Post-Disruption
2771,2025-03-29,1,1,104,8546,2784,7,82367,22106.0,Post-Disruption
2772,2023-05-21,1,3,104,8411,2822,4,20894,21672.5,Pre-Disruption
2773,2023-06-26,1,2,102,8454,2534,5,35991,22331.0,Pre-Disruption
2774,2023-07-17,1,1,104,8629,2783,5,27207,22439.5,Pre-Disruption
2775,2024-09-15,1,2,102,8521,2611,5,62472,22998.5,During-Disruption
2776,2024-11-21,1,1,102,8632,2454,7,22678,22998.0,During-Disruption
2777,2024-02-05,2,1,103,11861,4217,15,66047,31206.5,During-Disruption
2778,2024-04-15,2,1,103,11781,4207,15,39779,31368.5,During-Disruption
2779,2023-08-06,1,2,103,8446,2489,6,35536,22417.0,Pre-Disruption
2780,2025-07-17,1,1,102,8690,2776,4,32040,23657.0,Post-Disruption
2781,2024-09-23,2,4,103,11859,4284,14,63750,30825.5,During-Disruption
2782,2025-08-08,3,1,101,6278,3415,6,34846,16455.0,Post-Disruption
2783,2025-06-24,3,1,101,6307,3530,7,34510,16934.5,Post-Disruption
2784,2023-06-24,2,1,103,11739,4677,15,18024,31116.5,Pre-Disruption
2785,2023-01-23,1,2,102,8613,2431,7,59575,22919.5,Pre-Disruption
2786,2023-08-23,1,1,101,8553,2841,7,30446,23331.5,Pre-Disruption
2787,2025-11-02,3,1,103,6392,3503,7,31455,17289.0,Post-Disruption
2788,2025-07-17,1,1,101,8565,2531,4,64901,22736.5,Post-Disruption
2789,2024-06-06,4,1,101,1671,2236,3,61125,5527.5,During-Disruption
2790,2024-03-06,2,3,101,11723,4206,14,52380,30254.5,During-Disruption
2791,2025-03-03,2,2,104,11814,4625,13,35563,30251.0,Post-Disruption
2792,2024-06-16,1,1,101,8659,2560,4,21026,22977.5,During-Disruption
2793,2025-09-05,2,1,103,11925,4350,15,42171,30841.5,Post-Disruption
2794,2025-03-20,2,4,101,11801,4372,12,26718,30118.5,Post-Disruption
2795,2025-07-01,1,1,103,8530,2300,4,59279,22063.0,Post-Disruption
2796,2025-05-20,1,4,101,8663,2743,7,59598,23097.5,Post-Disruption
2797,2024-06-23,3,1,101,6111,3369,6,65429,17076.5,During-Disruption
2798,2025-10-20,2,1,104,11880,4130,13,46391,31225.0,Post-Disruption
2799,2023-08-15,2,3,101,11860,4528,14,40577,30947.0,Pre-Disruption
2800,2025-05-22,1,4,103,8513,2676,5,77271,22443.5,Post-Disruption
2801,2025-06-10,3,1,104,6117,3147,6,81138,16555.5,Post-Disruption
2802,2025-11-02,3,1,104,6203,3274,9,44464,16624.5,Post-Disruption
2803,2023-07-29,2,1,101,11885,4395,14,76507,30586.5,Pre-Disruption
2804,2025-01-10,2,4,101,11792,4575,13,32908,30269.0,Post-Disruption
2805,2024-02-01,2,2,102,11842,4077,12,48934,31253.0,During-Disruption
2806,2023-01-31,2,1,101,11842,4040,15,66084,30267.0,Pre-Disruption
2807,2025-06-16,1,1,102,8499,2457,5,24952,22640.5,Post-Disruption
2808,2024-10-10,4,1,103,1461,1780,1,84828,4348.5,During-Disruption
2809,2023-11-25,2,1,101,11783,4289,15,45405,30483.5,During-Disruption
2810,2025-08-09,1,1,101,8675,2324,5,79684,23505.5,Post-Disruption
2811,2024-09-12,2,2,102,11866,4623,15,62625,31651.0,During-Disruption
2812,2023-06-11,3,1,102,6394,3367,7,76451,16496.0,Pre-Disruption
2813,2025-02-14,1,1,104,8528,2434,5,56948,22014.0,Post-Disruption
2814,2023-10-01,1,2,104,8466,2699,4,54466,22954.0,Pre-Disruption
2815,2025-10-23,2,1,101,11746,4551,14,36335,30732.0,Post-Disruption
2816,2025-11-17,1,1,103,8547,2837,6,23664,22203.5,Post-Disruption
2817,2023-11-22,3,1,104,6349,2973,9,60166,16647.5,During-Disruption
2818,2025-07-28,1,1,104,8536,2890,7,29192,22654.0,Post-Disruption
2819,2024-06-23,3,3,104,6194,2904,9,66620,16737.0,During-Disruption
2820,2024-05-02,1,2,102,8637,2317,7,67647,23360.5,During-Disruption
2821,2025-04-01,1,1,101,8683,2860,7,17878,23258.5,Post-Disruption
2822,2025-12-24,3,1,102,6134,3213,6,21131,17062.0,Post-Disruption
2823,2023-12-22,2,1,103,11995,4200,15,35360,31272.5,During-Disruption
2824,2023-08-23,1,2,102,8657,2742,6,73865,22454.5,Pre-Disruption
2825,2023-08-15,1,2,101,8669,2629,6,80861,22536.5,Pre-Disruption
2826,2023-02-18,2,1,102,11746,4666,13,28503,30811.0,Pre-Disruption
2827,2023-04-28,2,1,103,11793,4618,13,77085,31042.5,Pre-Disruption
2828,2023-02-23,4,1,101,1581,1758,1,81346,5423.5,Pre-Disruption
2829,2024-07-18,4,3,101,1589,2280,1,23595,5887.5,During-Disruption
2830,2025-12-03,2,4,101,11750,4300,15,37370,30746.0,Post-Disruption
2831,2023-02-22,2,4,101,11905,4419,13,29658,30878.5,Pre-Disruption
2832,2024-07-11,2,1,103,11824,4257,12,33611,31079.0,During-Disruption
2833,2025-05-17,2,3,101,11911,4061,12,47611,31543.5,Post-Disruption
2834,2024-02-02,1,3,103,8665,2860,6,55857,22261.5,During-Disruption
2835,2024-11-05,1,4,103,8534,2361,4,16438,22800.0,During-Disruption
2836,2024-01-22,1,1,102,8672,2285,4,44622,22223.0,During-Disruption
2837,2023-04-21,1,3,102,8677,2212,5,48500,22256.5,Pre-Disruption
2838,2024-09-05,1,1,101,8699,2474,7,15805,23448.5,During-Disruption
2839,2023-01-17,2,2,104,11966,4416,15,75451,31585.0,Pre-Disruption
2840,2025-06-02,3,1,104,6397,3023,6,72525,17052.5,Post-Disruption
2841,2024-06-24,2,3,101,11978,4615,13,35063,31535.0,During-Disruption
2842,2023-06-20,1,4,103,8613,2248,7,51836,23027.5,Pre-Disruption
2843,2024-02-13,1,1,102,8461,2202,7,75519,23022.5,During-Disruption
2844,2025-01-09,2,2,101,11753,4582,12,26345,29927.5,Post-Disruption
2845,2025-05-07,1,1,101,8511,2470,7,79023,22870.5,Post-Disruption
2846,2023-08-18,2,1,103,11968,4549,15,65855,31857.0,Pre-Disruption
2847,2023-04-29,4,1,102,1506,1752,3,39913,5742.0,Pre-Disruption
2848,2025-02-22,1,1,104,8682,2516,5,70398,22825.0,Post-Disruption
2849,2024-04-09,1,4,104,8567,2633,4,59295,22789.5,During-Disruption
2850,2023-04-14,2,1,101,11773,4521,12,70922,30140.5,Pre-Disruption
2851,2024-11-28,4,2,101,1635,2211,3,18298,5576.5,During-Disruption
2852,2023-06-24,3,4,101,6191,3389,6,26763,17207.5,Pre-Disruption
2853,2025-01-14,3,4,101,6184,3098,8,58980,16340.0,Post-Disruption
2854,2024-10-26,1,3,101,8474,2635,5,34321,22791.0,During-Disruption
2855,2023-02-02,4,1,104,1483,2285,4,51791,4492.5,Pre-Disruption
2856,2023-02-24,1,3,101,8644,2416,7,45206,22981.0,Pre-Disruption
2857,2024-06-02,1,1,102,8627,2709,5,66165,23547.5,During-Disruption
2858,2025-01-25,3,4,103,6182,2939,6,82369,16372.0,Post-Disruption
2859,2023-01-12,4,3,104,1414,2297,2,60058,5296.0,Pre-Disruption
2860,2024-12-20,1,3,103,8580,2688,7,76281,22295.0,During-Disruption
2861,2024-07-08,1,1,103,8662,2780,6,77784,22520.0,During-Disruption
2862,2024-01-08,1,2,101,8477,2448,6,73251,22048.5,During-Disruption
2863,2024-04-28,1,3,103,8628,2284,4,53435,22130.0,During-Disruption
2864,2025-08-30,1,4,102,8632,2879,7,28495,22463.0,Post-Disruption
2865,2024-09-14,4,1,101,1429,2003,3,58187,5258.5,During-Disruption
2866,2023-11-03,2,4,104,11854,4028,14,76564,30712.0,During-Disruption
2867,2024-04-01,3,1,102,6284,2936,8,45367,16222.0,During-Disruption
2868,2023-06-09,3,2,104,6354,3406,6,28751,16956.0,Pre-Disruption
2869,2023-11-27,2,2,101,11868,4531,15,62488,31300.0,During-Disruption
2870,2025-02-14,3,1,101,6180,3557,7,25236,16312.0,Post-Disruption
2871,2023-08-13,2,1,104,11985,4259,14,82546,31750.5,Pre-Disruption
2872,2025-09-09,1,3,103,8609,2850,5,56287,23153.5,Post-Disruption
2873,2024-12-29,2,1,104,11958,4254,13,32850,31227.0,During-Disruption
2874,2025-12-04,2,1,102,11736,4085,12,20654,30307.0,Post-Disruption
2875,2025-12-18,3,3,103,6385,3463,6,16236,17150.5,Post-Disruption
2876,2024-10-05,4,3,101,1453,2253,2,74353,4968.5,During-Disruption
2877,2024-09-07,2,2,102,11911,4633,12,79367,30544.5,During-Disruption
2878,2023-07-14,3,1,102,6199,3311,7,40125,16231.5,Pre-Disruption
2879,2024-05-03,1,1,101,8484,2587,6,80282,22626.0,During-Disruption
2880,2023-06-06,3,3,103,6312,3299,9,19294,16494.0,Pre-Disruption
2881,2024-09-01,1,2,101,8663,2621,5,42773,22612.5,During-Disruption
2882,2024-02-16,1,2,102,8485,2862,7,78468,23013.5,During-Disruption
2883,2024-04-15,1,3,102,8462,2532,5,72306,22256.0,During-Disruption
2884,2024-05-30,2,1,102,11891,4659,14,82759,30565.5,During-Disruption
2885,2024-01-28,1,1,101,8492,2652,4,76826,22554.0,During-Disruption
2886,2024-09-22,4,4,104,1652,2194,2,83376,5348.0,During-Disruption
2887,2024-08-30,1,2,102,8537,2348,4,60688,23030.5,During-Disruption
2888,2025-09-06,4,2,102,1448,1769,3,63344,5184.0,Post-Disruption
2889,2024-03-09,3,4,103,6220,3224,9,44468,17286.0,During-Disruption
2890,2024-06-23,1,4,104,8438,2427,5,79850,21709.0,During-Disruption
2891,2023-10-05,1,2,103,8433,2525,5,84313,23066.5,Pre-Disruption
2892,2023-08-21,3,1,102,6365,2904,9,43373,17570.5,Pre-Disruption
2893,2023-12-28,2,4,104,11708,4151,13,63353,31138.0,During-Disruption
2894,2023-01-26,2,2,103,11887,4220,13,18572,30249.5,Pre-Disruption
2895,2025-11-14,1,1,101,8495,2356,7,50482,22251.5,Post-Disruption
2896,2024-05-21,2,2,103,11832,4257,12,34255,31455.0,During-Disruption
2897,2023-09-24,4,1,104,1562,1605,1,17926,5149.0,Pre-Disruption
2898,2024-04-05,1,4,103,8538,2489,7,79276,22776.0,During-Disruption
2899,2024-03-31,2,1,104,11997,4203,14,20593,31504.5,During-Disruption
2900,2025-12-27,1,3,104,8479,2477,7,57803,22376.5,Post-Disruption
2901,2025-10-03,3,3,103,6190,3033,9,24433,16474.0,Post-Disruption
2902,2025-05-12,3,3,103,6355,3488,6,60551,17689.5,Post-Disruption
2903,2024-05-05,1,3,101,8547,2646,5,66882,23340.5,During-Disruption
2904,2025-12-08,1,4,103,8578,2545,6,42485,22246.0,Post-Disruption
2905,2024-07-17,1,1,104,8656,2315,5,76348,22978.0,During-Disruption
2906,2023-08-04,2,1,102,11917,4598,13,80565,31115.5,Pre-Disruption
2907,2024-07-12,2,3,103,11966,4579,14,21346,31715.0,During-Disruption
2908,2023-06-08,4,1,103,1478,2212,4,64875,4803.0,Pre-Disruption
2909,2024-05-03,2,1,104,11866,4673,15,77117,31268.0,During-Disruption
2910,2024-11-16,1,1,102,8503,2512,5,65727,23231.5,During-Disruption
2911,2025-03-04,3,1,101,6383,3320,7,50258,17250.5,Post-Disruption
2912,2023-01-05,2,3,102,11914,4582,14,71363,30539.0,Pre-Disruption
2913,2023-12-27,2,3,104,11774,4172,12,69528,31172.0,During-Disruption
2914,2024-04-03,1,1,104,8624,2368,6,68197,22166.0,During-Disruption
2915,2023-09-05,1,3,104,8691,2302,6,68116,23351.5,Pre-Disruption
2916,2025-08-03,4,1,104,1469,1827,3,76265,4796.5,Post-Disruption
2917,2024-02-26,2,3,102,11889,4132,12,41152,31613.5,During-Disruption
2918,2023-01-15,1,1,102,8505,2771,7,79317,22454.5,Pre-Disruption
2919,2025-01-05,2,3,102,11769,4656,14,61779,30483.5,Post-Disruption
2920,2023-10-04,4,1,103,1409,1810,1,59239,5074.5,Pre-Disruption
2921,2024-03-28,1,1,104,8613,2308,5,73761,22388.5,During-Disruption
2922,2024-08-20,2,3,103,11704,4192,14,70624,30162.0,During-Disruption
2923,2024-03-21,4,1,103,1427,1956,2,18405,5185.5,During-Disruption
2924,2023-07-29,1,4,103,8640,2894,5,46425,23265.0,Pre-Disruption
2925,2024-12-14,3,2,101,6335,3420,6,22736,17339.5,During-Disruption
2926,2023-10-29,2,1,103,11791,4643,13,52496,30101.5,Pre-Disruption
2927,2023-01-03,2,2,104,11737,4425,13,63053,30928.5,Pre-Disruption
2928,2025-09-16,1,1,103,8618,2273,6,26841,22813.0,Post-Disruption
2929,2024-06-03,1,2,104,8551,2295,5,59613,23272.5,During-Disruption
2930,2024-05-07,2,4,101,11891,4128,14,44578,30430.5,During-Disruption
2931,2024-09-11,1,1,102,8520,2542,5,62336,22119.0,During-Disruption
2932,2023-11-27,2,3,104,11870,4370,15,15754,30313.0,During-Disruption
2933,2023-11-29,1,1,103,8509,2600,7,28578,22970.5,During-Disruption
2934,2023-02-19,1,2,104,8543,2421,4,54427,22465.5,Pre-Disruption
2935,2025-05-12,4,1,103,1465,2239,2,62694,5367.5,Post-Disruption
2936,2023-09-29,2,1,102,11896,4511,12,51569,30869.0,Pre-Disruption
2937,2024-08-02,4,4,104,1445,2104,3,75794,4849.5,During-Disruption
2938,2024-07-13,1,1,103,8548,2534,6,17531,22366.0,During-Disruption
2939,2024-11-26,2,2,104,11759,4373,13,76518,31049.5,During-Disruption
2940,2024-03-21,1,2,102,8537,2685,5,30024,22510.5,During-Disruption
2941,2025-10-13,3,2,102,6189,2906,9,81801,17256.5,Post-Disruption
2942,2023-12-23,3,2,102,6311,3288,8,29741,17353.5,During-Disruption
2943,2023-10-01,1,2,104,8568,2635,6,77345,23034.0,Pre-Disruption
2944,2025-11-08,4,1,104,1512,1715,3,72183,5553.0,Post-Disruption
2945,2023-11-07,1,4,103,8465,2302,4,43488,22913.5,During-Disruption
2946,2025-05-19,2,3,102,11817,4564,13,18555,30477.5,Post-Disruption
2947,2025-06-04,4,1,103,1624,1602,3,54464,5290.0,Post-Disruption
2948,2023-06-03,3,1,104,6250,3443,8,25097,16739.0,Pre-Disruption
2949,2024-09-11,4,3,101,1566,1679,2,22437,5527.0,During-Disruption
2950,2025-06-01,1,4,102,8494,2835,5,38004,22029.0,Post-Disruption
2951,2025-03-07,1,4,103,8659,2595,4,56051,23002.5,Post-Disruption
2952,2023-05-05,1,4,102,8658,2588,7,83093,23210.0,Pre-Disruption
2953,2024-09-10,2,1,103,11819,4259,14,22039,30734.5,During-Disruption
2954,2023-09-02,3,4,103,6173,3211,9,64750,16514.5,Pre-Disruption
2955,2025-04-27,1,4,101,8495,2535,5,53432,22209.5,Post-Disruption
2956,2024-03-25,2,1,104,11991,4209,15,44085,31970.5,During-Disruption
2957,2025-07-18,1,1,102,8576,2710,4,35568,22014.0,Post-Disruption
2958,2024-06-03,1,1,104,8426,2647,7,37150,22543.0,During-Disruption
2959,2023-12-28,2,2,103,11910,4044,14,72687,30662.0,During-Disruption
2960,2023-01-08,2,1,104,11956,4403,12,41919,30929.0,Pre-Disruption
2961,2024-04-22,3,1,101,6304,3208,7,80206,17235.0,During-Disruption
2962,2024-05-09,1,1,104,8465,2426,4,27673,21663.5,During-Disruption
2963,2025-04-12,3,1,103,6249,3248,8,68326,16961.5,Post-Disruption
2964,2025-11-28,1,1,103,8566,2312,5,20287,23109.0,Post-Disruption
2965,2024-08-15,1,3,101,8619,2229,7,29287,23544.5,During-Disruption
2966,2023-07-06,2,1,102,11999,4275,14,53701,30918.5,Pre-Disruption
2967,2025-01-23,3,4,101,6357,3261,6,70944,17209.5,Post-Disruption
2968,2023-04-03,1,4,102,8602,2286,4,36830,22789.0,Pre-Disruption
2969,2023-03-27,1,4,103,8639,2635,4,59816,22382.5,Pre-Disruption
2970,2025-12-03,2,3,104,11928,4021,13,66265,31074.0,Post-Disruption
2971,2023-05-17,1,1,103,8555,2584,4,82303,22697.5,Pre-Disruption
2972,2024-02-25,3,1,101,6317,2920,7,78001,17353.5,During-Disruption
2973,2023-03-15,3,1,101,6294,3587,6,31583,16359.0,Pre-Disruption
2974,2023-06-20,1,4,104,8669,2690,4,83268,22486.5,Pre-Disruption
2975,2023-06-19,2,1,101,11715,4466,13,58702,29830.5,Pre-Disruption
2976,2025-05-21,3,2,103,6340,3355,7,32447,16681.0,Post-Disruption
2977,2023-11-18,1,3,104,8651,2879,5,37799,22291.5,During-Disruption
2978,2024-03-31,2,4,102,11750,4220,14,75115,31256.0,During-Disruption
2979,2025-08-01,1,3,101,8427,2793,7,46967,22329.5,Post-Disruption
2980,2025-02-28,2,2,102,11752,4590,12,54071,30590.0,Post-Disruption
2981,2024-09-04,1,1,104,8515,2697,6,58839,23265.5,During-Disruption
2982,2025-06-07,3,2,101,6108,3058,9,59430,17012.0,Post-Disruption
2983,2023-12-15,1,1,104,8410,2342,4,58128,22190.0,During-Disruption
2984,2023-01-10,1,4,101,8506,2244,4,28745,21948.0,Pre-Disruption
2985,2025-01-09,3,2,101,6357,3350,6,58423,17798.5,Post-Disruption
2986,2024-10-28,1,1,101,8581,2435,7,28266,23274.5,During-Disruption
2987,2024-06-29,1,4,104,8569,2881,4,38959,22324.5,During-Disruption
2988,2023-05-09,1,1,104,8538,2424,6,39980,22506.0,Pre-Disruption
2989,2024-08-23,1,4,103,8684,2607,4,79681,22650.0,During-Disruption
2990,2024-08-27,4,4,103,1510,1893,3,63635,4851.0,During-Disruption
2991,2023-11-23,3,3,104,6191,3179,7,35967,16355.5,During-Disruption
2992,2025-09-06,1,1,104,8619,2802,7,40699,22720.5,Post-Disruption
2993,2024-02-08,3,1,101,6104,3316,8,29265,16321.0,During-Disruption
2994,2024-09-20,2,4,103,11719,4146,12,34176,30105.5,During-Disruption
2995,2024-12-18,4,4,103,1500,2181,3,24217,5238.0,During-Disruption
2996,2025-11-06,1,1,104,8694,2670,6,65684,23728.0,Post-Disruption
2997,2023-10-01,2,1,103,11856,4048,13,81063,30190.0,Pre-Disruption
2998,2024-11-15,2,1,104,11700,4016,15,75124,30025.0,During-Disruption
2999,2023-04-26,2,4,103,11911,4148,13,59294,31136.5,Pre-Disruption
3000,2025-05-10,2,1,102,11818,4554,15,38222,31502.0,Post-Disruption
3001,2024-11-23,1,1,102,8659,2411,5,66598,23550.5,During-Disruption
3002,2023-11-20,3,2,103,6274,2962,9,39822,16299.0,During-Disruption
3003,2025-08-18,2,1,104,11833,4535,12,48395,30941.5,Post-Disruption
3004,2023-04-24,4,4,102,1501,2144,3,49884,4387.5,Pre-Disruption
3005,2025-12-17,1,1,101,8461,2686,6,70193,23042.5,Post-Disruption
3006,2023-06-03,2,1,104,11753,4479,13,54475,29902.5,Pre-Disruption
3007,2023-11-11,4,2,102,1406,2287,1,60452,4544.0,During-Disruption
3008,2025-11-30,2,1,101,11702,4043,12,23799,30116.0,Post-Disruption
3009,2023-04-15,3,1,102,6248,3564,6,37812,17414.0,Pre-Disruption
3010,2023-12-20,3,1,102,6387,3355,7,66345,17372.5,During-Disruption
3011,2025-10-12,1,1,101,8411,2710,7,74777,21745.5,Post-Disruption
3012,2025-01-02,2,4,101,11803,4354,12,36786,30325.5,Post-Disruption
3013,2024-12-09,1,1,103,8510,2899,4,30921,22240.0,During-Disruption
3014,2024-10-12,2,4,102,11962,4011,15,26764,31832.0,During-Disruption
3015,2025-04-03,1,2,101,8572,2555,7,34677,22050.0,Post-Disruption
3016,2025-08-04,3,1,103,6194,3036,6,30497,16046.0,Post-Disruption
3017,2024-10-22,2,1,101,11902,4473,13,57504,31375.0,During-Disruption
3018,2023-04-09,2,2,103,11744,4597,13,29850,30865.0,Pre-Disruption
3019,2024-08-10,1,1,103,8433,2252,6,47085,22344.5,During-Disruption
3020,2023-10-09,4,1,101,1610,2172,3,52957,5984.0,Pre-Disruption
3021,2024-02-07,1,1,101,8624,2312,6,27957,23497.0,During-Disruption
3022,2024-11-30,1,2,102,8663,2819,5,73125,23055.5,During-Disruption
3023,2023-07-18,1,2,102,8625,2677,6,33433,23214.5,Pre-Disruption
3024,2023-11-23,4,1,103,1503,1934,1,31466,5526.5,During-Disruption
3025,2023-06-03,4,2,101,1620,2016,2,76229,4559.0,Pre-Disruption
3026,2024-07-05,2,3,102,11822,4066,13,63113,30871.0,During-Disruption
3027,2024-02-09,3,1,103,6321,3219,8,75341,16878.5,During-Disruption
3028,2024-04-06,1,4,102,8442,2833,4,38127,22612.0,During-Disruption
3029,2023-05-12,4,2,103,1609,1853,1,53865,5280.5,Pre-Disruption
3030,2025-03-01,1,4,102,8410,2600,5,20515,22965.0,Post-Disruption
3031,2025-05-23,1,1,101,8615,2499,5,69082,22385.5,Post-Disruption
3032,2023-03-25,1,4,104,8563,2204,6,15930,22325.5,Pre-Disruption
3033,2025-01-23,2,2,104,11924,4445,12,82824,30474.0,Post-Disruption
3034,2024-09-19,3,2,103,6324,3134,7,73519,17512.0,During-Disruption
3035,2023-08-09,1,2,104,8645,2646,7,73329,22165.5,Pre-Disruption
3036,2024-07-06,4,1,104,1545,1638,1,19882,4680.5,During-Disruption
3037,2023-04-22,2,4,103,11890,4199,15,80526,31294.0,Pre-Disruption
3038,2024-09-06,1,2,104,8660,2881,5,25453,22579.0,During-Disruption
3039,2025-07-12,2,1,102,11986,4020,14,21935,30841.0,Post-Disruption
3040,2024-04-19,2,1,102,11715,4686,13,54044,30988.5,During-Disruption
3041,2025-04-15,3,1,102,6293,2973,7,68348,16750.5,Post-Disruption
3042,2023-09-28,2,2,101,11708,4148,15,55865,30921.0,Pre-Disruption
3043,2024-02-25,2,2,102,11701,4624,13,37491,30708.5,During-Disruption
3044,2024-12-07,1,1,104,8692,2483,6,60690,22720.0,During-Disruption
3045,2023-02-09,2,1,104,11783,4085,15,50948,31214.5,Pre-Disruption
3046,2023-07-08,4,2,102,1608,1701,4,31570,4531.0,Pre-Disruption
3047,2025-09-20,1,2,101,8457,2730,6,67628,22191.5,Post-Disruption
3048,2024-06-19,3,1,102,6205,2962,9,53239,16874.5,During-Disruption
3049,2025-10-24,2,1,101,11835,4627,14,67184,31517.5,Post-Disruption
3050,2023-10-17,1,1,101,8476,2891,7,29541,22168.0,Pre-Disruption
3051,2024-03-08,4,4,102,1609,2149,2,47814,5461.5,During-Disruption
3052,2024-04-15,2,3,101,11931,4407,13,62202,31316.5,During-Disruption
3053,2024-09-19,1,4,104,8524,2803,4,29840,22023.0,During-Disruption
3054,2023-10-06,1,1,102,8579,2372,7,18037,22695.5,Pre-Disruption
3055,2025-05-26,1,4,104,8689,2720,6,18305,23266.5,Post-Disruption
3056,2024-08-03,3,2,101,6313,3420,8,44094,17154.5,During-Disruption
3057,2025-05-12,2,1,103,11796,4532,15,65765,30457.0,Post-Disruption
3058,2023-09-11,4,1,102,1648,1623,2,54128,5362.0,Pre-Disruption
3059,2023-06-30,1,3,103,8620,2294,6,42064,22494.0,Pre-Disruption
3060,2024-11-11,1,4,103,8412,2495,4,74497,22249.0,During-Disruption
3061,2025-04-04,1,1,103,8490,2379,6,78898,22611.0,Post-Disruption
3062,2024-11-30,2,1,103,11892,4130,14,24628,30440.0,During-Disruption
3063,2024-07-19,4,2,104,1598,2132,3,47880,5158.0,During-Disruption
3064,2024-11-10,2,4,102,11959,4007,12,63211,31669.5,During-Disruption
3065,2024-01-26,1,3,104,8463,2400,4,76420,21763.5,During-Disruption
3066,2023-07-31,3,1,101,6331,3284,8,25775,16997.5,Pre-Disruption
3067,2024-01-19,3,1,102,6326,3425,6,33729,16831.0,During-Disruption
3068,2023-12-08,1,1,102,8566,2747,5,29523,23403.0,During-Disruption
3069,2025-04-23,3,4,104,6350,3305,8,80047,17079.0,Post-Disruption
3070,2025-11-27,1,3,101,8585,2572,4,15580,22249.5,Post-Disruption
3071,2024-02-24,1,2,103,8648,2363,4,27003,23172.0,During-Disruption
3072,2025-01-20,1,1,101,8671,2756,4,55329,23318.5,Post-Disruption
3073,2023-11-02,2,4,104,11837,4655,13,25128,30224.5,During-Disruption
3074,2024-12-02,2,2,104,11808,4522,12,80019,30177.0,During-Disruption
3075,2025-05-18,1,4,104,8443,2553,7,39121,22803.5,Post-Disruption
3076,2024-06-20,1,2,103,8600,2608,7,61242,22333.0,During-Disruption
3077,2023-07-25,3,3,102,6203,3410,7,82203,17451.5,Pre-Disruption
3078,2024-05-10,4,3,101,1519,1811,2,56851,5580.5,During-Disruption
3079,2025-12-06,3,1,101,6127,3524,6,84962,16697.5,Post-Disruption
3080,2024-05-18,1,4,103,8506,2544,5,53026,22663.0,During-Disruption
3081,2025-11-11,1,1,104,8679,2210,4,54415,23062.5,Post-Disruption
3082,2023-08-01,1,3,101,8427,2535,4,48611,21702.5,Pre-Disruption
3083,2023-11-06,1,4,102,8585,2539,4,27299,22177.5,During-Disruption
3084,2024-10-22,2,1,101,11894,4677,15,41544,30698.0,During-Disruption
3085,2025-01-22,2,2,104,11845,4257,15,81655,31359.5,Post-Disruption
3086,2023-09-29,3,2,101,6359,2953,8,76671,17438.5,Pre-Disruption
3087,2025-07-26,2,3,104,11876,4604,13,57095,31417.0,Post-Disruption
3088,2023-02-01,1,4,102,8527,2495,7,51533,21950.5,Pre-Disruption
3089,2024-03-18,1,2,103,8505,2756,5,28830,22108.5,During-Disruption
3090,2023-06-11,2,3,104,11910,4216,12,25071,30382.0,Pre-Disruption
3091,2025-02-05,1,1,104,8410,2587,5,45118,21947.0,Post-Disruption
3092,2023-09-11,1,1,101,8416,2306,4,72110,21554.0,Pre-Disruption
3093,2024-06-04,1,1,103,8465,2672,5,33322,22165.5,During-Disruption
3094,2025-09-03,1,2,104,8512,2207,7,29709,22632.0,Post-Disruption
3095,2023-01-10,1,1,101,8531,2743,5,72538,22000.5,Pre-Disruption
3096,2024-12-26,3,2,102,6170,3067,6,16504,16035.0,During-Disruption
3097,2024-05-19,3,1,103,6160,3230,9,48632,16016.0,During-Disruption
3098,2025-02-23,1,3,101,8643,2236,4,45815,23171.5,Post-Disruption
3099,2024-03-11,1,1,103,8404,2430,4,22127,22539.0,During-Disruption
3100,2023-06-02,3,2,104,6120,3082,9,69507,16075.0,Pre-Disruption
3101,2025-07-05,1,2,101,8585,2491,5,78001,23053.5,Post-Disruption
3102,2025-05-18,1,4,102,8608,2721,6,20935,22635.0,Post-Disruption
3103,2025-01-22,1,3,102,8630,2269,6,30030,22201.0,Post-Disruption
3104,2024-07-16,1,3,101,8413,2436,5,45808,22680.5,During-Disruption
3105,2024-05-03,3,4,101,6178,3363,7,39613,16781.0,During-Disruption
3106,2025-06-13,3,2,103,6281,3017,9,66113,16459.5,Post-Disruption
3107,2023-04-14,1,1,101,8477,2390,4,30467,22042.5,Pre-Disruption
3108,2025-10-21,1,4,103,8696,2705,7,46428,23051.0,Post-Disruption
3109,2025-10-03,1,3,104,8671,2703,7,84372,22485.5,Post-Disruption
3110,2024-02-11,1,1,101,8450,2600,4,40247,22348.0,During-Disruption
3111,2023-06-16,4,3,104,1656,1916,1,75707,5912.0,Pre-Disruption
3112,2024-05-23,2,4,102,11995,4221,13,15627,31553.5,During-Disruption
3113,2023-11-09,2,4,103,11717,4657,12,80392,31218.5,During-Disruption
3114,2025-02-01,3,4,103,6389,3088,6,53054,16617.5,Post-Disruption
3115,2024-11-11,3,1,102,6317,3191,7,80132,17601.5,During-Disruption
3116,2024-04-21,3,1,104,6199,3122,9,34544,16195.5,During-Disruption
3117,2023-03-14,1,1,103,8548,2616,6,35151,23294.0,Pre-Disruption
3118,2024-08-04,1,1,102,8554,2606,4,53609,22065.0,During-Disruption
3119,2023-09-19,2,4,102,11801,4037,15,77137,30193.5,Pre-Disruption
3120,2023-09-02,1,1,102,8514,2652,7,65126,21915.0,Pre-Disruption
3121,2024-07-14,4,2,101,1669,1806,3,39964,5438.5,During-Disruption
3122,2023-06-24,2,2,104,11791,4399,12,31055,31409.5,Pre-Disruption
3123,2023-04-19,4,3,102,1420,1786,4,46592,5487.0,Pre-Disruption
3124,2023-07-02,1,1,104,8519,2559,7,58144,21960.5,Pre-Disruption
3125,2023-07-11,3,1,103,6118,3503,6,52482,16128.0,Pre-Disruption
3126,2023-03-06,1,1,101,8423,2205,4,39987,22493.5,Pre-Disruption
3127,2025-08-20,4,1,102,1425,1732,4,39982,5236.5,Post-Disruption
3128,2025-05-13,1,4,102,8552,2672,5,66176,22640.0,Post-Disruption
3129,2024-01-04,2,3,102,11901,4603,13,24340,30365.5,During-Disruption
3130,2025-04-30,3,1,103,6238,3412,9,34053,17066.0,Post-Disruption
3131,2023-02-12,2,4,101,11979,4082,12,51346,31274.5,Pre-Disruption
3132,2024-05-02,2,1,104,11723,4690,12,70101,30167.5,During-Disruption
3133,2023-03-19,4,3,104,1411,1976,2,50887,4215.5,Pre-Disruption
3134,2025-04-05,2,1,104,11834,4334,13,73689,30314.0,Post-Disruption
3135,2024-11-04,2,3,104,11780,4658,14,51029,30699.0,During-Disruption
3136,2024-12-01,1,1,104,8469,2301,5,22790,22445.5,During-Disruption
3137,2025-01-28,3,1,104,6303,3187,6,74101,16551.5,Post-Disruption
3138,2024-12-28,2,1,104,11778,4030,13,28808,30461.0,During-Disruption
3139,2025-07-13,2,1,101,11978,4313,15,37596,30518.0,Post-Disruption
3140,2025-06-20,1,3,101,8598,2353,6,70790,23048.0,Post-Disruption
3141,2025-06-07,2,1,103,11993,4559,14,78779,30817.5,Post-Disruption
3142,2025-09-19,1,2,102,8684,2752,4,46452,23500.0,Post-Disruption
3143,2023-12-05,1,3,101,8555,2352,7,76855,22529.5,During-Disruption
3144,2023-07-12,2,2,102,11775,4693,13,39121,29951.5,Pre-Disruption
3145,2023-10-10,1,3,103,8618,2431,6,22669,23496.0,Pre-Disruption
3146,2024-01-25,1,1,101,8676,2320,6,23609,23226.0,During-Disruption
3147,2025-09-26,2,2,103,11964,4184,15,77002,30984.0,Post-Disruption
3148,2024-06-08,1,4,101,8448,2655,6,58734,22955.0,During-Disruption
3149,2024-10-20,1,2,101,8497,2587,7,81720,23060.5,During-Disruption
3150,2024-12-16,1,2,104,8692,2831,4,20186,23320.0,During-Disruption
3151,2025-06-09,2,3,102,11720,4225,14,75977,30224.0,Post-Disruption
3152,2024-03-27,2,1,103,11722,4623,13,71866,30918.0,During-Disruption
3153,2024-03-03,3,3,104,6237,3094,9,48082,16486.5,During-Disruption
3154,2025-11-11,1,4,101,8629,2225,4,67832,23549.5,Post-Disruption
3155,2025-06-01,1,1,101,8428,2393,5,72868,22199.0,Post-Disruption
3156,2023-11-09,1,4,103,8420,2218,7,31976,22339.0,During-Disruption
3157,2025-04-19,2,1,102,11798,4536,13,54850,30672.0,Post-Disruption
3158,2024-06-02,4,1,103,1462,2158,3,67474,4678.0,During-Disruption
3159,2024-01-10,1,4,101,8532,2463,4,48498,23273.0,During-Disruption
3160,2024-03-26,1,3,104,8414,2714,7,60582,22352.0,During-Disruption
3161,2025-10-11,1,4,103,8504,2670,7,18692,23056.0,Post-Disruption
3162,2024-08-17,2,4,104,11810,4238,12,43040,31280.0,During-Disruption
3163,2024-05-14,2,1,102,11810,4288,13,84755,30197.0,During-Disruption
3164,2024-04-08,2,2,102,11703,4367,12,83678,30463.5,During-Disruption
3165,2023-04-23,3,1,104,6251,3311,6,77143,17233.5,Pre-Disruption
3166,2025-11-01,2,1,102,11741,4021,12,73252,30977.5,Post-Disruption
3167,2023-11-27,1,1,104,8425,2553,4,17959,21666.5,During-Disruption
3168,2023-05-20,1,3,104,8593,2741,6,77433,22798.5,Pre-Disruption
3169,2025-06-20,2,2,104,11707,4558,15,79571,30833.5,Post-Disruption
3170,2024-05-31,2,3,102,11772,4419,13,78006,31192.0,During-Disruption
3171,2024-07-22,2,3,104,11777,4314,13,21710,30216.5,During-Disruption
3172,2025-04-25,2,1,102,11847,4328,12,20083,30964.5,Post-Disruption
3173,2025-12-28,2,2,104,11767,4469,12,23646,30013.5,Post-Disruption
3174,2023-04-28,3,1,104,6282,3362,7,38201,16219.0,Pre-Disruption
3175,2025-06-06,2,1,102,11784,4439,13,66126,31292.0,Post-Disruption
3176,2025-12-18,3,3,104,6178,3563,8,41457,16173.0,Post-Disruption
3177,2025-11-22,1,2,104,8438,2447,4,39287,22126.0,Post-Disruption
3178,2023-02-19,2,4,102,11719,4170,13,53761,30628.5,Pre-Disruption
3179,2023-01-19,4,3,101,1469,1878,4,21714,4603.5,Pre-Disruption
3180,2024-12-26,1,2,103,8555,2347,6,54854,22822.5,During-Disruption
3181,2023-07-16,3,3,102,6216,3520,8,75698,16877.0,Pre-Disruption
3182,2024-07-12,3,1,104,6127,3042,6,76006,16724.5,During-Disruption
3183,2024-03-27,1,1,103,8497,2270,6,35116,22381.5,During-Disruption
3184,2023-10-16,2,1,103,11850,4310,14,58375,30748.0,Pre-Disruption
3185,2024-01-26,1,1,104,8421,2837,7,76530,22234.5,During-Disruption
3186,2023-08-03,4,1,104,1660,2066,3,24953,5656.0,Pre-Disruption
3187,2023-08-03,3,4,101,6159,3493,9,66338,17325.5,Pre-Disruption
3188,2023-05-08,1,2,104,8562,2240,6,34798,23325.0,Pre-Disruption
3189,2025-01-29,1,2,103,8513,2555,6,39122,22039.5,Post-Disruption
3190,2024-02-08,2,1,104,11895,4143,12,44131,30600.5,During-Disruption
3191,2025-11-18,1,1,103,8444,2882,4,35056,22767.0,Post-Disruption
3192,2023-12-04,1,1,102,8512,2478,4,16733,22896.0,During-Disruption
3193,2025-04-10,2,2,102,11878,4470,12,33288,30524.0,Post-Disruption
3194,2024-12-14,1,1,103,8669,2854,5,41096,23663.5,During-Disruption
3195,2023-12-27,1,2,102,8455,2838,4,41081,21981.5,During-Disruption
3196,2024-07-22,3,2,101,6366,2957,6,17587,17090.0,During-Disruption
3197,2023-08-06,4,3,103,1514,1767,1,71558,4695.0,Pre-Disruption
3198,2023-07-21,3,1,103,6266,3529,8,71723,17579.0,Pre-Disruption
3199,2023-01-17,3,3,104,6214,3065,8,57029,16596.0,Pre-Disruption
3200,2023-11-18,1,2,101,8479,2572,6,19747,22485.5,During-Disruption
3201,2024-06-01,1,2,104,8685,2281,4,78953,22297.5,During-Disruption
3202,2024-11-11,1,1,101,8428,2333,7,49747,21615.0,During-Disruption
3203,2024-02-29,3,1,101,6141,3263,7,75384,16829.5,During-Disruption
3204,2025-10-15,4,1,101,1518,2084,4,69885,4639.0,Post-Disruption
3205,2024-01-22,3,4,103,6161,2945,9,18542,16340.5,During-Disruption
3206,2025-02-16,3,1,102,6254,3161,9,62575,16382.0,Post-Disruption
3207,2023-04-08,2,4,102,11984,4468,15,18181,30512.0,Pre-Disruption
3208,2023-07-27,1,1,104,8588,2834,5,69023,23398.0,Pre-Disruption
3209,2024-08-08,2,1,104,11984,4221,15,21953,31596.0,During-Disruption
3210,2023-06-15,1,2,102,8503,2291,4,29800,22746.5,Pre-Disruption
3211,2023-01-22,1,1,102,8456,2218,7,50661,23079.0,Pre-Disruption
3212,2023-06-03,2,4,101,11871,4269,13,32299,31171.5,Pre-Disruption
3213,2023-08-07,2,3,104,11855,4576,13,62711,30375.5,Pre-Disruption
3214,2024-10-30,2,3,104,11864,4668,15,51412,30173.0,During-Disruption
3215,2023-08-18,2,2,104,11768,4414,12,31010,31241.0,Pre-Disruption
3216,2023-01-20,1,2,104,8457,2864,7,46461,22434.5,Pre-Disruption
3217,2024-07-06,2,4,102,11906,4246,14,48311,31701.0,During-Disruption
3218,2025-08-07,2,1,102,11784,4301,13,28187,30724.0,Post-Disruption
3219,2023-05-28,1,3,103,8500,2215,7,32028,23061.0,Pre-Disruption
3220,2024-02-07,3,2,103,6391,3519,8,41346,16487.5,During-Disruption
3221,2024-08-18,2,4,102,11950,4502,12,59838,30530.0,During-Disruption
3222,2024-01-02,2,3,101,11919,4394,14,84368,30749.5,During-Disruption
3223,2025-03-12,3,4,102,6259,3595,7,39598,16885.5,Post-Disruption
3224,2025-07-06,3,2,101,6286,3083,8,79224,17519.0,Post-Disruption
3225,2023-03-14,3,1,104,6186,3340,8,47911,16016.0,Pre-Disruption
3226,2024-04-25,1,2,103,8554,2780,6,58499,23087.0,During-Disruption
3227,2024-07-13,1,3,101,8679,2449,4,77858,23125.5,During-Disruption
3228,2025-01-14,1,3,104,8563,2575,4,68831,22893.5,Post-Disruption
3229,2023-04-10,1,1,102,8467,2657,4,83832,22542.5,Pre-Disruption
3230,2025-12-18,4,2,103,1687,1687,1,81607,4929.5,Post-Disruption
3231,2024-05-22,2,1,102,11911,4345,15,58553,30333.5,During-Disruption
3232,2023-09-15,1,4,104,8519,2589,6,28886,22781.5,Pre-Disruption
3233,2024-02-17,1,1,104,8584,2379,5,44797,22941.0,During-Disruption
3234,2025-12-24,1,2,102,8615,2836,6,16552,22047.5,Post-Disruption
3235,2024-08-17,2,1,104,11829,4375,15,84872,31418.5,During-Disruption
3236,2023-09-23,3,1,104,6177,3082,8,73623,15971.5,Pre-Disruption
3237,2025-03-31,3,4,101,6269,3228,8,25600,17671.5,Post-Disruption
3238,2024-10-23,4,1,102,1437,2089,2,41903,5476.5,During-Disruption
3239,2025-08-04,1,1,102,8454,2399,5,16028,22355.0,Post-Disruption
3240,2024-07-13,1,1,103,8689,2895,5,79030,22244.5,During-Disruption
3241,2025-07-05,1,2,101,8445,2678,6,35461,22430.5,Post-Disruption
3242,2025-06-09,1,2,101,8570,2654,7,28578,22662.0,Post-Disruption
3243,2025-05-17,4,1,104,1529,2039,1,20878,4662.5,Post-Disruption
3244,2024-09-01,2,2,103,11863,4600,12,82917,30673.5,During-Disruption
3245,2024-02-18,3,1,103,6169,3398,8,45701,16739.5,During-Disruption
3246,2023-01-25,2,4,101,11991,4629,12,39034,30732.5,Pre-Disruption
3247,2023-10-11,1,3,103,8468,2355,4,34743,22865.0,Pre-Disruption
3248,2025-05-30,1,4,101,8504,2658,6,72685,22286.0,Post-Disruption
3249,2023-10-28,2,4,103,11753,4670,14,59525,30801.5,Pre-Disruption
3250,2025-12-27,3,1,101,6347,3082,9,78651,16578.5,Post-Disruption
3251,2025-10-27,1,1,101,8505,2635,4,56244,22143.5,Post-Disruption
3252,2025-03-27,3,3,104,6196,3477,8,41197,16030.0,Post-Disruption
3253,2023-03-24,3,1,104,6126,2945,6,49492,16117.0,Pre-Disruption
3254,2023-02-15,2,1,103,11771,4243,13,80588,31076.5,Pre-Disruption
3255,2024-09-09,3,1,104,6284,3055,7,31711,16967.0,During-Disruption
3256,2025-07-16,2,1,102,11833,4393,15,81174,30422.5,Post-Disruption
3257,2023-09-19,2,2,102,11873,4248,14,22285,30658.5,Pre-Disruption
3258,2023-06-25,3,1,103,6380,3506,6,59213,17316.0,Pre-Disruption
3259,2024-10-18,4,1,101,1497,1854,2,37083,5252.5,During-Disruption
3260,2025-04-21,1,3,104,8463,2561,6,39041,22590.5,Post-Disruption
3261,2024-01-05,2,1,103,11812,4645,13,35985,30321.0,During-Disruption
3262,2023-02-23,1,4,102,8464,2576,5,36447,22491.0,Pre-Disruption
3263,2024-11-20,1,1,101,8615,2352,6,51803,22591.5,During-Disruption
3264,2024-01-02,2,2,104,11989,4239,13,38181,31151.5,During-Disruption
3265,2024-10-05,4,1,101,1488,2059,3,69683,4749.0,During-Disruption
3266,2024-01-14,1,1,101,8646,2351,7,75428,23032.0,During-Disruption
3267,2023-03-14,1,1,104,8548,2639,6,48044,22074.0,Pre-Disruption
3268,2025-07-03,1,2,104,8639,2802,5,57021,22175.5,Post-Disruption
3269,2025-05-09,2,4,102,11705,4239,13,71115,30289.5,Post-Disruption
3270,2023-02-12,1,3,102,8636,2382,4,53677,22562.0,Pre-Disruption
3271,2024-01-12,1,1,101,8666,2509,7,24031,23001.0,During-Disruption
3272,2025-11-30,3,1,101,6337,3158,7,22716,17264.5,Post-Disruption
3273,2023-06-19,1,1,102,8538,2659,7,54655,22971.0,Pre-Disruption
3274,2023-07-31,2,1,102,11864,4430,12,77636,30256.0,Pre-Disruption
3275,2023-02-08,3,1,101,6381,3399,9,29586,17065.5,Pre-Disruption
3276,2024-01-04,1,4,103,8584,2275,6,44303,22779.0,During-Disruption
3277,2025-01-26,2,2,103,11853,4296,15,57325,30379.5,Post-Disruption
3278,2023-05-31,2,3,103,11805,4361,13,54756,30640.5,Pre-Disruption
3279,2025-12-06,2,2,104,11848,4182,13,53820,31465.0,Post-Disruption
3280,2025-10-20,2,3,102,11884,4058,14,51877,31679.0,Post-Disruption
3281,2025-01-06,1,1,103,8670,2751,5,38534,23261.0,Post-Disruption
3282,2023-03-10,3,3,103,6290,3456,6,81694,16403.0,Pre-Disruption
3283,2023-10-26,3,4,102,6262,3305,7,41299,17370.0,Pre-Disruption
3284,2025-08-01,1,1,104,8600,2726,4,64718,22721.0,Post-Disruption
3285,2025-03-12,1,1,103,8505,2386,7,69049,22713.5,Post-Disruption
3286,2023-10-23,1,4,104,8614,2224,7,64278,23069.0,Pre-Disruption
3287,2023-07-22,1,3,104,8619,2498,5,69266,23233.5,Pre-Disruption
3288,2023-03-02,2,1,101,11916,4191,13,51451,30706.0,Pre-Disruption
3289,2025-08-03,1,2,102,8428,2890,6,50998,22585.0,Post-Disruption
3290,2025-08-20,1,1,101,8637,2772,7,16558,23500.5,Post-Disruption
3291,2023-11-27,3,1,103,6163,3030,6,64890,15939.5,During-Disruption
3292,2023-12-04,1,1,101,8495,2875,6,47846,21813.5,During-Disruption
3293,2024-09-30,3,1,102,6253,3403,8,24972,17604.5,During-Disruption
3294,2023-10-02,3,2,104,6127,3106,9,18163,16690.5,Pre-Disruption
3295,2023-11-15,1,3,104,8575,2437,6,49955,22157.5,During-Disruption
3296,2024-08-11,3,4,103,6350,3091,6,64418,17571.0,During-Disruption
3297,2024-05-18,3,1,102,6293,2927,8,71370,16317.5,During-Disruption
3298,2024-01-22,1,3,104,8678,2306,4,56188,22790.0,During-Disruption
3299,2025-05-19,1,1,103,8438,2422,4,49160,21894.0,Post-Disruption
3300,2025-04-12,2,1,102,11768,4379,13,62553,30476.0,Post-Disruption
3301,2025-10-11,4,4,102,1676,2028,4,66756,5370.0,Post-Disruption
3302,2024-08-25,2,1,101,11819,4083,15,52986,30482.5,During-Disruption
3303,2024-11-21,1,1,104,8485,2697,7,59103,22752.5,During-Disruption
3304,2024-05-08,2,1,102,11876,4236,15,59830,30239.0,During-Disruption
3305,2024-05-04,2,1,104,11793,4148,12,31980,30485.5,During-Disruption
3306,2024-12-21,2,3,104,11791,4611,15,23920,30856.5,During-Disruption
3307,2024-05-23,3,4,102,6180,2934,9,45875,16897.0,During-Disruption
3308,2024-01-25,2,3,104,11927,4096,12,28127,30748.5,During-Disruption
3309,2023-10-22,3,4,101,6187,3132,7,50392,16747.5,Pre-Disruption
3310,2025-03-06,3,3,103,6227,3306,9,73260,17252.5,Post-Disruption
3311,2025-05-14,2,4,103,11997,4524,14,23846,31314.5,Post-Disruption
3312,2024-07-02,1,1,102,8589,2688,5,45055,22321.5,During-Disruption
3313,2024-10-10,3,4,101,6233,3303,7,71661,16083.5,During-Disruption
3314,2024-07-21,4,1,103,1535,1822,2,56292,5052.5,During-Disruption
3315,2025-05-02,1,4,101,8439,2602,7,51510,22804.5,Post-Disruption
3316,2025-02-08,2,1,102,11837,4450,12,25327,30945.5,Post-Disruption
3317,2024-03-20,1,3,101,8686,2785,7,25584,23084.0,During-Disruption
3318,2023-12-29,3,3,102,6355,3083,9,20815,17167.5,During-Disruption
3319,2023-05-03,3,4,103,6385,3176,7,18868,16893.5,Pre-Disruption
3320,2025-01-11,1,3,103,8484,2767,4,15249,22081.0,Post-Disruption
3321,2024-11-10,3,1,103,6126,3468,9,62422,16671.0,During-Disruption
3322,2024-02-24,1,2,103,8629,2585,7,72044,23539.5,During-Disruption
3323,2023-04-02,3,1,104,6390,3392,9,80008,16969.0,Pre-Disruption
3324,2023-03-04,2,1,101,11987,4294,15,60604,30503.5,Pre-Disruption
3325,2024-05-26,1,1,101,8531,2260,4,26956,22359.5,During-Disruption
3326,2025-02-10,1,1,101,8490,2884,4,52085,21998.0,Post-Disruption
3327,2023-09-13,1,2,102,8628,2821,4,52211,23276.0,Pre-Disruption
3328,2023-05-15,2,4,103,11726,4145,14,46348,30415.0,Pre-Disruption
3329,2025-05-24,2,4,103,11981,4525,12,70386,31683.5,Post-Disruption
3330,2025-04-01,1,1,104,8679,2382,4,47405,23329.5,Post-Disruption
3331,2023-03-29,1,1,104,8598,2514,5,51686,22756.0,Pre-Disruption
3332,2025-09-14,1,1,103,8699,2858,7,31677,22821.5,Post-Disruption
3333,2025-04-02,3,1,101,6253,3551,9,30908,16864.5,Post-Disruption
3334,2025-10-23,3,1,101,6398,3559,7,67005,17180.0,Post-Disruption
3335,2025-08-31,1,1,103,8442,2235,4,59870,22644.0,Post-Disruption
3336,2025-07-22,2,2,102,11809,4055,15,39606,30235.5,Post-Disruption
3337,2023-05-01,1,2,101,8510,2240,6,77045,22458.0,Pre-Disruption
3338,2025-11-27,4,2,103,1400,1982,3,36261,4651.0,Post-Disruption
3339,2025-10-04,4,1,103,1539,1768,2,37007,5093.5,Post-Disruption
3340,2025-07-13,2,3,104,11877,4170,14,39574,31535.5,Post-Disruption
3341,2024-10-06,4,3,104,1459,2217,2,52985,4620.5,During-Disruption
3342,2024-12-14,3,1,103,6282,3355,8,84683,17000.0,During-Disruption
3343,2025-05-09,3,1,102,6381,3497,8,62578,17562.5,Post-Disruption
3344,2023-01-21,2,1,103,11920,4490,14,38894,30914.0,Pre-Disruption
3345,2023-08-30,1,1,101,8626,2493,5,78426,22932.0,Pre-Disruption
3346,2024-03-30,1,1,102,8543,2857,7,76316,22807.5,During-Disruption
3347,2025-08-20,1,1,102,8623,2463,5,68597,22454.5,Post-Disruption
3348,2024-09-12,2,1,104,11751,4246,12,26782,30547.5,During-Disruption
3349,2023-10-30,1,1,103,8480,2347,4,44672,21762.0,Pre-Disruption
3350,2025-03-13,1,3,104,8548,2640,6,56673,21945.0,Post-Disruption
3351,2025-08-21,2,1,101,11726,4361,14,22723,31297.0,Post-Disruption
3352,2023-03-10,1,2,104,8631,2421,7,43604,22464.5,Pre-Disruption
3353,2023-07-15,2,1,101,11810,4657,15,26423,30497.0,Pre-Disruption
3354,2023-05-20,4,1,103,1478,1707,4,77302,4539.0,Pre-Disruption
3355,2023-10-10,3,4,103,6378,3114,8,54299,17832.0,Pre-Disruption
3356,2023-11-08,2,2,104,11826,4129,13,40230,31364.0,During-Disruption
3357,2025-01-15,2,1,104,11980,4575,14,37529,31929.0,Post-Disruption
3358,2023-10-04,2,2,104,11881,4299,12,15150,31249.5,Pre-Disruption
3359,2023-03-02,1,2,101,8518,2634,6,25170,22644.0,Pre-Disruption
3360,2023-02-21,3,1,102,6365,3261,9,75950,17729.5,Pre-Disruption
3361,2023-06-02,1,1,102,8577,2423,4,43386,22270.5,Pre-Disruption
3362,2024-06-27,1,4,104,8600,2776,6,41393,23431.0,During-Disruption
3363,2024-07-20,3,1,104,6169,3386,9,60683,16930.5,During-Disruption
3364,2024-09-13,1,1,103,8557,2776,6,58954,22216.5,During-Disruption
3365,2023-11-10,1,1,104,8497,2573,6,19995,22173.5,During-Disruption
3366,2025-03-17,1,3,103,8604,2893,7,51177,23078.0,Post-Disruption
3367,2025-04-27,1,4,101,8485,2307,4,33274,23068.5,Post-Disruption
3368,2023-04-07,1,3,101,8679,2550,4,70475,23625.5,Pre-Disruption
3369,2025-05-30,1,3,101,8484,2622,5,65128,23170.0,Post-Disruption
3370,2025-04-08,2,4,101,11914,4391,12,57394,31757.0,Post-Disruption
3371,2023-05-17,3,2,104,6232,3522,8,22943,17367.0,Pre-Disruption
3372,2025-10-26,1,3,104,8646,2275,7,68428,23610.0,Post-Disruption
3373,2025-10-07,3,4,103,6240,3149,6,44038,17157.0,Post-Disruption
3374,2023-04-19,1,1,104,8475,2440,6,77988,22848.5,Pre-Disruption
3375,2024-06-30,1,2,103,8497,2425,6,82669,22618.5,During-Disruption
3376,2025-11-28,1,3,101,8454,2672,4,29242,22019.0,Post-Disruption
3377,2024-10-23,2,4,103,11958,4675,15,36426,30557.0,During-Disruption
3378,2024-02-29,2,4,103,11721,4262,15,55515,30162.5,During-Disruption
3379,2024-09-21,2,3,104,11734,4014,13,67876,30372.0,During-Disruption
3380,2023-09-18,3,4,101,6127,3240,9,27718,17191.5,Pre-Disruption
3381,2023-03-28,2,2,102,11869,4664,15,53533,30770.5,Pre-Disruption
3382,2024-04-09,2,1,104,11839,4495,12,60713,30175.5,During-Disruption
3383,2023-03-17,4,1,104,1528,2040,1,28685,4770.0,Pre-Disruption
3384,2024-04-15,1,2,102,8499,2749,6,84800,22533.5,During-Disruption
3385,2024-02-18,1,1,101,8646,2236,4,19412,23437.0,During-Disruption
3386,2025-04-04,3,1,102,6122,3533,7,64364,16035.0,Post-Disruption
3387,2025-06-13,2,1,103,11983,4174,14,47607,30867.5,Post-Disruption
3388,2024-12-26,1,4,102,8512,2635,7,55681,22185.0,During-Disruption
3389,2024-04-01,1,1,101,8596,2492,4,24576,22806.0,During-Disruption
3390,2024-10-14,2,4,101,11863,4300,13,17170,31494.5,During-Disruption
3391,2024-11-02,2,4,102,11755,4653,14,32429,31117.5,During-Disruption
3392,2024-05-09,1,1,104,8409,2873,5,32260,22833.5,During-Disruption
3393,2025-12-04,4,1,102,1532,1938,2,48161,5411.0,Post-Disruption
3394,2024-08-19,3,3,103,6251,2922,9,38084,17501.5,During-Disruption
3395,2024-03-25,2,3,102,11890,4349,14,62364,30280.0,During-Disruption
3396,2024-04-29,2,1,102,11983,4065,12,48000,31583.5,During-Disruption
3397,2024-10-07,3,1,102,6376,3294,9,51337,17838.0,During-Disruption
3398,2024-09-11,1,1,103,8642,2632,5,53673,23180.0,During-Disruption
3399,2025-11-07,1,1,102,8675,2769,6,77153,23199.5,Post-Disruption
3400,2024-10-23,2,1,104,11889,4028,15,56046,31194.5,During-Disruption
3401,2025-01-27,3,1,103,6214,2982,6,54808,17032.0,Post-Disruption
3402,2023-10-16,1,2,104,8695,2675,5,74252,23489.5,Pre-Disruption
3403,2024-12-21,4,4,103,1633,2034,3,70988,5301.5,During-Disruption
3404,2024-09-29,2,2,101,11780,4640,15,22761,30233.0,During-Disruption
3405,2023-08-23,1,4,101,8592,2332,7,31221,22973.0,Pre-Disruption
3406,2024-02-20,1,3,103,8657,2314,5,24426,23261.5,During-Disruption
3407,2025-07-26,1,3,103,8630,2233,7,40068,23506.0,Post-Disruption
3408,2024-05-13,3,1,103,6113,3536,6,39597,16163.5,During-Disruption
3409,2025-08-31,4,1,101,1413,1677,1,18877,4733.5,Post-Disruption
3410,2024-09-25,2,3,103,11743,4274,12,27319,30885.5,During-Disruption
3411,2025-10-16,4,4,101,1609,1943,3,67534,4827.5,Post-Disruption
3412,2023-04-25,3,1,101,6139,3579,9,48112,16827.5,Pre-Disruption
3413,2025-07-20,2,1,103,11733,4080,12,37383,30472.5,Post-Disruption
3414,2024-11-04,2,3,103,11934,4606,12,81696,31806.0,During-Disruption
3415,2025-10-31,2,1,103,11933,4071,14,15483,31816.5,Post-Disruption
3416,2023-07-25,2,1,101,11973,4144,15,68169,31699.5,Pre-Disruption
3417,2023-09-04,1,3,102,8689,2237,4,82364,23701.5,Pre-Disruption
3418,2025-01-27,2,2,103,11928,4473,12,41460,31600.0,Post-Disruption
3419,2023-05-27,1,2,102,8527,2370,4,75397,21959.5,Pre-Disruption
3420,2023-04-28,3,4,102,6308,2939,8,31699,16471.0,Pre-Disruption
3421,2024-02-16,3,2,102,6179,3072,9,69014,16971.5,During-Disruption
3422,2023-12-29,1,2,104,8694,2623,4,61142,23208.0,During-Disruption
3423,2023-05-17,1,1,102,8575,2398,5,50097,22682.5,Pre-Disruption
3424,2025-08-15,2,1,102,11932,4221,14,24805,31710.0,Post-Disruption
3425,2023-01-19,2,3,101,11964,4601,13,52238,30962.0,Pre-Disruption
3426,2023-07-14,1,1,104,8684,2874,7,28574,23151.0,Pre-Disruption
3427,2023-11-26,2,1,101,11817,4449,14,62042,30318.5,During-Disruption
3428,2023-06-24,1,1,101,8565,2627,6,49868,22662.5,Pre-Disruption
3429,2025-09-28,1,1,102,8541,2647,6,81344,22070.5,Post-Disruption
3430,2024-03-24,1,1,101,8646,2844,7,55954,22485.0,During-Disruption
3431,2025-08-03,1,2,103,8576,2631,5,68732,21991.0,Post-Disruption
3432,2023-05-21,3,1,102,6398,3221,6,82432,17717.0,Pre-Disruption
3433,2025-01-27,4,1,103,1663,1751,4,55369,5122.5,Post-Disruption
3434,2025-07-18,2,2,102,11867,4044,12,34084,30970.5,Post-Disruption
3435,2023-04-03,2,4,102,11724,4323,12,81674,30743.0,Pre-Disruption
3436,2023-08-27,1,1,102,8590,2611,4,62878,22585.0,Pre-Disruption
3437,2023-07-24,2,2,104,11714,4260,14,31507,29852.0,Pre-Disruption
3438,2024-07-13,1,2,102,8415,2418,6,41478,22809.5,During-Disruption
3439,2023-09-02,2,3,103,11826,4619,13,33010,30931.0,Pre-Disruption
3440,2025-04-11,4,1,102,1666,1646,4,49352,5002.0,Post-Disruption
3441,2025-07-13,1,4,102,8427,2844,4,34842,23040.5,Post-Disruption
3442,2023-10-22,3,2,101,6362,3587,9,68520,17519.0,Pre-Disruption
3443,2024-10-01,1,3,102,8693,2832,7,26485,23056.5,During-Disruption
3444,2025-05-05,1,1,102,8551,2502,7,41614,22715.5,Post-Disruption
3445,2023-01-17,1,3,102,8467,2389,6,46885,22432.5,Pre-Disruption
3446,2023-03-12,1,3,102,8436,2888,4,16244,21886.0,Pre-Disruption
3447,2023-11-01,1,1,102,8434,2776,4,64350,22959.0,During-Disruption
3448,2025-10-27,1,1,102,8533,2535,7,75628,22591.5,Post-Disruption
3449,2025-03-27,2,2,104,11860,4219,13,53390,30766.0,Post-Disruption
3450,2025-03-31,1,1,103,8623,2859,6,32714,23306.5,Post-Disruption
3451,2023-07-12,2,3,104,11809,4611,15,76140,30284.5,Pre-Disruption
3452,2024-06-12,4,1,103,1501,1718,4,67496,4820.5,During-Disruption
3453,2023-06-20,2,1,104,11881,4620,12,56942,30886.5,Pre-Disruption
3454,2023-09-08,1,2,102,8546,2281,5,34982,21990.0,Pre-Disruption
3455,2024-06-24,1,1,104,8615,2212,7,62379,22129.5,During-Disruption
3456,2024-02-20,3,4,103,6238,3377,7,74809,17239.0,During-Disruption
3457,2025-03-04,2,4,101,11887,4298,12,70071,31120.5,Post-Disruption
3458,2023-01-25,2,2,101,11787,4091,12,34695,31215.5,Pre-Disruption
3459,2024-10-29,1,3,102,8646,2895,7,20269,22218.0,During-Disruption
3460,2024-09-23,2,4,102,11885,4689,13,75477,30883.5,During-Disruption
3461,2024-05-19,1,1,103,8487,2475,7,80964,22040.5,During-Disruption
3462,2023-12-02,4,3,101,1551,1903,4,66450,4770.5,During-Disruption
3463,2024-02-29,3,1,102,6366,3172,9,53922,16753.0,During-Disruption
3464,2024-05-13,1,1,104,8599,2611,7,50232,23201.5,During-Disruption
3465,2025-08-04,2,2,104,11945,4035,13,74941,30949.5,Post-Disruption
3466,2024-09-21,1,3,101,8615,2621,7,64728,22943.5,During-Disruption
3467,2024-12-18,2,1,103,11773,4477,12,26454,30449.5,During-Disruption
3468,2023-12-05,3,1,102,6259,3401,6,60822,16940.5,During-Disruption
3469,2024-10-20,2,2,102,11954,4337,13,35936,30584.0,During-Disruption
3470,2025-08-19,1,1,102,8416,2781,7,57252,22553.0,Post-Disruption
3471,2024-03-04,1,3,101,8537,2827,7,69191,22427.5,During-Disruption
3472,2025-06-17,3,2,104,6105,3309,8,30860,16999.5,Post-Disruption
3473,2023-05-19,2,1,103,11918,4462,15,58251,31544.0,Pre-Disruption
3474,2025-07-30,2,1,101,11700,4512,13,73147,30882.0,Post-Disruption
3475,2024-06-25,1,2,101,8463,2280,5,34603,22795.5,During-Disruption
3476,2023-02-26,1,1,102,8608,2678,6,39106,22275.0,Pre-Disruption
3477,2024-10-19,4,1,104,1400,1985,1,24324,4405.0,During-Disruption
3478,2024-03-10,2,1,103,11888,4419,13,58963,30698.0,During-Disruption
3479,2024-01-19,2,1,103,11946,4439,15,68346,31680.0,During-Disruption
3480,2024-07-13,2,1,102,11956,4034,15,81387,31168.0,During-Disruption
3481,2023-07-13,3,2,103,6273,3400,6,76485,16519.5,Pre-Disruption
3482,2024-06-17,1,3,104,8508,2383,6,21907,22315.0,During-Disruption
3483,2024-06-01,1,2,102,8459,2757,5,68145,21905.5,During-Disruption
3484,2024-12-16,2,3,102,11742,4147,15,27316,30607.0,During-Disruption
3485,2025-01-20,2,1,104,11737,4263,12,60224,31299.5,Post-Disruption
3486,2023-07-04,3,1,103,6357,3504,6,32934,16749.5,Pre-Disruption
3487,2023-10-19,3,2,104,6181,3388,6,21600,17223.5,Pre-Disruption
3488,2025-01-01,1,2,103,8620,2825,7,63616,22853.0,Post-Disruption
3489,2023-04-26,1,2,103,8510,2481,4,21586,22213.0,Pre-Disruption
3490,2025-04-04,4,3,103,1664,2214,1,30967,5201.0,Post-Disruption
3491,2025-12-08,2,2,104,11835,4201,12,44467,30660.5,Post-Disruption
3492,2024-11-15,2,1,104,11722,4573,13,70694,30559.0,During-Disruption
3493,2023-03-23,2,2,101,11758,4605,15,51404,31099.0,Pre-Disruption
3494,2025-04-13,2,3,104,11965,4416,13,68147,31542.5,Post-Disruption
3495,2023-11-29,1,4,102,8539,2516,6,47346,22069.5,During-Disruption
3496,2024-07-10,3,2,102,6215,3127,6,24670,16196.5,During-Disruption
3497,2023-12-01,3,2,102,6303,2967,9,43120,17400.5,During-Disruption
3498,2024-06-15,2,2,102,11857,4479,14,59108,31021.5,During-Disruption
3499,2023-08-09,2,4,101,11895,4676,13,54553,31260.5,Pre-Disruption
3500,2024-09-26,1,4,104,8611,2300,6,32041,23389.5,During-Disruption
3501,2023-11-19,1,3,104,8440,2442,5,75839,21871.0,During-Disruption
3502,2023-01-03,1,2,103,8406,2289,7,35148,22960.0,Pre-Disruption
3503,2023-07-25,1,1,104,8504,2799,5,39711,23186.0,Pre-Disruption
3504,2023-02-09,4,3,103,1444,1726,3,78187,4913.0,Pre-Disruption
3505,2023-02-28,3,3,103,6137,3518,7,24075,16620.5,Pre-Disruption
3506,2025-08-08,2,3,102,11863,4398,13,18732,30656.5,Post-Disruption
3507,2024-07-27,2,1,101,11780,4301,14,70131,30540.0,During-Disruption
3508,2024-10-05,1,2,101,8457,2693,6,68803,22898.5,During-Disruption
3509,2025-04-22,4,1,104,1522,2296,1,45779,4495.0,Post-Disruption
3510,2024-09-10,1,3,103,8594,2620,6,70544,22411.0,During-Disruption
3511,2023-04-06,1,1,102,8592,2812,5,45110,22478.0,Pre-Disruption
3512,2025-06-16,2,2,103,11803,4141,15,40460,30223.5,Post-Disruption
3513,2025-12-21,3,1,102,6211,3152,9,24174,17402.5,Post-Disruption
3514,2024-07-14,3,1,103,6231,2972,6,65372,17389.5,During-Disruption
3515,2025-06-23,1,2,104,8495,2413,5,76245,22809.5,Post-Disruption
3516,2023-12-14,3,1,104,6182,3278,8,17606,16133.0,During-Disruption
3517,2024-11-01,1,2,103,8569,2498,5,41849,22611.5,During-Disruption
3518,2023-11-13,1,4,101,8448,2578,6,56985,22920.0,During-Disruption
3519,2024-12-19,3,4,102,6234,3391,8,49084,16494.0,During-Disruption
3520,2025-12-07,3,1,101,6364,3583,8,50919,17002.0,Post-Disruption
3521,2023-09-07,2,3,101,11898,4303,12,74198,31415.0,Pre-Disruption
3522,2023-11-10,2,1,103,11982,4497,14,27295,31939.0,During-Disruption
3523,2025-03-17,3,4,102,6134,3136,7,49676,16412.0,Post-Disruption
3524,2024-04-29,3,3,102,6303,3129,6,41902,16320.5,During-Disruption
3525,2023-02-13,3,1,104,6340,2906,6,63015,16714.0,Pre-Disruption
3526,2024-07-24,2,1,103,11742,4255,15,60660,30271.0,During-Disruption
3527,2024-08-05,4,1,103,1663,1770,1,50531,5274.5,During-Disruption
3528,2025-06-13,4,3,103,1477,2151,2,54460,5659.5,Post-Disruption
3529,2023-08-08,1,1,104,8435,2487,7,41841,22997.5,Pre-Disruption
3530,2025-07-13,3,2,104,6273,3133,8,80681,17000.5,Post-Disruption
3531,2024-02-05,2,2,102,11834,4694,15,71722,30091.0,During-Disruption
3532,2024-12-27,1,4,104,8539,2692,4,24248,23059.5,During-Disruption
3533,2025-09-17,2,4,103,11754,4210,14,22133,30677.0,Post-Disruption
3534,2025-06-17,1,1,103,8651,2566,6,30893,22380.5,Post-Disruption
3535,2025-05-07,2,3,101,11978,4228,13,78163,31183.0,Post-Disruption
3536,2025-03-14,3,3,104,6279,3244,6,32457,17218.5,Post-Disruption
3537,2024-05-04,1,4,103,8412,2276,5,58329,22322.0,During-Disruption
3538,2025-07-26,2,1,103,11903,4459,12,42730,30478.5,Post-Disruption
3539,2025-04-23,4,1,102,1462,1864,1,48303,5625.0,Post-Disruption
3540,2023-09-24,2,1,104,11773,4503,14,70364,30347.5,Pre-Disruption
3541,2023-02-23,1,1,103,8554,2848,6,67231,22112.0,Pre-Disruption
3542,2024-06-11,2,1,102,11706,4575,15,48528,30329.0,During-Disruption
3543,2024-09-07,2,1,101,11852,4244,12,63961,31434.0,During-Disruption
3544,2025-12-18,2,2,101,11743,4428,12,62813,30888.5,Post-Disruption
3545,2025-11-29,3,1,102,6135,2990,8,62930,16033.5,Post-Disruption
3546,2025-08-12,2,2,104,11796,4444,12,77254,31160.0,Post-Disruption
3547,2024-01-21,3,1,103,6264,3132,6,60953,17381.0,During-Disruption
3548,2025-01-03,2,4,104,11933,4453,12,18263,31602.5,Post-Disruption
3549,2024-12-16,1,4,102,8502,2548,5,82533,22530.0,During-Disruption
3550,2024-10-11,2,2,103,11706,4093,15,15025,30975.0,During-Disruption
3551,2023-10-27,3,4,103,6193,3321,9,45867,16114.5,Pre-Disruption
3552,2024-01-30,2,1,103,11820,4489,12,22683,30894.0,During-Disruption
3553,2024-08-15,1,3,104,8436,2885,4,35544,21748.0,During-Disruption
3554,2024-05-28,1,1,104,8420,2323,6,46448,22970.0,During-Disruption
3555,2024-01-31,1,1,102,8497,2781,7,27083,22883.5,During-Disruption
3556,2024-01-06,1,1,101,8420,2814,7,27653,21934.0,During-Disruption
3557,2025-05-07,2,2,102,11931,4232,14,37291,31482.5,Post-Disruption
3558,2025-03-01,1,1,103,8471,2263,7,76938,22050.5,Post-Disruption
3559,2024-10-19,3,2,102,6151,3506,7,59826,16280.5,During-Disruption
3560,2025-01-05,1,1,101,8621,2362,6,80704,23424.5,Post-Disruption
3561,2024-01-19,1,4,102,8684,2503,4,62523,23265.0,During-Disruption
3562,2023-03-03,2,2,101,11866,4318,13,49691,30261.0,Pre-Disruption
3563,2024-05-19,1,1,101,8682,2884,7,28163,23567.0,During-Disruption
3564,2023-08-27,3,1,103,6304,2905,6,76479,17142.0,Pre-Disruption
3565,2023-07-14,1,3,101,8537,2500,7,80231,22228.5,Pre-Disruption
3566,2024-11-08,2,1,104,11735,4100,15,55422,30656.5,During-Disruption
3567,2023-03-02,3,2,102,6194,3315,6,37611,16761.0,Pre-Disruption
3568,2025-09-16,2,2,102,11715,4359,12,67461,29971.5,Post-Disruption
3569,2024-11-15,1,1,104,8636,2330,5,22625,23047.0,During-Disruption
3570,2023-06-05,2,1,104,11863,4385,15,72852,31364.5,Pre-Disruption
3571,2025-07-11,3,1,103,6189,2919,8,21984,16022.5,Post-Disruption
3572,2025-05-17,4,1,102,1507,1894,3,53591,4998.5,Post-Disruption
3573,2025-06-21,3,1,104,6183,3295,8,78260,15958.5,Post-Disruption
3574,2025-09-25,1,1,103,8654,2644,7,52528,23235.0,Post-Disruption
3575,2025-09-01,4,1,102,1564,1891,4,15407,5404.0,Post-Disruption
3576,2024-01-23,1,1,102,8599,2689,4,61378,22871.5,During-Disruption
3577,2025-06-05,1,4,104,8556,2547,5,40998,23375.0,Post-Disruption
3578,2025-04-17,3,2,101,6130,3164,9,57574,16223.0,Post-Disruption
3579,2023-12-06,1,3,101,8465,2243,6,61631,22724.5,During-Disruption
3580,2023-07-23,1,1,104,8488,2274,7,25714,22265.0,Pre-Disruption
3581,2023-06-10,1,1,101,8658,2252,5,39442,22886.0,Pre-Disruption
3582,2024-01-27,2,3,102,11952,4285,15,78764,30630.0,During-Disruption
3583,2025-02-07,3,2,103,6333,2965,7,63889,16397.5,Post-Disruption
3584,2024-07-28,2,1,103,11806,4037,12,69892,31467.0,During-Disruption
3585,2024-06-17,1,1,104,8468,2616,5,30869,23046.0,During-Disruption
3586,2025-12-29,2,2,103,11977,4468,14,64247,30824.5,Post-Disruption
3587,2025-06-11,4,3,104,1600,1654,4,42679,5550.0,Post-Disruption
3588,2024-02-09,3,1,101,6152,3015,9,59299,15946.0,During-Disruption
3589,2024-08-30,1,2,102,8640,2796,6,75947,22801.0,During-Disruption
3590,2025-04-07,4,3,101,1574,1878,2,23590,4934.0,Post-Disruption
3591,2024-11-20,3,4,104,6141,3353,9,81797,16606.5,During-Disruption
3592,2025-06-20,1,3,102,8659,2341,7,53791,23582.5,Post-Disruption
3593,2023-02-25,1,1,102,8609,2807,5,22700,22702.5,Pre-Disruption
3594,2024-01-01,1,3,102,8441,2248,5,22980,22995.5,During-Disruption
3595,2024-03-30,3,3,101,6269,3268,7,56688,16770.5,During-Disruption
3596,2023-04-14,1,3,102,8658,2569,7,36474,23604.0,Pre-Disruption
3597,2023-03-18,2,3,101,11903,4300,14,49424,30317.5,Pre-Disruption
3598,2023-08-18,1,4,101,8562,2551,6,20470,21954.0,Pre-Disruption
3599,2023-11-27,4,1,102,1504,1794,1,59805,5479.0,During-Disruption
3600,2025-06-11,1,1,104,8577,2504,5,36514,23335.5,Post-Disruption
3601,2024-11-18,4,3,102,1590,1849,3,53009,5773.0,During-Disruption
3602,2023-01-27,4,1,102,1523,1857,2,58194,4522.5,Pre-Disruption
3603,2023-10-26,1,1,101,8597,2649,7,78879,23307.5,Pre-Disruption
3604,2025-08-14,2,1,102,11798,4058,14,41823,31344.0,Post-Disruption
3605,2025-03-09,1,3,104,8405,2420,7,78542,22036.5,Post-Disruption
3606,2024-04-24,4,1,102,1687,2171,1,80830,5252.5,During-Disruption
3607,2024-07-26,2,2,104,11966,4533,14,80590,30588.0,During-Disruption
3608,2024-04-02,1,1,103,8442,2561,6,53314,23058.0,During-Disruption
3609,2023-12-31,1,1,103,8694,2252,4,72983,23116.0,During-Disruption
3610,2025-05-08,1,1,103,8540,2760,5,26994,22455.0,Post-Disruption
3611,2023-12-17,4,1,102,1668,2128,3,63388,5277.0,During-Disruption
3612,2023-09-10,2,3,101,11738,4497,12,82879,29879.0,Pre-Disruption
3613,2025-02-19,3,4,104,6261,3538,9,60003,17065.5,Post-Disruption
3614,2025-03-13,1,3,103,8594,2354,4,84442,22777.0,Post-Disruption
3615,2025-10-08,1,1,104,8503,2689,7,52602,22548.5,Post-Disruption
3616,2024-04-03,4,2,101,1644,1677,1,26516,5511.0,During-Disruption
3617,2025-07-05,1,1,104,8464,2373,6,18998,22847.0,Post-Disruption
3618,2024-05-13,4,1,104,1600,2217,2,49280,5917.0,During-Disruption
3619,2025-08-07,1,2,103,8641,2519,6,49588,23393.5,Post-Disruption
3620,2024-05-22,1,3,104,8406,2231,6,50583,22863.0,During-Disruption
3621,2024-05-15,2,1,103,11918,4291,15,51018,30698.0,During-Disruption
3622,2025-03-13,4,1,101,1402,2121,3,36583,5065.0,Post-Disruption
3623,2024-08-20,4,4,103,1683,1914,1,48761,5236.5,During-Disruption
3624,2023-06-15,1,1,104,8421,2813,5,45268,22686.5,Pre-Disruption
3625,2024-04-06,1,4,101,8493,2829,6,61523,22219.5,During-Disruption
3626,2025-07-08,2,4,102,11770,4668,13,77853,30149.0,Post-Disruption
3627,2023-04-24,2,2,102,11921,4266,15,69337,31622.5,Pre-Disruption
3628,2025-09-18,3,1,101,6112,3321,8,38263,17000.0,Post-Disruption
3629,2023-07-26,1,3,101,8404,2444,5,59763,21838.0,Pre-Disruption
3630,2024-05-29,4,1,104,1421,2190,1,74922,4148.5,During-Disruption
3631,2024-12-09,2,1,102,11994,4671,13,30408,31956.0,During-Disruption
3632,2023-05-18,3,3,101,6136,2990,6,47562,17021.0,Pre-Disruption
3633,2023-12-05,2,1,102,11730,4435,12,40171,30865.0,During-Disruption
3634,2024-06-20,2,1,102,11761,4640,15,21831,30237.5,During-Disruption
3635,2023-03-09,4,2,104,1620,2088,2,33745,4973.0,Pre-Disruption
3636,2024-01-18,2,3,101,11780,4013,14,79333,30352.0,During-Disruption
3637,2023-01-19,3,1,103,6332,3185,8,75564,16760.0,Pre-Disruption
3638,2024-11-13,4,1,101,1405,2270,3,74162,4909.5,During-Disruption
3639,2023-03-15,2,1,102,11804,4640,14,15156,30719.0,Pre-Disruption
3640,2024-07-26,2,1,103,11861,4685,13,42879,31089.5,During-Disruption
3641,2025-07-27,1,3,103,8451,2597,7,38963,22255.5,Post-Disruption
3642,2025-12-07,1,3,102,8557,2885,6,48957,23359.5,Post-Disruption
3643,2023-07-30,1,2,103,8412,2626,6,22694,21540.0,Pre-Disruption
3644,2025-05-04,1,1,103,8585,2560,4,68752,22802.5,Post-Disruption
3645,2024-10-12,1,1,101,8621,2242,5,73443,22590.5,During-Disruption
3646,2025-09-20,1,1,102,8640,2493,4,70041,23393.0,Post-Disruption
3647,2024-11-25,1,1,104,8547,2544,4,70016,21992.5,During-Disruption
3648,2024-06-23,2,1,103,11754,4620,15,61101,30839.0,During-Disruption
3649,2025-06-19,1,1,102,8458,2441,6,39867,21766.0,Post-Disruption
3650,2025-02-18,1,1,101,8597,2254,6,31996,22343.5,Post-Disruption
3651,2023-06-19,2,3,101,11797,4566,13,71440,30359.5,Pre-Disruption
3652,2025-11-03,2,3,101,11855,4441,12,55446,30528.5,Post-Disruption
3653,2023-10-15,2,2,103,11949,4106,14,29720,31470.5,Pre-Disruption
3654,2023-07-08,2,1,104,11879,4312,15,21377,30646.5,Pre-Disruption
3655,2025-07-02,3,4,101,6173,3083,6,28882,16960.5,Post-Disruption
3656,2024-11-24,2,4,104,11760,4129,15,69848,30920.0,During-Disruption
3657,2025-06-06,2,1,102,11744,4498,15,39821,31041.0,Post-Disruption
3658,2024-04-15,4,3,101,1534,2235,4,28181,4570.0,During-Disruption
3659,2023-10-04,3,3,103,6309,3317,8,80939,16474.5,Pre-Disruption
3660,2025-07-28,2,2,101,11785,4048,15,76104,30681.5,Post-Disruption
3661,2024-07-24,2,1,103,11969,4319,15,70264,30783.5,During-Disruption
3662,2025-05-06,1,1,102,8691,2452,6,17080,23019.5,Post-Disruption
3663,2025-09-27,2,2,104,11963,4391,14,58664,30737.5,Post-Disruption
3664,2024-04-02,4,1,104,1667,1668,3,27151,5240.5,During-Disruption
3665,2025-07-06,2,4,104,11924,4441,13,39844,30630.0,Post-Disruption
3666,2025-04-12,4,3,101,1615,2076,1,41352,4793.5,Post-Disruption
3667,2025-12-23,2,1,101,11930,4376,12,23304,30700.0,Post-Disruption
3668,2025-04-18,4,2,102,1589,2163,2,68064,5099.5,Post-Disruption
3669,2023-07-12,2,2,104,11841,4544,13,69775,31300.5,Pre-Disruption
3670,2024-09-07,1,1,102,8576,2731,5,52869,22268.0,During-Disruption
3671,2024-02-10,2,1,103,11750,4186,14,24536,31181.0,During-Disruption
3672,2025-07-31,1,4,101,8589,2899,7,30254,22265.5,Post-Disruption
3673,2024-12-21,1,2,104,8404,2311,6,26303,21912.0,During-Disruption
3674,2023-04-03,3,1,101,6310,3083,9,79433,17082.0,Pre-Disruption
3675,2024-03-05,1,1,104,8594,2492,4,76804,22705.0,During-Disruption
3676,2024-10-15,3,2,104,6100,3260,9,15205,16327.0,During-Disruption
3677,2024-03-09,1,2,101,8503,2701,5,16909,22980.5,During-Disruption
3678,2024-01-10,1,1,101,8500,2506,4,24172,22806.0,During-Disruption
3679,2025-12-18,4,2,102,1527,2248,4,76546,5481.5,Post-Disruption
3680,2025-12-02,1,1,101,8648,2285,5,66796,22162.0,Post-Disruption
3681,2023-07-26,2,1,101,11990,4295,15,59445,31197.0,Pre-Disruption
3682,2025-02-18,2,2,101,11968,4451,15,64191,30837.0,Post-Disruption
3683,2024-06-15,2,1,103,11737,4170,15,51444,30639.5,During-Disruption
3684,2023-06-15,4,4,103,1649,1955,1,51736,5921.5,Pre-Disruption
3685,2024-10-04,2,1,103,11920,4459,15,79977,31405.0,During-Disruption
3686,2023-03-31,2,2,102,11762,4278,13,41666,31141.0,Pre-Disruption
3687,2023-01-13,3,1,102,6352,3151,9,65159,17311.0,Pre-Disruption
3688,2025-08-30,1,1,104,8664,2207,5,19027,22934.0,Post-Disruption
3689,2025-03-15,2,3,102,11863,4585,14,55068,31377.5,Post-Disruption
3690,2025-08-02,4,1,101,1422,1919,1,51756,4831.0,Post-Disruption
3691,2025-01-11,2,3,104,11778,4150,14,49385,30967.0,Post-Disruption
3692,2025-05-25,3,2,101,6217,3504,8,33502,16086.5,Post-Disruption
3693,2024-10-21,2,2,104,11884,4375,12,17368,31536.0,During-Disruption
3694,2025-10-28,3,3,102,6158,3264,8,25113,16520.0,Post-Disruption
3695,2025-11-18,4,2,103,1651,2207,2,42390,5978.5,Post-Disruption
3696,2023-10-23,1,2,101,8488,2639,5,28473,21756.0,Pre-Disruption
3697,2025-09-12,1,3,104,8628,2341,5,53247,23113.0,Post-Disruption
3698,2025-07-14,2,4,103,11937,4591,13,38711,31716.5,Post-Disruption
3699,2024-10-01,3,1,101,6391,2919,8,47249,16662.5,During-Disruption
3700,2023-12-06,1,2,101,8694,2211,4,79300,22866.0,During-Disruption
3701,2024-09-19,1,1,103,8443,2835,6,51955,22671.5,During-Disruption
3702,2024-03-14,1,1,102,8479,2321,4,29596,22630.5,During-Disruption
3703,2025-07-30,4,1,103,1573,2024,1,65246,4731.5,Post-Disruption
3704,2025-04-09,2,3,102,11840,4228,14,43122,30476.0,Post-Disruption
3705,2024-06-02,2,2,104,11736,4596,14,22866,30074.0,During-Disruption
3706,2025-09-02,1,3,102,8413,2228,5,75310,22412.5,Post-Disruption
3707,2025-12-04,1,1,104,8521,2334,4,47439,22696.5,Post-Disruption
3708,2025-08-12,1,1,104,8637,2751,4,60711,23534.5,Post-Disruption
3709,2025-08-09,1,4,104,8454,2300,7,60363,22739.0,Post-Disruption
3710,2025-08-01,4,1,104,1421,1975,1,22566,4078.5,Post-Disruption
3711,2023-06-04,4,1,101,1602,2245,2,35157,5549.0,Pre-Disruption
3712,2023-03-29,1,1,104,8414,2510,4,73117,21830.0,Pre-Disruption
3713,2025-07-19,1,3,101,8429,2639,7,57086,22329.5,Post-Disruption
3714,2023-06-28,1,1,101,8428,2892,7,84911,22446.0,Pre-Disruption
3715,2023-07-31,2,1,104,11951,4456,12,21276,31234.5,Pre-Disruption
3716,2024-04-09,1,2,102,8559,2399,5,27892,23092.5,During-Disruption
3717,2024-09-22,1,1,102,8516,2799,7,16529,22562.0,During-Disruption
3718,2025-04-04,1,3,103,8557,2324,7,40185,22271.5,Post-Disruption
3719,2024-08-29,3,1,101,6207,3370,9,76074,16961.5,During-Disruption
3720,2025-06-03,3,1,101,6214,2921,8,19573,16766.0,Post-Disruption
3721,2024-01-01,2,2,102,11971,4049,13,64617,31599.5,During-Disruption
3722,2023-10-03,1,3,101,8575,2759,5,66584,22456.5,Pre-Disruption
3723,2024-01-15,4,3,102,1630,1665,3,39232,5461.0,During-Disruption
3724,2025-08-02,4,3,103,1683,1729,1,40908,5895.5,Post-Disruption
3725,2025-12-23,1,1,104,8649,2501,7,55143,23031.5,Post-Disruption
3726,2025-03-20,1,1,104,8455,2526,7,73493,22054.5,Post-Disruption
3727,2025-07-13,2,1,104,11972,4383,14,26967,30802.0,Post-Disruption
3728,2024-05-08,1,4,103,8589,2737,4,66111,23103.5,During-Disruption
3729,2025-12-30,2,4,101,11720,4048,13,69333,30816.0,Post-Disruption
3730,2023-12-30,2,4,103,11864,4318,12,75470,31499.0,During-Disruption
3731,2024-07-23,2,1,101,11984,4020,13,69619,31928.0,During-Disruption
3732,2025-02-01,1,2,101,8467,2632,7,84130,23120.5,Post-Disruption
3733,2023-10-03,2,2,104,11966,4590,12,31623,30899.0,Pre-Disruption
3734,2023-02-19,4,3,102,1617,2191,2,26487,4760.5,Pre-Disruption
3735,2024-12-28,1,2,102,8495,2208,4,58545,21985.5,During-Disruption
3736,2025-06-24,2,3,104,11887,4148,12,67159,30490.5,Post-Disruption
3737,2025-07-16,1,1,101,8607,2636,4,16613,22384.5,Post-Disruption
3738,2024-07-17,1,1,103,8473,2698,6,53408,22510.5,During-Disruption
3739,2025-02-21,2,1,104,11861,4054,13,20633,30348.5,Post-Disruption
3740,2024-04-29,1,1,104,8560,2496,5,61451,22510.0,During-Disruption
3741,2024-08-06,1,1,103,8459,2717,7,70053,22248.5,During-Disruption
3742,2023-08-24,1,1,101,8425,2428,5,50680,22230.5,Pre-Disruption
3743,2023-02-25,2,1,104,11724,4246,15,16544,30519.0,Pre-Disruption
3744,2023-12-26,3,2,104,6357,3181,8,20612,16481.5,During-Disruption
3745,2023-04-20,1,4,101,8402,2456,7,49357,22842.0,Pre-Disruption
3746,2023-07-11,2,3,103,11987,4092,15,75684,31188.5,Pre-Disruption
3747,2025-06-22,1,1,103,8656,2413,6,45887,22812.0,Post-Disruption
3748,2025-05-11,2,1,102,11979,4552,14,22551,31405.5,Post-Disruption
3749,2024-07-21,2,1,102,11947,4667,14,36815,31486.5,During-Disruption
3750,2025-12-19,2,4,103,11743,4132,12,72403,30866.5,Post-Disruption
3751,2024-10-11,4,2,102,1432,2096,2,47720,4369.0,During-Disruption
3752,2023-02-08,4,1,102,1693,1685,1,67890,5874.5,Pre-Disruption
3753,2025-12-08,1,3,101,8511,2795,7,35075,21825.5,Post-Disruption
3754,2024-09-28,3,1,104,6390,3295,8,34755,16998.0,During-Disruption
3755,2025-11-02,1,4,102,8672,2746,6,55504,22433.0,Post-Disruption
3756,2023-02-05,4,1,102,1442,1848,1,58929,4254.0,Pre-Disruption
3757,2023-04-11,1,1,101,8443,2836,7,82543,23099.5,Pre-Disruption
3758,2023-06-15,1,2,103,8688,2763,5,53748,22531.0,Pre-Disruption
3759,2024-01-18,1,4,102,8486,2488,7,37463,22379.0,During-Disruption
3760,2025-02-28,1,4,104,8629,2608,6,43612,23545.5,Post-Disruption
3761,2023-01-31,3,2,102,6182,3208,9,58514,16156.0,Pre-Disruption
3762,2023-01-11,4,1,104,1603,1660,1,75412,5904.5,Pre-Disruption
3763,2023-04-06,2,1,103,11829,4503,15,18806,31484.5,Pre-Disruption
3764,2024-03-28,3,4,102,6237,3426,6,20826,16876.5,During-Disruption
3765,2023-07-11,3,2,104,6182,3210,9,29808,16595.0,Pre-Disruption
3766,2024-04-30,1,3,104,8574,2892,7,33100,22396.0,During-Disruption
3767,2023-08-26,1,1,104,8535,2399,4,70655,22241.5,Pre-Disruption
3768,2025-12-24,1,2,103,8506,2552,4,69682,22794.0,Post-Disruption
3769,2025-01-04,1,1,104,8550,2274,5,28568,22717.0,Post-Disruption
3770,2025-09-17,1,3,101,8508,2470,5,38087,21808.0,Post-Disruption
3771,2025-04-04,1,4,103,8621,2220,7,15738,23006.5,Post-Disruption
3772,2023-04-16,1,2,104,8646,2235,6,28006,22774.0,Pre-Disruption
3773,2023-06-30,1,1,103,8436,2397,6,24020,22441.0,Pre-Disruption
3774,2023-07-03,4,1,103,1667,1752,2,72431,5842.5,Pre-Disruption
3775,2023-08-14,1,1,101,8473,2243,5,28412,22746.5,Pre-Disruption
3776,2025-02-15,2,4,104,11814,4640,15,66298,31177.0,Post-Disruption
3777,2025-02-28,2,1,103,11780,4553,12,59565,30272.0,Post-Disruption
3778,2024-11-18,2,3,103,11892,4544,12,74877,31035.0,During-Disruption
3779,2024-06-13,1,3,104,8613,2709,4,75486,23288.5,During-Disruption
3780,2025-08-29,1,3,101,8414,2615,6,83011,22596.0,Post-Disruption
3781,2025-07-24,1,4,102,8483,2608,6,37654,23014.5,Post-Disruption
3782,2023-04-16,1,2,104,8665,2495,6,48318,23436.5,Pre-Disruption
3783,2025-04-10,1,4,102,8697,2826,6,17472,23019.5,Post-Disruption
3784,2024-11-09,2,1,104,11853,4202,12,23072,31307.5,During-Disruption
3785,2025-04-28,2,2,104,11952,4575,15,71192,30747.0,Post-Disruption
3786,2025-11-21,2,3,103,11972,4367,15,44058,31524.0,Post-Disruption
3787,2024-01-28,2,1,104,11831,4425,14,24156,31315.5,During-Disruption
3788,2023-02-09,1,3,101,8598,2409,6,19227,22209.0,Pre-Disruption
3789,2024-10-21,3,3,101,6182,3497,6,79747,16874.0,During-Disruption
3790,2025-09-07,1,3,104,8525,2659,4,21304,22693.5,Post-Disruption
3791,2025-04-24,3,1,103,6313,3261,9,60472,16533.5,Post-Disruption
3792,2023-07-20,3,2,103,6314,3375,7,56516,17358.0,Pre-Disruption
3793,2024-03-22,2,1,102,11937,4303,15,54076,31178.5,During-Disruption
3794,2025-11-27,1,3,104,8487,2384,7,70521,22071.5,Post-Disruption
3795,2024-03-19,2,1,102,11812,4264,15,46892,30718.0,During-Disruption
3796,2025-01-30,1,2,103,8504,2613,4,65482,22800.0,Post-Disruption
3797,2023-08-15,1,1,101,8462,2601,6,21879,22626.0,Pre-Disruption
3798,2023-02-17,1,1,103,8638,2372,4,68425,23493.0,Pre-Disruption
3799,2025-11-07,1,1,101,8425,2282,6,41954,22816.5,Post-Disruption
3800,2025-06-30,2,1,102,11827,4589,13,26804,30928.5,Post-Disruption
3801,2023-07-06,3,2,103,6100,3221,7,18369,16394.0,Pre-Disruption
3802,2023-12-11,1,3,101,8493,2545,5,35065,22629.5,During-Disruption
3803,2023-08-12,4,1,102,1411,1671,3,32334,4728.5,Pre-Disruption
3804,2025-04-09,4,1,103,1565,2050,4,67087,4510.5,Post-Disruption
3805,2024-05-02,4,1,104,1697,2252,3,43489,5642.5,During-Disruption
3806,2025-05-26,3,3,103,6371,3107,7,25690,16841.5,Post-Disruption
3807,2025-04-28,1,1,102,8466,2541,7,78381,22769.0,Post-Disruption
3808,2025-09-05,1,1,103,8566,2232,5,66839,22137.0,Post-Disruption
3809,2025-10-13,2,1,102,11953,4381,14,59567,31136.5,Post-Disruption
3810,2023-07-07,2,1,101,11952,4385,15,81457,31733.0,Pre-Disruption
3811,2023-09-27,3,1,103,6345,3008,8,36026,17717.5,Pre-Disruption
3812,2023-11-06,4,1,102,1458,1761,3,19071,5286.0,During-Disruption
3813,2025-12-31,2,3,102,11993,4015,14,56577,30596.5,Post-Disruption
3814,2025-04-24,1,2,104,8543,2213,7,34213,22061.5,Post-Disruption
3815,2024-04-30,1,1,101,8608,2445,5,75917,22460.0,During-Disruption
3816,2023-04-30,1,2,104,8625,2245,5,70847,22773.5,Pre-Disruption
3817,2023-08-08,2,1,104,11983,4624,15,31857,30831.5,Pre-Disruption
3818,2023-02-22,2,4,103,11790,4554,12,45892,31316.0,Pre-Disruption
3819,2025-01-27,3,1,102,6210,3301,9,17326,16791.0,Post-Disruption
3820,2025-01-07,2,3,102,11939,4047,12,52458,30734.5,Post-Disruption
3821,2024-12-20,4,3,102,1479,2009,3,21247,5154.5,During-Disruption
3822,2024-02-10,2,1,103,11903,4453,13,18122,30558.5,During-Disruption
3823,2024-08-30,3,4,103,6337,3041,8,56728,17180.5,During-Disruption
3824,2025-10-17,1,1,101,8693,2649,4,63131,23148.5,Post-Disruption
3825,2024-02-26,3,2,104,6283,3088,9,16112,17034.5,During-Disruption
3826,2024-12-12,2,1,101,11911,4456,14,70945,30961.5,During-Disruption
3827,2023-09-04,1,1,101,8650,2315,7,52625,22203.0,Pre-Disruption
3828,2023-03-13,1,2,103,8626,2713,7,29698,22546.0,Pre-Disruption
3829,2023-07-04,4,1,102,1566,1612,1,82613,5076.0,Pre-Disruption
3830,2023-01-06,1,1,103,8430,2476,7,33143,21767.0,Pre-Disruption
3831,2025-06-24,2,1,103,11850,4251,12,69429,30386.0,Post-Disruption
3832,2024-01-22,1,2,103,8561,2427,7,21636,22496.5,During-Disruption
3833,2024-11-29,2,1,101,11795,4145,15,70566,30909.5,During-Disruption
3834,2025-04-06,3,1,102,6372,3116,9,27335,16556.0,Post-Disruption
3835,2023-12-15,1,2,103,8423,2493,5,20472,22763.5,During-Disruption
3836,2023-11-04,2,1,101,11817,4280,15,56234,31527.5,During-Disruption
3837,2023-10-14,4,1,103,1486,1765,3,58188,4888.0,Pre-Disruption
3838,2025-02-04,3,1,104,6374,3042,7,19566,17618.0,Post-Disruption
3839,2024-12-25,3,1,102,6149,3397,6,43420,16322.5,During-Disruption
3840,2025-01-31,2,1,101,11811,4483,15,41023,31160.5,Post-Disruption
3841,2024-01-18,1,4,104,8679,2612,4,46181,22276.5,During-Disruption
3842,2024-01-23,2,1,103,11835,4096,14,76317,31533.5,During-Disruption
3843,2024-06-08,3,1,104,6102,3187,8,44207,17003.0,During-Disruption
3844,2024-09-30,1,1,104,8561,2754,6,62193,22727.5,During-Disruption
3845,2025-07-26,1,1,101,8476,2468,6,20778,22940.0,Post-Disruption
3846,2023-10-03,1,2,102,8584,2408,7,20434,22366.0,Pre-Disruption
3847,2024-05-14,2,1,102,11757,4536,12,71169,30365.5,During-Disruption
3848,2024-12-17,3,1,101,6262,3204,6,83002,17352.0,During-Disruption
3849,2023-12-03,1,1,103,8420,2287,4,77183,21940.0,During-Disruption
3850,2025-07-20,2,3,104,11764,4119,13,59161,31038.0,Post-Disruption
3851,2024-04-25,4,1,102,1465,1824,2,52600,4223.5,During-Disruption
3852,2025-06-29,1,1,102,8697,2335,7,58977,22248.5,Post-Disruption
3853,2025-12-17,2,3,104,11998,4381,13,57796,31021.0,Post-Disruption
3854,2023-04-19,4,1,103,1681,1610,3,56632,4826.5,Pre-Disruption
3855,2023-11-24,4,3,104,1574,2038,4,55553,5288.0,During-Disruption
3856,2023-11-11,1,2,101,8564,2209,7,19676,23301.0,During-Disruption
3857,2024-11-29,1,1,101,8481,2514,7,36702,22011.5,During-Disruption
3858,2025-02-19,1,2,103,8545,2264,4,26507,23319.5,Post-Disruption
3859,2023-06-05,3,4,102,6303,3491,7,43536,16863.5,Pre-Disruption
3860,2025-06-05,3,2,102,6263,3367,8,63488,16589.5,Post-Disruption
3861,2025-10-22,2,4,103,11803,4603,15,76418,30824.5,Post-Disruption
3862,2025-01-27,1,1,103,8529,2844,6,79599,22080.5,Post-Disruption
3863,2024-12-22,1,1,101,8483,2823,7,73928,22154.5,During-Disruption
3864,2025-07-01,2,4,101,11819,4194,14,39601,30293.5,Post-Disruption
3865,2025-05-20,2,1,103,11958,4413,12,76950,30952.0,Post-Disruption
3866,2023-01-13,3,4,102,6203,3498,8,66172,16889.5,Pre-Disruption
3867,2024-08-30,2,1,104,11733,4673,13,83714,31291.5,During-Disruption
3868,2024-05-12,1,4,104,8573,2200,6,80852,22992.5,During-Disruption
3869,2023-08-26,1,1,104,8631,2567,7,55856,23160.5,Pre-Disruption
3870,2025-02-19,1,1,101,8584,2830,7,50434,22391.0,Post-Disruption
3871,2024-08-28,1,4,103,8417,2575,4,65237,21955.5,During-Disruption
3872,2024-10-22,1,1,102,8630,2390,4,71402,23314.0,During-Disruption
3873,2025-04-28,1,1,101,8534,2489,7,51631,22645.0,Post-Disruption
3874,2025-07-24,1,1,103,8444,2827,7,59012,21747.0,Post-Disruption
3875,2024-09-19,1,2,103,8511,2398,6,36344,23127.5,During-Disruption
3876,2023-05-23,3,4,104,6182,3134,9,56637,16930.0,Pre-Disruption
3877,2024-12-14,1,1,104,8438,2429,4,79018,22620.0,During-Disruption
3878,2024-04-23,2,1,102,11953,4225,12,65461,31216.5,During-Disruption
3879,2024-07-18,3,1,102,6244,3329,7,32974,17601.0,During-Disruption
3880,2024-04-15,2,3,104,11750,4195,13,26437,31124.0,During-Disruption
3881,2024-01-19,4,1,104,1692,2066,4,43837,5992.0,During-Disruption
3882,2025-07-14,1,1,103,8466,2640,6,47719,21838.0,Post-Disruption
3883,2024-02-21,3,1,102,6123,3056,9,79381,17203.5,During-Disruption
3884,2023-11-04,4,2,103,1521,2081,1,78930,5494.5,During-Disruption
3885,2024-10-10,3,4,102,6148,3253,6,84509,16897.0,During-Disruption
3886,2025-10-21,1,2,102,8548,2884,4,64988,22468.0,Post-Disruption
3887,2025-12-03,1,1,101,8584,2732,7,24257,23375.0,Post-Disruption
3888,2025-01-08,1,2,104,8649,2707,7,35544,22633.5,Post-Disruption
3889,2023-05-20,2,3,101,11844,4404,13,50813,31246.0,Pre-Disruption
3890,2025-08-31,3,1,102,6342,3599,6,19431,17480.0,Post-Disruption
3891,2025-10-13,1,1,103,8548,2488,5,61089,22386.0,Post-Disruption
3892,2025-08-10,2,1,102,11767,4678,12,49727,29990.5,Post-Disruption
3893,2025-06-22,2,3,101,11923,4089,13,65867,30908.5,Post-Disruption
3894,2023-03-13,2,2,104,11909,4381,15,28079,31408.5,Pre-Disruption
3895,2023-04-17,3,2,103,6291,3200,8,82942,17330.5,Pre-Disruption
3896,2025-12-01,3,1,102,6399,3341,8,47900,16939.5,Post-Disruption
3897,2025-06-01,1,1,102,8523,2701,4,48557,22248.5,Post-Disruption
3898,2023-05-19,2,4,104,11983,4584,15,20511,30863.5,Pre-Disruption
3899,2024-09-06,1,1,102,8691,2793,4,48758,22543.5,During-Disruption
3900,2025-05-12,2,4,102,11999,4384,13,28598,31409.5,Post-Disruption
3901,2023-09-30,4,2,104,1449,2122,4,71573,5429.5,Pre-Disruption
3902,2024-02-20,3,1,101,6282,3401,7,46020,16350.0,During-Disruption
3903,2024-05-20,2,1,101,11946,4248,13,29726,31184.0,During-Disruption
3904,2025-01-02,1,4,101,8487,2871,4,54041,22286.5,Post-Disruption
3905,2024-02-28,1,1,101,8537,2818,5,65750,22522.5,During-Disruption
3906,2024-01-25,2,4,103,11737,4090,12,68074,30335.5,During-Disruption
3907,2023-12-08,1,1,103,8448,2593,5,33416,22210.0,During-Disruption
3908,2025-08-03,2,2,104,11771,4357,12,75504,30695.5,Post-Disruption
3909,2024-09-05,1,3,104,8657,2348,5,57673,22494.5,During-Disruption
3910,2024-05-07,1,4,104,8443,2674,5,51310,22703.5,During-Disruption
3911,2023-07-11,1,1,103,8690,2877,5,82232,22881.0,Pre-Disruption
3912,2024-05-13,4,2,102,1515,2227,1,58050,4749.5,During-Disruption
3913,2025-04-01,3,1,103,6248,3341,9,57450,17403.0,Post-Disruption
3914,2023-08-15,1,1,101,8678,2207,6,50894,23319.0,Pre-Disruption
3915,2023-05-19,1,1,101,8687,2428,6,51193,22518.5,Pre-Disruption
3916,2025-05-05,2,1,102,11917,4069,12,39386,31129.5,Post-Disruption
3917,2025-03-27,1,1,104,8470,2873,4,47684,22013.0,Post-Disruption
3918,2025-12-22,2,1,103,11860,4688,14,81808,30556.0,Post-Disruption
3919,2023-04-14,3,4,102,6372,2939,9,73474,16549.0,Pre-Disruption
3920,2025-05-20,2,2,102,11826,4028,15,27416,31473.0,Post-Disruption
3921,2024-10-29,2,1,103,11869,4520,14,84539,30884.5,During-Disruption
3922,2023-09-30,2,4,102,11716,4276,13,40693,30490.0,Pre-Disruption
3923,2025-10-26,4,1,104,1638,1887,2,41033,5811.0,Post-Disruption
3924,2023-07-03,4,1,103,1575,2183,1,15688,5327.5,Pre-Disruption
3925,2025-11-17,2,2,103,11909,4182,14,69226,30691.5,Post-Disruption
3926,2023-10-20,1,1,102,8456,2721,6,30998,22688.0,Pre-Disruption
3927,2023-06-26,2,3,104,11888,4688,12,19907,31141.0,Pre-Disruption
3928,2023-02-27,1,1,104,8443,2798,7,48132,22338.5,Pre-Disruption
3929,2023-11-04,2,1,101,11821,4083,15,79915,30568.5,During-Disruption
3930,2025-09-03,2,1,103,11732,4396,14,59914,31003.0,Post-Disruption
3931,2024-11-30,1,4,101,8427,2285,5,55910,22348.5,During-Disruption
3932,2023-03-24,1,2,104,8550,2496,6,68928,22331.0,Pre-Disruption
3933,2023-09-09,2,2,104,11762,4286,14,70285,31390.0,Pre-Disruption
3934,2025-03-06,3,2,101,6106,3008,7,40117,16356.0,Post-Disruption
3935,2025-06-15,2,1,103,11810,4543,14,73280,30663.0,Post-Disruption
3936,2023-07-29,2,2,101,11829,4012,15,62098,31061.5,Pre-Disruption
3937,2025-03-26,1,1,104,8531,2576,7,33923,22562.5,Post-Disruption
3938,2024-08-31,2,1,104,11707,4408,13,66908,30604.5,During-Disruption
3939,2024-03-22,2,2,102,11728,4629,15,69431,31100.0,During-Disruption
3940,2024-04-04,2,1,102,11705,4617,13,70485,29907.5,During-Disruption
3941,2025-08-25,1,1,101,8511,2214,5,41329,22811.5,Post-Disruption
3942,2024-04-16,2,3,102,11804,4187,14,20242,30613.0,During-Disruption
3943,2024-01-05,1,2,104,8606,2433,5,56691,22794.0,During-Disruption
3944,2025-06-18,1,2,103,8439,2657,7,32217,21758.5,Post-Disruption
3945,2025-07-11,4,1,103,1667,1744,4,36070,5258.5,Post-Disruption
3946,2023-05-17,1,1,101,8445,2716,4,28510,22625.5,Pre-Disruption
3947,2024-01-02,1,2,102,8640,2340,7,73579,22861.0,During-Disruption
3948,2025-06-30,2,3,101,11969,4532,14,29860,31178.5,Post-Disruption
3949,2023-07-03,3,2,102,6254,3528,7,28151,17412.0,Pre-Disruption
3950,2024-04-16,2,4,103,11815,4114,15,31668,30651.5,During-Disruption
3951,2024-10-15,3,4,102,6136,2943,6,55259,16743.0,During-Disruption
3952,2025-01-18,3,1,102,6304,3103,6,18538,17501.0,Post-Disruption
3953,2024-06-20,1,3,101,8648,2672,5,19233,23121.0,During-Disruption
3954,2025-03-12,1,2,103,8509,2508,7,78843,22517.5,Post-Disruption
3955,2025-07-08,1,2,102,8479,2521,7,64227,21838.5,Post-Disruption
3956,2024-05-24,3,1,103,6175,3304,6,30033,16883.5,During-Disruption
3957,2024-09-21,1,2,102,8669,2560,7,24087,22564.5,During-Disruption
3958,2025-09-28,1,4,103,8497,2325,7,27985,21982.5,Post-Disruption
3959,2025-07-04,2,3,102,11775,4119,13,38399,30019.5,Post-Disruption
3960,2025-10-30,2,3,104,11981,4213,15,55005,31829.5,Post-Disruption
3961,2023-06-01,2,1,103,11780,4310,15,38084,30828.0,Pre-Disruption
3962,2025-10-25,2,1,104,11762,4641,12,36167,31350.0,Post-Disruption
3963,2024-04-08,1,1,104,8666,2805,6,73282,22292.0,During-Disruption
3964,2023-09-28,2,1,104,11732,4064,15,51109,30626.0,Pre-Disruption
3965,2024-04-04,2,2,102,11996,4365,13,43915,31541.0,During-Disruption
3966,2023-04-15,4,1,103,1439,1804,1,19251,5361.5,Pre-Disruption
3967,2023-06-11,1,2,102,8573,2386,4,61268,23299.5,Pre-Disruption
3968,2023-12-17,3,1,102,6359,3160,7,28221,17512.5,During-Disruption
3969,2024-03-09,2,1,103,11923,4089,14,61154,30412.5,During-Disruption
3970,2025-05-01,1,1,101,8622,2592,7,63672,23200.0,Post-Disruption
3971,2023-05-20,3,4,102,6366,3049,9,18778,17514.0,Pre-Disruption
3972,2023-03-28,1,1,104,8554,2611,5,42532,22223.0,Pre-Disruption
3973,2023-07-02,4,1,102,1663,2043,1,81181,4918.5,Pre-Disruption
3974,2024-01-03,3,3,101,6248,3039,7,50007,16889.0,During-Disruption
3975,2023-05-09,1,4,104,8624,2492,6,57421,22624.0,Pre-Disruption
3976,2024-10-31,1,3,102,8526,2665,4,54862,22070.0,During-Disruption
3977,2023-05-29,1,1,103,8404,2830,6,40627,22391.0,Pre-Disruption
3978,2025-09-11,1,1,104,8687,2446,6,56486,22575.5,Post-Disruption
3979,2025-05-01,1,4,101,8457,2297,4,19458,22952.5,Post-Disruption
3980,2024-09-19,1,3,102,8471,2369,6,57688,21713.5,During-Disruption
3981,2024-03-21,2,2,103,11854,4309,12,46257,30830.0,During-Disruption
3982,2025-06-02,1,1,104,8681,2625,6,54533,22881.5,Post-Disruption
3983,2023-10-21,3,1,104,6267,2966,8,35924,16927.5,Pre-Disruption
3984,2023-09-07,3,1,103,6128,2955,6,84590,16386.0,Pre-Disruption
3985,2025-05-27,2,2,101,11781,4557,14,26243,30318.5,Post-Disruption
3986,2025-08-05,3,1,104,6362,3416,8,54403,17089.0,Post-Disruption
3987,2025-09-01,1,4,101,8505,2767,7,47768,21786.5,Post-Disruption
3988,2025-11-14,1,1,101,8676,2350,6,34619,22871.0,Post-Disruption
3989,2025-02-27,2,3,103,11709,4317,13,55772,30941.5,Post-Disruption
3990,2025-09-10,2,1,104,11761,4140,14,70167,30571.5,Post-Disruption
3991,2025-06-07,2,2,102,11923,4314,13,16634,31092.5,Post-Disruption
3992,2025-06-08,3,1,103,6235,2905,6,40373,17396.5,Post-Disruption
3993,2023-03-11,4,3,103,1623,1788,1,68505,5969.5,Pre-Disruption
3994,2024-09-16,2,2,101,11813,4316,15,59131,30228.5,During-Disruption
3995,2025-05-24,3,1,102,6359,3584,6,16894,16813.5,Post-Disruption
3996,2024-04-15,1,3,103,8556,2804,5,53034,21895.0,During-Disruption
3997,2023-04-01,1,2,101,8628,2723,4,19850,23397.0,Pre-Disruption
3998,2024-06-13,3,4,104,6199,3062,6,71902,16868.5,During-Disruption
3999,2024-10-22,2,4,101,11954,4367,14,17061,30772.0,During-Disruption
4000,2025-01-08,2,4,102,11878,4516,13,39451,31205.0,Post-Disruption
4001,2024-12-26,1,1,102,8674,2265,5,68677,22978.0,During-Disruption
4002,2025-05-21,2,1,101,11928,4323,13,83900,30991.0,Post-Disruption
4003,2023-07-11,1,4,104,8430,2392,4,24066,22822.0,Pre-Disruption
4004,2023-05-18,2,1,102,11807,4364,13,66997,30642.5,Pre-Disruption
4005,2023-12-11,1,1,102,8681,2569,4,74347,22451.5,During-Disruption
4006,2025-10-05,1,3,104,8508,2535,4,52786,22754.0,Post-Disruption
4007,2024-05-17,1,1,103,8428,2777,7,40463,23066.0,During-Disruption
4008,2023-07-22,1,3,102,8416,2880,7,51177,22232.0,Pre-Disruption
4009,2024-07-26,3,3,101,6269,3566,6,68029,16236.5,During-Disruption
4010,2023-07-11,1,3,104,8574,2787,4,27374,23363.0,Pre-Disruption
4011,2023-01-05,1,1,102,8473,2332,6,76249,21980.5,Pre-Disruption
4012,2023-11-07,2,1,103,11939,4140,15,51263,31139.5,During-Disruption
4013,2024-07-02,2,1,102,11795,4335,13,41408,31377.5,During-Disruption
4014,2023-02-25,1,1,103,8401,2698,7,76316,22464.5,Pre-Disruption
4015,2024-03-18,1,1,102,8601,2848,7,53591,22734.5,During-Disruption
4016,2025-05-19,4,1,102,1436,1775,4,40143,4687.0,Post-Disruption
4017,2024-08-07,2,2,101,11790,4035,13,35694,30125.0,During-Disruption
4018,2025-01-21,1,2,104,8632,2342,4,80535,22102.0,Post-Disruption
4019,2023-12-26,2,3,104,11846,4648,15,59730,31201.0,During-Disruption
4020,2025-03-29,1,2,101,8696,2727,7,59639,22850.0,Post-Disruption
4021,2023-01-30,1,1,104,8652,2703,4,28044,22656.0,Pre-Disruption
4022,2023-04-18,2,2,104,11911,4005,12,36158,31417.5,Pre-Disruption
4023,2025-04-23,3,3,104,6163,3483,8,27239,17393.5,Post-Disruption
4024,2024-12-17,1,1,102,8404,2872,7,61026,22777.0,During-Disruption
4025,2025-06-09,3,2,102,6245,3123,6,27237,17586.5,Post-Disruption
4026,2025-08-17,1,1,103,8471,2555,5,65946,22181.5,Post-Disruption
4027,2025-06-11,1,1,103,8504,2235,5,43660,23120.0,Post-Disruption
4028,2025-01-01,1,4,104,8435,2745,6,17183,22192.5,Post-Disruption
4029,2024-08-28,1,4,104,8546,2724,7,37222,22154.0,During-Disruption
4030,2024-04-01,4,2,104,1655,1656,1,19856,6087.5,During-Disruption
4031,2024-09-06,2,3,101,11927,4006,13,58261,30549.5,During-Disruption
4032,2024-11-28,1,4,102,8678,2642,6,25009,22845.0,During-Disruption
4033,2024-11-04,4,4,104,1512,1914,4,75916,5774.0,During-Disruption
4034,2024-06-26,3,1,104,6110,3010,7,21407,17207.0,During-Disruption
4035,2025-05-06,3,2,102,6293,3015,8,51710,16460.5,Post-Disruption
4036,2025-06-15,4,1,103,1623,1906,1,76812,5145.5,Post-Disruption
4037,2023-10-05,1,1,104,8649,2866,5,52947,23126.5,Pre-Disruption
4038,2024-07-05,3,1,104,6348,3209,9,49783,16659.0,During-Disruption
4039,2023-04-21,2,3,104,11968,4093,13,40355,31817.0,Pre-Disruption
4040,2024-01-20,3,3,104,6390,3091,6,59491,17698.0,During-Disruption
4041,2025-01-30,3,4,102,6182,3178,6,56658,17111.0,Post-Disruption
4042,2024-11-24,1,1,102,8428,2759,6,73313,21891.0,During-Disruption
4043,2024-02-09,3,2,102,6179,2954,6,79417,16640.5,During-Disruption
4044,2023-01-22,1,1,103,8494,2216,7,26640,22726.0,Pre-Disruption
4045,2024-11-08,1,1,104,8658,2534,7,26677,22732.0,During-Disruption
4046,2024-09-02,1,4,103,8521,2261,5,63606,22543.5,During-Disruption
4047,2023-01-08,4,1,103,1523,2236,2,72509,4642.5,Pre-Disruption
4048,2024-12-02,1,3,102,8422,2772,4,46896,21733.0,During-Disruption
4049,2024-06-12,2,1,104,11915,4555,12,64852,30720.5,During-Disruption
4050,2024-08-24,1,1,104,8688,2526,4,79728,23092.0,During-Disruption
4051,2024-10-18,4,2,103,1491,1727,1,37867,4664.5,During-Disruption
4052,2023-06-15,1,1,101,8423,2699,5,72552,22341.5,Pre-Disruption
4053,2025-04-28,3,1,101,6206,3158,9,78539,16494.0,Post-Disruption
4054,2024-05-10,3,1,104,6151,3523,8,18269,16344.5,During-Disruption
4055,2024-08-12,2,2,104,11898,4409,13,67328,30663.0,During-Disruption
4056,2024-03-04,1,4,103,8693,2342,5,73259,22773.5,During-Disruption
4057,2025-02-12,3,3,103,6399,3296,9,29297,16671.5,Post-Disruption
4058,2023-06-12,4,4,102,1455,1958,3,30719,5458.5,Pre-Disruption
4059,2024-01-01,3,3,103,6293,3551,9,27811,16509.5,During-Disruption
4060,2023-03-13,1,4,103,8444,2518,4,77941,21640.0,Pre-Disruption
4061,2024-10-16,3,2,101,6338,3547,8,43885,16395.0,During-Disruption
4062,2023-09-26,1,2,101,8631,2477,5,49263,23060.5,Pre-Disruption
4063,2024-02-19,2,1,101,11938,4651,12,81626,31200.0,During-Disruption
4064,2025-10-12,3,3,101,6235,3561,6,72512,16687.5,Post-Disruption
4065,2024-11-05,1,1,103,8684,2290,4,73084,22845.0,During-Disruption
4066,2025-12-19,3,1,104,6112,3597,6,76397,15938.0,Post-Disruption
4067,2023-01-06,2,4,101,11728,4081,12,39737,30943.0,Pre-Disruption
4068,2025-09-08,3,1,102,6277,2918,6,56567,17357.5,Post-Disruption
4069,2024-07-23,1,4,102,8692,2578,6,64879,22346.0,During-Disruption
4070,2024-02-11,2,3,103,11956,4644,12,59744,31881.0,During-Disruption
4071,2023-01-26,3,1,102,6207,3268,8,59745,16055.5,Pre-Disruption
4072,2025-10-25,1,2,101,8468,2880,6,60858,22017.0,Post-Disruption
4073,2025-09-12,1,3,104,8575,2657,7,44743,22921.5,Post-Disruption
4074,2024-01-25,4,1,104,1582,1618,4,46274,5644.0,During-Disruption
4075,2024-12-10,1,3,101,8641,2452,6,70529,23232.5,During-Disruption
4076,2024-07-24,4,3,102,1593,1963,1,57694,5324.5,During-Disruption
4077,2025-01-23,1,1,103,8421,2392,7,18766,22337.5,Post-Disruption
4078,2023-05-26,1,1,104,8410,2477,4,31537,22871.0,Pre-Disruption
4079,2025-02-23,3,1,101,6384,3556,6,68429,17638.0,Post-Disruption
4080,2024-06-09,2,1,101,11958,4034,15,65359,31540.0,During-Disruption
4081,2023-01-13,2,1,102,11872,4678,15,17615,31226.0,Pre-Disruption
4082,2025-06-21,2,3,103,11904,4243,15,50657,30294.0,Post-Disruption
4083,2024-01-19,3,1,103,6347,3484,6,23900,17620.5,During-Disruption
4084,2024-07-09,1,4,102,8658,2844,5,30855,22635.0,During-Disruption
4085,2025-06-05,2,1,101,11969,4072,13,27810,30562.5,Post-Disruption
4086,2023-01-19,1,1,102,8480,2826,7,53770,23105.0,Pre-Disruption
4087,2024-07-28,2,2,102,11887,4266,12,55933,31522.5,During-Disruption
4088,2025-01-20,1,4,102,8630,2533,5,67309,22280.0,Post-Disruption
4089,2025-09-30,1,2,101,8427,2821,7,27241,22753.5,Post-Disruption
4090,2024-02-23,2,1,104,11702,4167,12,77110,31203.0,During-Disruption
4091,2024-02-23,1,4,101,8636,2539,4,39531,22223.0,During-Disruption
4092,2023-05-02,1,1,104,8580,2296,4,74709,22952.0,Pre-Disruption
4093,2024-03-07,2,1,104,11703,4591,12,42158,30340.5,During-Disruption
4094,2023-02-13,2,1,102,11771,4697,12,18645,30490.5,Pre-Disruption
4095,2024-01-16,3,3,103,6281,2963,6,49889,17688.5,During-Disruption
4096,2023-05-25,2,1,102,11803,4578,12,50709,30910.5,Pre-Disruption
4097,2023-12-29,1,2,101,8671,2295,7,35264,22256.5,During-Disruption
4098,2025-12-09,2,2,103,11986,4545,15,64336,31581.0,Post-Disruption
4099,2025-12-24,1,4,103,8486,2568,6,34389,21778.0,Post-Disruption
4100,2023-12-21,3,1,101,6172,3244,9,81265,16439.0,During-Disruption
4101,2025-03-10,4,1,101,1490,2041,4,27267,5533.0,Post-Disruption
4102,2025-04-05,2,1,102,11872,4450,14,81102,31622.0,Post-Disruption
4103,2024-02-02,2,1,101,11886,4233,15,78624,31030.0,During-Disruption
4104,2025-05-29,1,3,104,8635,2874,5,16311,22800.5,Post-Disruption
4105,2024-04-07,2,2,104,11861,4156,13,35822,30344.5,During-Disruption
4106,2025-03-18,3,3,103,6172,2927,9,22736,16382.0,Post-Disruption
4107,2023-07-06,1,3,102,8624,2671,7,29198,23534.0,Pre-Disruption
4108,2025-01-01,1,4,102,8629,2780,7,81159,23454.5,Post-Disruption
4109,2024-03-04,2,1,103,11953,4457,15,55384,31405.5,During-Disruption
4110,2025-05-07,3,4,101,6261,3237,8,53833,17161.5,Post-Disruption
4111,2023-08-25,1,1,102,8649,2621,6,40528,22519.5,Pre-Disruption
4112,2025-02-09,4,3,103,1598,1974,4,33290,4668.0,Post-Disruption
4113,2025-01-27,1,2,103,8639,2848,7,66936,23147.5,Post-Disruption
4114,2023-05-16,1,3,104,8636,2823,6,84370,22502.0,Pre-Disruption
4115,2025-03-02,3,1,103,6175,3198,7,37370,17217.5,Post-Disruption
4116,2023-06-20,1,3,101,8694,2224,4,79517,22877.0,Pre-Disruption
4117,2023-06-08,2,4,101,11744,4605,15,53717,30397.0,Pre-Disruption
4118,2023-07-20,1,3,101,8578,2265,5,68979,22349.0,Pre-Disruption
4119,2025-08-19,1,3,101,8621,2728,4,25452,22352.5,Post-Disruption
4120,2024-08-05,1,1,103,8416,2820,4,56546,22167.0,During-Disruption
4121,2025-05-25,4,1,102,1618,1990,2,34253,5295.0,Post-Disruption
4122,2024-01-06,2,4,103,11783,4277,15,30590,30680.5,During-Disruption
4123,2023-04-13,3,2,102,6290,2909,6,75243,17661.0,Pre-Disruption
4124,2025-09-28,1,2,102,8531,2545,7,36104,22868.5,Post-Disruption
4125,2025-09-02,2,1,102,11986,4140,15,71659,31411.0,Post-Disruption
4126,2025-03-08,2,1,104,11793,4027,13,64764,30604.5,Post-Disruption
4127,2024-10-19,4,1,101,1494,1699,3,26802,4362.0,During-Disruption
4128,2025-05-31,3,1,104,6283,3086,9,58537,16320.5,Post-Disruption
4129,2025-01-02,3,1,103,6231,3292,8,38761,16222.5,Post-Disruption
4130,2024-02-27,1,1,104,8481,2510,5,65555,22634.5,During-Disruption
4131,2024-07-25,2,2,102,11995,4260,13,16997,31374.5,During-Disruption
4132,2023-06-20,2,2,103,11811,4068,13,39146,31241.5,Pre-Disruption
4133,2023-06-22,4,1,101,1450,1637,2,81090,5105.0,Pre-Disruption
4134,2024-10-24,1,2,102,8693,2265,4,56723,22851.5,During-Disruption
4135,2024-03-28,1,4,101,8588,2674,6,19646,23144.0,During-Disruption
4136,2023-12-16,2,1,104,11907,4493,13,61906,31058.5,During-Disruption
4137,2024-05-08,1,4,101,8548,2666,5,63792,22336.0,During-Disruption
4138,2024-09-11,1,4,103,8664,2263,7,74214,22313.0,During-Disruption
4139,2025-10-24,3,1,102,6380,3564,8,34539,16674.0,Post-Disruption
4140,2025-07-07,2,1,101,11812,4179,13,56296,30533.0,Post-Disruption
4141,2023-01-06,3,1,104,6135,3577,8,26584,16402.5,Pre-Disruption
4142,2023-10-15,3,2,103,6210,2998,8,38378,16697.0,Pre-Disruption
4143,2024-08-30,1,1,102,8570,2736,5,51189,23005.0,During-Disruption
4144,2024-04-01,2,1,104,11777,4303,12,54320,30334.5,During-Disruption
4145,2025-10-26,1,2,102,8427,2272,5,45427,21667.5,Post-Disruption
4146,2024-09-15,4,1,101,1444,2146,1,44220,4312.0,During-Disruption
4147,2024-01-11,2,4,104,11841,4142,13,61713,30160.5,During-Disruption
4148,2024-03-22,1,1,104,8414,2413,4,36329,22767.0,During-Disruption
4149,2025-04-14,1,4,101,8527,2504,7,35968,21832.5,Post-Disruption
4150,2025-03-21,2,1,104,11866,4413,14,79411,31065.0,Post-Disruption
4151,2025-08-16,1,1,104,8552,2544,6,59122,22645.0,Post-Disruption
4152,2025-04-28,1,1,104,8462,2797,5,17867,22560.0,Post-Disruption
4153,2025-03-19,3,4,101,6158,3393,7,22402,17251.0,Post-Disruption
4154,2025-09-05,3,1,101,6302,3580,6,44251,16824.0,Post-Disruption
4155,2024-02-20,1,2,102,8556,2324,4,51055,22471.0,During-Disruption
4156,2024-12-26,2,4,101,11702,4407,12,31817,30495.0,During-Disruption
4157,2024-03-29,3,2,104,6138,3135,6,30420,17188.0,During-Disruption
4158,2023-05-30,1,1,101,8677,2856,4,33203,23423.5,Pre-Disruption
4159,2025-01-28,3,4,104,6200,3516,7,19165,16837.0,Post-Disruption
4160,2025-02-17,1,4,104,8568,2543,6,72886,22652.0,Post-Disruption
4161,2025-08-30,2,1,104,11719,4645,12,17232,31203.5,Post-Disruption
4162,2025-02-01,2,2,101,11840,4520,14,62230,30380.0,Post-Disruption
4163,2025-09-28,2,4,104,11974,4526,14,41249,31213.0,Post-Disruption
4164,2023-03-17,3,4,102,6292,2963,7,47907,17602.0,Pre-Disruption
4165,2024-08-21,1,1,103,8551,2889,7,58338,22729.5,During-Disruption
4166,2023-08-13,1,3,103,8635,2701,4,41079,22405.5,Pre-Disruption
4167,2023-04-23,2,1,102,11993,4635,12,79119,31377.5,Pre-Disruption
4168,2023-09-08,3,1,103,6307,2910,6,74290,16932.5,Pre-Disruption
4169,2025-04-20,1,1,102,8436,2806,4,61991,22654.0,Post-Disruption
4170,2024-12-14,3,1,101,6177,3531,7,43835,16250.5,During-Disruption
4171,2023-05-05,1,2,103,8571,2629,7,77789,22923.5,Pre-Disruption
4172,2025-12-28,1,2,102,8444,2500,5,70433,22324.0,Post-Disruption
4173,2025-12-06,3,1,102,6183,3145,6,79299,16108.5,Post-Disruption
4174,2025-06-02,1,1,104,8492,2788,4,35569,22578.0,Post-Disruption
4175,2023-01-30,2,1,101,11853,4093,14,61049,31612.5,Pre-Disruption
4176,2023-10-08,1,4,102,8505,2514,6,27873,22217.5,Pre-Disruption
4177,2025-07-12,1,4,103,8608,2352,7,32853,22113.0,Post-Disruption
4178,2024-01-03,2,1,104,11903,4239,12,52664,31671.5,During-Disruption
4179,2024-05-09,2,4,104,11947,4139,12,84089,31006.5,During-Disruption
4180,2025-11-14,2,1,104,11925,4596,15,40252,31564.5,Post-Disruption
4181,2024-12-18,2,2,101,11747,4215,14,74248,31361.5,During-Disruption
4182,2025-10-13,1,4,102,8645,2569,6,52516,22696.5,Post-Disruption
4183,2024-08-28,2,1,101,11730,4292,12,62461,29907.0,During-Disruption
4184,2024-01-10,4,2,102,1582,1840,3,23029,4646.0,During-Disruption
4185,2024-09-30,3,1,104,6356,3434,9,79087,16845.0,During-Disruption
4186,2025-11-14,1,1,103,8525,2520,5,67201,22691.5,Post-Disruption
4187,2023-04-26,1,2,103,8618,2244,6,16889,22090.0,Pre-Disruption
4188,2023-02-17,4,4,101,1644,2185,4,49596,5071.0,Pre-Disruption
4189,2023-04-09,2,1,104,11838,4613,12,63146,30826.0,Pre-Disruption
4190,2024-02-09,2,4,102,11926,4283,13,28727,30925.0,During-Disruption
4191,2024-11-15,3,4,101,6356,3483,9,79416,17356.0,During-Disruption
4192,2025-06-21,1,1,104,8654,2752,5,70463,22932.0,Post-Disruption
4193,2024-05-17,2,1,101,11769,4211,14,36134,30022.5,During-Disruption
4194,2025-06-12,4,2,103,1465,2271,1,28675,4817.5,Post-Disruption
4195,2023-09-15,2,2,104,11701,4086,14,16359,29986.5,Pre-Disruption
4196,2025-04-23,1,1,101,8668,2206,6,47852,23506.0,Post-Disruption
4197,2023-05-01,1,4,102,8528,2658,7,67327,22780.0,Pre-Disruption
4198,2025-03-20,1,3,103,8545,2382,7,16141,23247.5,Post-Disruption
4199,2025-09-04,3,1,102,6212,3227,8,65213,16858.0,Post-Disruption
4200,2023-02-23,1,2,101,8687,2498,7,51999,23175.5,Pre-Disruption
4201,2025-10-15,1,1,104,8495,2597,7,72419,21981.5,Post-Disruption
4202,2025-02-22,4,1,103,1666,1613,2,54206,4912.0,Post-Disruption
4203,2023-08-29,1,4,102,8407,2299,6,31699,22531.5,Pre-Disruption
4204,2024-04-27,1,4,102,8619,2368,6,40072,22309.5,During-Disruption
4205,2025-10-09,1,1,104,8612,2431,7,73299,23216.0,Post-Disruption
4206,2023-07-06,1,2,101,8501,2310,6,40196,22972.5,Pre-Disruption
4207,2024-10-17,2,2,102,11865,4346,14,84175,30845.5,During-Disruption
4208,2023-09-19,4,1,101,1661,1939,4,68679,5269.5,Pre-Disruption
4209,2025-08-10,3,1,101,6101,3513,6,40191,16234.5,Post-Disruption
4210,2024-05-05,2,2,101,11901,4239,15,15148,30459.5,During-Disruption
4211,2024-03-06,2,2,104,11882,4239,12,21149,31180.0,During-Disruption
4212,2023-08-27,2,1,101,11958,4269,12,40246,30530.0,Pre-Disruption
4213,2023-10-31,1,1,103,8627,2739,5,71134,23471.5,Pre-Disruption
4214,2023-10-25,1,1,104,8599,2485,4,24210,22219.5,Pre-Disruption
4215,2023-03-17,4,1,102,1425,1934,3,26324,5105.5,Pre-Disruption
4216,2025-09-25,1,2,104,8501,2765,7,25307,23232.5,Post-Disruption
4217,2024-10-03,1,1,102,8535,2642,6,60308,22122.5,During-Disruption
4218,2025-04-06,2,1,103,11896,4502,12,43316,30685.0,Post-Disruption
4219,2023-10-10,2,4,101,11729,4369,15,36570,31178.5,Pre-Disruption
4220,2024-08-13,1,1,101,8698,2319,7,50330,23294.0,During-Disruption
4221,2023-03-13,1,1,101,8532,2274,7,71832,22402.0,Pre-Disruption
4222,2024-12-03,1,4,101,8655,2622,7,48155,23605.5,During-Disruption
4223,2024-07-28,2,2,104,11719,4069,13,31387,30353.5,During-Disruption
4224,2025-09-26,1,3,103,8420,2470,5,17427,22363.0,Post-Disruption
4225,2025-06-10,2,1,102,11740,4131,13,41314,30641.0,Post-Disruption
4226,2023-01-12,2,1,104,11851,4097,15,32418,30459.5,Pre-Disruption
4227,2023-05-21,3,2,101,6101,3001,8,39270,15866.5,Pre-Disruption
4228,2023-01-17,1,2,101,8443,2627,4,21328,22646.5,Pre-Disruption
4229,2025-12-22,1,1,101,8440,2366,5,16902,22961.0,Post-Disruption
4230,2023-09-10,2,1,102,11962,4104,14,32305,30548.0,Pre-Disruption
4231,2024-04-09,3,4,102,6393,3497,7,15693,17315.5,During-Disruption
4232,2024-01-11,1,1,104,8572,2748,5,56626,22570.0,During-Disruption
4233,2025-09-07,2,1,103,11708,4441,12,64253,30355.0,Post-Disruption
4234,2024-06-03,1,1,102,8452,2871,7,37197,22667.0,During-Disruption
4235,2023-03-31,1,3,104,8683,2834,6,60313,22415.5,Pre-Disruption
4236,2024-12-20,2,3,102,11827,4643,13,64110,31044.5,During-Disruption
4237,2025-03-14,1,3,104,8418,2465,7,47839,22191.0,Post-Disruption
4238,2025-03-06,3,1,101,6231,3319,8,51671,17121.5,Post-Disruption
4239,2024-09-21,2,1,102,11712,4260,13,22408,30894.0,During-Disruption
4240,2023-03-17,2,1,101,11919,4433,15,44248,31196.5,Pre-Disruption
4241,2025-07-14,2,2,103,11966,4415,12,65585,31460.0,Post-Disruption
4242,2024-02-04,2,3,101,11944,4354,13,70000,30769.0,During-Disruption
4243,2025-08-27,1,4,103,8657,2660,7,24894,23321.5,Post-Disruption
4244,2025-12-30,3,1,102,6239,3284,6,53415,17011.5,Post-Disruption
4245,2025-03-07,4,2,103,1646,2142,4,29102,5797.0,Post-Disruption
4246,2023-07-14,1,2,101,8631,2474,5,83747,22858.5,Pre-Disruption
4247,2023-08-16,1,1,102,8455,2509,4,39303,21723.5,Pre-Disruption
4248,2024-04-05,1,1,104,8487,2331,5,31691,23077.5,During-Disruption
4249,2024-09-09,2,2,102,11953,4687,15,28074,30788.5,During-Disruption
4250,2025-11-10,2,4,104,11751,4048,15,25081,30597.5,Post-Disruption
4251,2023-03-05,3,1,101,6346,3343,7,25173,16884.0,Pre-Disruption
4252,2023-06-14,3,4,102,6351,3071,7,46812,17054.5,Pre-Disruption
4253,2023-01-27,2,2,104,11824,4329,14,23344,30069.0,Pre-Disruption
4254,2025-10-08,2,1,101,11900,4005,14,37999,30279.0,Post-Disruption
4255,2023-10-12,2,1,103,11831,4587,13,34095,30851.5,Pre-Disruption
4256,2023-10-08,2,1,104,11876,4203,15,15617,31471.0,Pre-Disruption
4257,2025-04-17,2,1,103,11751,4368,15,58297,30154.5,Post-Disruption
4258,2025-04-10,2,1,102,11733,4547,15,84457,30988.5,Post-Disruption
4259,2025-07-06,2,1,104,11721,4280,14,29219,31282.5,Post-Disruption
4260,2023-08-12,2,4,101,11840,4688,15,81473,31320.0,Pre-Disruption
4261,2025-02-22,2,2,101,11970,4054,14,16614,30992.0,Post-Disruption
4262,2025-08-22,3,3,103,6267,3068,9,69382,16442.5,Post-Disruption
4263,2025-08-07,2,1,101,11737,4312,13,22435,30318.5,Post-Disruption
4264,2025-11-19,2,1,102,11945,4477,15,33908,30559.5,Post-Disruption
4265,2023-02-14,2,1,102,11934,4427,13,67883,31682.0,Pre-Disruption
4266,2024-04-15,2,4,103,11754,4511,13,63462,30368.0,During-Disruption
4267,2023-02-03,1,1,104,8519,2612,7,37914,23005.5,Pre-Disruption
4268,2024-10-14,1,1,101,8465,2247,6,59860,22702.5,During-Disruption
4269,2025-04-09,2,2,102,11865,4615,14,16264,30240.5,Post-Disruption
4270,2023-08-09,2,2,104,11909,4002,14,35707,30298.5,Pre-Disruption
4271,2024-06-17,4,3,102,1474,2196,4,33069,5547.0,During-Disruption
4272,2024-11-22,1,1,102,8533,2884,5,73318,22578.5,During-Disruption
4273,2025-07-20,1,1,104,8664,2528,6,60051,22635.0,Post-Disruption
4274,2025-04-20,1,3,104,8573,2432,6,65704,22042.5,Post-Disruption
4275,2025-10-07,1,2,101,8642,2875,4,26521,22475.0,Post-Disruption
4276,2024-08-04,3,1,103,6188,2959,9,31868,16338.0,During-Disruption
4277,2023-08-27,1,1,103,8649,2789,7,69956,22830.5,Pre-Disruption
4278,2024-03-16,2,3,102,11730,4529,15,40557,29837.0,During-Disruption
4279,2023-05-28,2,4,103,11976,4096,12,54127,31064.0,Pre-Disruption
4280,2025-10-29,2,2,102,11737,4065,13,25385,30451.5,Post-Disruption
4281,2024-01-23,3,4,104,6237,2930,7,54665,16659.5,During-Disruption
4282,2025-12-09,2,2,102,11775,4147,14,63619,31064.5,Post-Disruption
4283,2025-07-04,1,1,101,8652,2859,4,20248,22361.0,Post-Disruption
4284,2024-09-29,3,1,102,6178,2946,6,17612,16116.0,During-Disruption
4285,2023-10-05,3,2,102,6137,3143,7,79205,16310.5,Pre-Disruption
4286,2025-09-15,1,1,101,8562,2456,6,28344,23220.0,Post-Disruption
4287,2024-08-11,1,3,101,8527,2677,7,42014,23045.5,During-Disruption
4288,2024-10-10,1,2,103,8557,2794,7,56042,22439.5,During-Disruption
4289,2024-09-09,1,4,104,8482,2555,7,83632,21833.0,During-Disruption
4290,2023-05-15,4,2,104,1616,2253,2,44124,5734.0,Pre-Disruption
4291,2024-08-02,2,1,101,11901,4640,15,38984,31156.5,During-Disruption
4292,2024-05-04,1,1,104,8677,2652,6,41263,22688.5,During-Disruption
4293,2024-04-22,3,1,102,6251,3421,6,16989,16489.5,During-Disruption
4294,2024-01-19,2,4,104,11725,4176,14,70160,30685.5,During-Disruption
4295,2023-06-12,1,1,101,8653,2409,4,60757,23108.5,Pre-Disruption
4296,2024-03-16,4,4,104,1650,1641,4,56811,4819.0,During-Disruption
4297,2024-02-19,3,4,101,6266,3023,6,76657,16708.0,During-Disruption
4298,2023-10-15,3,2,103,6239,3086,9,40035,16476.5,Pre-Disruption
4299,2023-07-06,2,1,101,11928,4024,12,78200,31314.0,Pre-Disruption
4300,2023-05-10,3,1,102,6172,3063,7,41187,17267.0,Pre-Disruption
4301,2023-07-13,1,1,102,8698,2234,5,54056,23704.0,Pre-Disruption
4302,2023-11-12,2,1,102,11935,4252,13,25761,30534.5,During-Disruption
4303,2023-05-24,4,1,101,1594,2074,3,67906,5853.0,Pre-Disruption
4304,2023-01-16,1,1,101,8487,2669,5,59320,22000.5,Pre-Disruption
4305,2024-02-27,3,3,102,6196,3421,6,35891,16220.0,During-Disruption
4306,2023-09-02,2,1,104,11865,4263,15,74244,30841.5,Pre-Disruption
4307,2025-07-15,1,1,101,8695,2304,5,78355,22700.5,Post-Disruption
4308,2023-05-09,3,2,104,6302,3119,9,63045,17170.0,Pre-Disruption
4309,2025-06-25,1,4,103,8586,2606,4,84669,22939.0,Post-Disruption
4310,2025-06-05,2,2,103,11974,4645,13,45880,30549.0,Post-Disruption
4311,2023-12-07,1,1,103,8419,2405,6,42891,21622.5,During-Disruption
4312,2023-01-04,4,3,103,1472,2235,3,49933,5649.0,Pre-Disruption
4313,2023-11-02,1,3,102,8481,2415,4,34037,21994.5,During-Disruption
4314,2025-06-26,1,4,101,8695,2263,5,80733,22313.5,Post-Disruption
4315,2024-08-29,1,1,103,8426,2237,5,57465,22938.0,During-Disruption
4316,2025-09-18,4,4,102,1540,2264,1,83051,5744.0,Post-Disruption
4317,2023-11-17,3,1,103,6146,3121,8,46868,16187.0,During-Disruption
4318,2024-07-12,3,4,101,6211,3241,7,73916,17230.5,During-Disruption
4319,2024-09-09,2,1,103,11934,4472,13,63718,31777.0,During-Disruption
4320,2024-12-11,2,4,103,11850,4535,13,22670,30492.0,During-Disruption
4321,2024-06-14,1,4,104,8525,2556,7,72447,22207.5,During-Disruption
4322,2024-02-14,2,1,104,11706,4505,15,33416,30518.0,During-Disruption
4323,2025-03-28,1,4,104,8449,2778,6,37600,22162.5,Post-Disruption
4324,2024-05-07,4,1,104,1465,1834,2,74425,4447.5,During-Disruption
4325,2023-01-12,3,1,103,6266,3501,8,30722,17525.0,Pre-Disruption
4326,2023-07-14,2,1,103,11951,4093,15,20281,30685.5,Pre-Disruption
4327,2024-05-04,1,4,104,8662,2388,7,44955,22373.0,During-Disruption
4328,2025-03-05,3,1,101,6295,3548,7,46195,17026.5,Post-Disruption
4329,2025-05-30,1,2,102,8582,2884,6,31720,22910.0,Post-Disruption
4330,2023-07-01,1,2,103,8663,2215,4,20608,22973.5,Pre-Disruption
4331,2025-08-19,1,4,104,8687,2574,6,29027,23161.5,Post-Disruption
4332,2024-10-17,2,3,102,11974,4363,12,52060,30825.0,During-Disruption
4333,2024-11-24,3,1,104,6217,3297,7,32378,16087.5,During-Disruption
4334,2023-01-30,1,1,104,8676,2609,7,15099,22200.0,Pre-Disruption
4335,2025-02-16,1,1,101,8531,2373,5,62709,21842.5,Post-Disruption
4336,2024-03-19,2,2,101,11846,4612,15,73701,31320.0,During-Disruption
4337,2023-10-25,3,1,103,6128,3085,7,67929,16367.0,Pre-Disruption
4338,2025-03-18,1,1,104,8624,2229,4,74086,23134.0,Post-Disruption
4339,2025-04-24,1,4,102,8538,2669,5,61678,21994.0,Post-Disruption
4340,2025-10-12,4,1,103,1688,1979,3,20889,5140.0,Post-Disruption
4341,2024-07-07,4,2,101,1680,1911,3,81526,5982.0,During-Disruption
4342,2023-10-30,4,1,103,1425,1677,1,60806,5376.5,Pre-Disruption
4343,2024-02-25,3,1,103,6391,3434,8,77891,17101.5,During-Disruption
4344,2023-07-04,1,1,104,8666,2728,4,34763,23550.0,Pre-Disruption
4345,2024-04-12,1,1,102,8685,2321,4,24837,22636.5,During-Disruption
4346,2025-01-23,1,4,101,8496,2427,7,43548,22033.0,Post-Disruption
4347,2023-12-29,1,1,103,8537,2607,7,19242,22727.5,During-Disruption
4348,2023-12-02,4,1,103,1680,1774,2,66580,4861.0,During-Disruption
4349,2023-06-11,3,3,104,6195,3452,9,74118,16509.5,Pre-Disruption
4350,2023-01-12,3,3,103,6156,2914,6,34571,17120.0,Pre-Disruption
4351,2024-08-10,1,3,102,8522,2413,7,41064,22074.0,During-Disruption
4352,2023-07-20,4,4,104,1630,2202,3,84276,5579.0,Pre-Disruption
4353,2024-06-05,3,3,101,6389,2951,8,64995,16808.5,During-Disruption
4354,2024-05-19,1,1,103,8485,2515,5,63071,23147.5,During-Disruption
4355,2025-02-26,3,3,103,6150,2956,6,46771,17000.0,Post-Disruption
4356,2025-11-28,1,2,104,8627,2488,5,43884,23087.5,Post-Disruption
4357,2023-03-01,1,1,103,8405,2348,5,37452,22083.5,Pre-Disruption
4358,2024-07-31,2,1,101,11972,4407,15,70952,30975.0,During-Disruption
4359,2023-11-17,2,1,102,11701,4531,13,71052,30840.5,During-Disruption
4360,2025-07-11,1,1,102,8675,2568,7,73857,23425.5,Post-Disruption
4361,2024-07-22,1,1,104,8490,2523,7,45231,22085.0,During-Disruption
4362,2024-06-10,4,1,103,1661,2212,2,18927,5398.5,During-Disruption
4363,2024-06-07,2,4,104,11941,4356,13,22499,31687.5,During-Disruption
4364,2024-09-04,3,4,104,6345,3599,6,34491,17455.5,During-Disruption
4365,2023-05-05,1,2,104,8478,2629,7,43575,22728.0,Pre-Disruption
4366,2025-05-20,1,3,104,8457,2232,6,49999,21857.5,Post-Disruption
4367,2023-10-07,1,1,104,8624,2742,4,82616,22903.0,Pre-Disruption
4368,2025-07-05,1,4,103,8601,2873,7,70993,22192.5,Post-Disruption
4369,2024-09-13,1,2,102,8405,2485,7,32652,21730.5,During-Disruption
4370,2025-04-25,1,1,102,8429,2716,7,52459,23004.5,Post-Disruption
4371,2024-11-04,2,1,102,11850,4680,15,40424,31350.0,During-Disruption
4372,2023-11-10,1,1,103,8435,2884,7,54530,22991.5,During-Disruption
4373,2023-11-28,3,1,103,6209,3016,6,15601,17262.5,During-Disruption
4374,2023-02-05,1,1,104,8520,2468,7,71664,21905.0,Pre-Disruption
4375,2025-11-11,2,1,102,11940,4162,13,40988,30405.0,Post-Disruption
4376,2023-07-25,1,1,104,8658,2339,6,83118,23322.0,Pre-Disruption
4377,2024-09-30,2,1,102,11789,4680,12,80631,31063.5,During-Disruption
4378,2025-04-27,1,4,101,8429,2343,4,68372,23052.5,Post-Disruption
4379,2024-03-15,4,1,103,1636,1821,3,23425,5191.0,During-Disruption
4380,2024-12-29,3,1,101,6269,3487,6,78479,17206.5,During-Disruption
4381,2025-07-29,2,2,102,11848,4629,15,61285,30556.0,Post-Disruption
4382,2023-06-13,1,4,104,8487,2809,7,78720,22516.5,Pre-Disruption
4383,2023-05-28,2,1,103,11703,4434,14,38158,30455.5,Pre-Disruption
4384,2023-10-21,3,4,103,6351,3444,6,72365,16790.5,Pre-Disruption
4385,2023-07-14,1,1,104,8450,2653,5,49003,21855.0,Pre-Disruption
4386,2024-10-24,2,1,101,11723,4066,14,63007,29943.5,During-Disruption
4387,2024-04-24,3,1,101,6145,2905,6,55955,16262.5,During-Disruption
4388,2023-05-03,3,2,101,6215,3140,6,66674,16815.5,Pre-Disruption
4389,2024-11-29,3,1,101,6126,2954,8,30032,16383.0,During-Disruption
4390,2025-08-22,3,2,103,6194,3282,9,71502,16966.0,Post-Disruption
4391,2024-10-22,4,1,102,1498,2033,3,39993,4294.0,During-Disruption
4392,2024-12-10,2,3,104,11815,4469,14,31936,30516.5,During-Disruption
4393,2024-01-31,2,1,102,11975,4070,14,55468,31021.5,During-Disruption
4394,2025-06-30,3,1,102,6194,3505,8,36577,16833.0,Post-Disruption
4395,2025-10-01,2,2,101,11898,4449,14,84601,31321.0,Post-Disruption
4396,2023-11-13,4,2,102,1545,2079,4,23722,4962.5,During-Disruption
4397,2024-11-11,1,1,101,8554,2342,5,45469,22092.0,During-Disruption
4398,2024-05-09,1,3,101,8669,2221,7,77127,22281.5,During-Disruption
4399,2024-07-09,1,3,102,8675,2760,5,77572,22923.5,During-Disruption
4400,2024-09-01,1,1,104,8655,2621,7,58131,23610.5,During-Disruption
4401,2023-04-19,1,4,102,8444,2847,6,18089,21780.0,Pre-Disruption
4402,2024-01-07,3,2,102,6100,3291,6,21227,16556.0,During-Disruption
4403,2025-05-04,1,1,103,8546,2811,5,19800,22930.0,Post-Disruption
4404,2024-09-07,3,1,101,6394,3367,7,81453,17200.0,During-Disruption
4405,2025-02-06,2,2,103,11854,4292,12,39273,31137.0,Post-Disruption
4406,2023-07-25,1,1,104,8455,2320,5,37921,22566.5,Pre-Disruption
4407,2025-04-26,1,1,102,8625,2637,7,17067,22651.5,Post-Disruption
4408,2023-02-12,2,1,103,11706,4100,13,41599,30669.0,Pre-Disruption
4409,2025-05-14,3,3,103,6119,3086,9,50172,17199.5,Post-Disruption
4410,2025-02-23,3,1,102,6258,3058,8,80338,16922.0,Post-Disruption
4411,2024-04-20,3,3,102,6178,3417,7,38701,16160.0,During-Disruption
4412,2023-03-24,4,1,101,1400,2281,2,61674,4587.0,Pre-Disruption
4413,2023-07-09,2,1,101,11928,4179,13,46132,30857.0,Pre-Disruption
4414,2025-03-10,4,3,103,1612,2030,4,67025,5076.0,Post-Disruption
4415,2025-07-24,3,2,102,6382,3111,8,29393,16531.0,Post-Disruption
4416,2023-09-08,3,1,101,6347,3575,6,64868,17089.5,Pre-Disruption
4417,2023-10-18,1,1,101,8518,2839,4,44094,22776.0,Pre-Disruption
4418,2023-11-22,4,1,104,1626,2252,1,57040,5636.0,During-Disruption
4419,2025-04-16,2,2,103,11723,4432,15,70830,30853.5,Post-Disruption
4420,2024-05-22,3,1,103,6289,3543,6,84373,16286.5,During-Disruption
4421,2024-12-31,1,3,103,8456,2300,5,39656,22159.0,During-Disruption
4422,2023-03-13,1,2,102,8488,2519,6,66580,22212.0,Pre-Disruption
4423,2024-10-02,1,1,104,8674,2297,6,83231,22927.0,During-Disruption
4424,2025-07-28,1,1,101,8508,2478,7,19511,23166.0,Post-Disruption
4425,2024-08-30,1,1,104,8540,2897,5,42242,21990.0,During-Disruption
4426,2024-07-19,3,1,101,6384,3042,6,80277,17660.0,During-Disruption
4427,2023-02-23,1,2,101,8643,2544,6,35263,23235.5,Pre-Disruption
4428,2024-06-11,1,2,104,8473,2555,5,84298,22836.5,During-Disruption
4429,2024-09-02,1,3,103,8661,2790,5,44230,22691.5,During-Disruption
4430,2023-07-12,2,1,102,11875,4354,15,47990,31237.5,Pre-Disruption
4431,2023-02-27,1,4,104,8629,2629,7,29450,23436.5,Pre-Disruption
4432,2023-05-09,1,1,103,8475,2238,5,29661,22926.5,Pre-Disruption
4433,2024-12-06,2,1,103,11882,4302,15,32398,31240.0,During-Disruption
4434,2025-05-01,2,2,102,11973,4548,13,48786,31462.5,Post-Disruption
4435,2023-01-08,1,3,102,8676,2624,7,76318,23053.0,Pre-Disruption
4436,2023-01-29,1,1,103,8626,2547,6,33680,22893.0,Pre-Disruption
4437,2025-08-04,1,3,102,8564,2628,7,46169,22193.0,Post-Disruption
4438,2023-05-11,4,4,103,1674,1885,2,42701,5094.0,Pre-Disruption
4439,2023-07-07,1,3,101,8616,2654,6,69925,22900.0,Pre-Disruption
4440,2024-12-09,2,1,102,11889,4323,13,46464,31080.5,During-Disruption
4441,2023-07-31,1,3,101,8417,2718,5,20269,22233.5,Pre-Disruption
4442,2023-10-03,2,3,102,11931,4352,15,26319,30784.5,Pre-Disruption
4443,2023-08-31,1,2,103,8583,2502,6,19411,22856.5,Pre-Disruption
4444,2025-09-13,1,3,103,8505,2409,5,57475,21867.5,Post-Disruption
4445,2024-11-15,2,4,103,11942,4590,12,36631,31528.0,During-Disruption
4446,2023-06-20,1,1,103,8452,2643,7,39453,21895.0,Pre-Disruption
4447,2024-10-14,1,1,103,8625,2332,6,27618,22961.5,During-Disruption
4448,2023-07-07,2,1,103,11901,4175,14,60160,30898.5,Pre-Disruption
4449,2023-02-21,4,1,102,1485,1686,2,22224,4402.5,Pre-Disruption
4450,2023-04-21,1,1,102,8449,2657,6,69932,22887.5,Pre-Disruption
4451,2025-05-26,2,2,101,11959,4216,14,66232,31615.5,Post-Disruption
4452,2025-12-02,4,1,104,1594,2005,1,40760,4572.0,Post-Disruption
4453,2023-07-30,3,2,102,6347,3306,8,71291,17757.5,Pre-Disruption
4454,2025-05-07,2,3,102,11755,4603,12,33496,30247.5,Post-Disruption
4455,2024-09-18,3,1,104,6276,3328,9,50915,16305.0,During-Disruption
4456,2025-11-15,1,4,104,8549,2431,7,70200,22715.5,Post-Disruption
4457,2023-10-26,2,1,101,11712,4429,15,84483,30568.0,Pre-Disruption
4458,2025-07-12,1,3,101,8688,2237,6,58457,23675.0,Post-Disruption
4459,2023-05-17,1,3,103,8463,2623,7,53819,22147.5,Pre-Disruption
4460,2025-11-09,2,1,101,11804,4398,12,63874,30794.0,Post-Disruption
4461,2024-03-15,1,1,101,8638,2788,6,24141,23057.0,During-Disruption
4462,2023-07-30,2,1,104,11733,4578,14,35913,31318.5,Pre-Disruption
4463,2025-01-21,2,3,102,11738,4184,12,40201,31224.0,Post-Disruption
4464,2024-03-10,2,3,103,11924,4376,12,80940,30789.0,During-Disruption
4465,2025-02-18,1,1,101,8528,2474,4,20755,23267.0,Post-Disruption
4466,2024-03-14,1,2,104,8532,2801,7,39718,23237.0,During-Disruption
4467,2024-10-27,2,1,103,11739,4285,14,34190,31084.5,During-Disruption
4468,2025-12-01,4,1,103,1620,1947,2,16818,5545.0,Post-Disruption
4469,2024-02-15,1,4,104,8493,2729,5,52417,22877.5,During-Disruption
4470,2025-03-16,1,1,101,8498,2206,6,73122,22452.0,Post-Disruption
4471,2024-09-01,3,4,101,6159,3087,8,49708,16840.5,During-Disruption
4472,2024-03-02,1,3,101,8528,2799,4,45450,22520.0,During-Disruption
4473,2025-06-20,3,4,101,6231,3015,9,79934,16337.5,Post-Disruption
4474,2025-07-30,2,1,103,11768,4498,12,48757,29926.0,Post-Disruption
4475,2025-01-11,2,1,102,11713,4062,12,71898,30240.5,Post-Disruption
4476,2023-11-24,1,1,103,8550,2640,5,44452,22745.0,During-Disruption
4477,2023-02-21,1,3,103,8573,2543,7,83643,22600.5,Pre-Disruption
4478,2024-01-11,1,2,104,8691,2786,6,32558,22254.5,During-Disruption
4479,2023-09-20,3,1,103,6295,3278,8,57765,17061.5,Pre-Disruption
4480,2023-09-24,3,3,101,6131,3194,7,63407,16248.5,Pre-Disruption
4481,2023-12-25,2,1,104,11772,4682,12,61454,30652.0,During-Disruption
4482,2024-10-13,3,1,104,6293,3131,9,34921,16792.5,During-Disruption
4483,2023-02-15,1,1,104,8449,2639,4,38975,22113.5,Pre-Disruption
4484,2024-08-22,2,1,104,11756,4393,15,55548,31271.0,During-Disruption
4485,2024-12-20,2,1,104,11816,4275,12,65840,30762.0,During-Disruption
4486,2024-08-23,3,1,101,6291,3066,9,63245,16527.5,During-Disruption
4487,2024-01-16,1,4,102,8616,2298,4,45292,23452.0,During-Disruption
4488,2023-04-28,2,3,102,11810,4411,13,37227,30089.0,Pre-Disruption
4489,2023-04-26,3,1,104,6188,3127,9,66771,16900.0,Pre-Disruption
4490,2023-09-17,2,3,102,11856,4413,12,41198,30302.0,Pre-Disruption
4491,2023-11-01,1,2,103,8468,2513,7,64706,22804.0,During-Disruption
4492,2023-01-07,2,1,102,11969,4325,12,21069,31092.5,Pre-Disruption
4493,2024-01-01,1,3,103,8624,2261,5,44175,23329.0,During-Disruption
4494,2024-06-06,2,2,101,11704,4128,15,37187,30183.0,During-Disruption
4495,2024-03-04,4,2,104,1642,2051,1,32340,5215.0,During-Disruption
4496,2025-03-01,2,2,103,11817,4408,13,72562,30465.5,Post-Disruption
4497,2025-01-16,2,2,101,11871,4422,12,34440,30877.5,Post-Disruption
4498,2024-01-02,2,1,101,11842,4650,14,59608,31375.0,During-Disruption
4499,2023-11-09,1,4,104,8656,2429,4,83254,22861.0,During-Disruption
4500,2024-06-21,1,1,102,8477,2770,6,19209,22423.5,During-Disruption
4501,2025-07-09,4,4,101,1456,2276,2,69002,4553.0,Post-Disruption
4502,2025-12-13,2,1,102,11719,4511,12,70410,30348.5,Post-Disruption
4503,2025-05-14,1,1,102,8413,2809,7,56254,22444.5,Post-Disruption
4504,2025-02-20,1,2,102,8605,2537,7,81151,22084.5,Post-Disruption
4505,2023-11-30,2,1,103,11936,4245,15,32967,31722.0,During-Disruption
4506,2025-03-08,3,3,102,6280,3548,9,25319,16605.0,Post-Disruption
4507,2023-12-14,3,1,102,6390,3457,6,51623,17304.0,During-Disruption
4508,2023-09-30,1,2,101,8588,2403,4,51275,22538.0,Pre-Disruption
4509,2025-08-20,4,1,104,1546,1792,3,69636,5019.0,Post-Disruption
4510,2024-12-20,2,1,103,11741,4358,12,69659,31224.5,During-Disruption
4511,2024-05-14,2,1,102,11700,4553,13,62476,31149.0,During-Disruption
4512,2024-11-15,2,2,104,11803,4673,15,20256,30662.5,During-Disruption
4513,2023-03-20,1,2,102,8654,2453,4,18224,22542.0,Pre-Disruption
4514,2024-09-13,4,2,102,1608,1883,2,31603,5111.0,During-Disruption
4515,2025-08-04,1,4,101,8617,2417,6,36521,22924.5,Post-Disruption
4516,2023-12-24,1,2,104,8477,2811,5,80113,22411.5,During-Disruption
4517,2024-09-09,3,4,101,6150,3472,8,44513,17307.0,During-Disruption
4518,2024-05-21,2,1,101,11987,4551,15,16200,31617.5,During-Disruption
4519,2024-07-29,3,1,102,6199,3081,8,69827,16938.5,During-Disruption
4520,2023-09-01,2,1,102,11911,4570,14,73317,30971.5,Pre-Disruption
4521,2024-05-20,1,1,102,8636,2422,5,48472,22523.0,During-Disruption
4522,2024-02-26,4,2,104,1694,1807,4,44311,5881.0,During-Disruption
4523,2023-08-05,1,2,104,8556,2622,5,74997,23091.0,Pre-Disruption
4524,2025-10-05,3,2,104,6397,3069,9,74104,17631.5,Post-Disruption
4525,2023-11-26,1,3,104,8413,2338,5,37785,22370.5,During-Disruption
4526,2024-10-11,3,4,102,6215,3102,6,83465,16529.5,During-Disruption
4527,2024-01-26,1,4,102,8538,2453,5,50219,22704.0,During-Disruption
4528,2024-01-16,2,1,101,11774,4165,14,16247,31118.0,During-Disruption
4529,2025-01-11,3,1,102,6123,3468,7,64922,16406.5,Post-Disruption
4530,2025-03-30,2,1,104,11876,4634,14,84892,31001.0,Post-Disruption
4531,2024-11-03,3,1,103,6154,3295,7,70042,15980.0,During-Disruption
4532,2024-05-27,3,2,102,6312,3325,7,60826,17331.0,During-Disruption
4533,2025-08-06,3,2,104,6262,3346,8,51195,17302.0,Post-Disruption
4534,2025-07-18,4,1,101,1699,2105,4,17373,5626.5,Post-Disruption
4535,2025-07-01,2,3,102,11863,4136,13,25839,31180.5,Post-Disruption
4536,2024-10-05,1,3,103,8488,2605,4,72215,22877.0,During-Disruption
4537,2024-03-02,1,1,104,8414,2768,4,46845,22011.0,During-Disruption
4538,2024-05-16,1,1,102,8521,2778,6,68861,22358.5,During-Disruption
4539,2024-12-30,1,4,104,8577,2430,6,79384,21955.5,During-Disruption
4540,2023-03-12,2,2,103,11968,4243,14,32452,30592.0,Pre-Disruption
4541,2024-04-22,1,1,103,8504,2485,4,56481,22695.0,During-Disruption
4542,2024-04-01,1,1,101,8558,2832,6,25471,22580.0,During-Disruption
4543,2023-07-08,1,1,103,8404,2253,6,37248,21824.0,Pre-Disruption
4544,2023-10-18,3,1,102,6240,3291,9,53366,17205.0,Pre-Disruption
4545,2025-07-08,2,3,103,11868,4577,12,69614,31546.0,Post-Disruption
4546,2023-10-19,1,1,102,8416,2469,7,33699,22604.0,Pre-Disruption
4547,2025-01-25,3,1,102,6131,3288,9,56708,16947.5,Post-Disruption
4548,2024-01-12,1,1,104,8404,2212,6,40467,22292.0,During-Disruption
4549,2024-05-22,4,3,102,1536,1942,4,59332,5600.0,During-Disruption
4550,2024-06-11,2,1,102,11806,4635,13,31256,30357.0,During-Disruption
4551,2024-07-12,1,1,101,8561,2788,5,58673,22890.5,During-Disruption
4552,2025-11-20,2,2,104,11956,4338,13,60162,30851.0,Post-Disruption
4553,2023-09-17,3,1,102,6267,2923,9,84431,17156.5,Pre-Disruption
4554,2024-02-25,2,1,101,11987,4034,13,34809,30660.5,During-Disruption
4555,2023-10-31,3,1,104,6344,3485,6,47643,16692.0,Pre-Disruption
4556,2025-07-30,1,3,103,8512,2685,5,70367,22779.0,Post-Disruption
4557,2025-11-28,1,4,102,8577,2621,5,17680,23249.5,Post-Disruption
4558,2024-06-25,1,1,103,8589,2489,7,71491,23410.5,During-Disruption
4559,2025-12-25,1,1,104,8410,2489,4,36086,22176.0,Post-Disruption
4560,2023-04-18,1,1,104,8422,2218,7,67400,21823.0,Pre-Disruption
4561,2023-09-25,4,3,101,1518,2227,1,75739,4809.0,Pre-Disruption
4562,2023-08-10,1,2,102,8681,2491,4,40955,22776.5,Pre-Disruption
4563,2024-11-23,2,3,102,11768,4377,15,19038,31314.0,During-Disruption
4564,2023-09-12,2,2,101,11833,4153,13,73494,31169.5,Pre-Disruption
4565,2023-09-10,3,4,103,6352,3542,8,80795,17497.0,Pre-Disruption
4566,2023-09-14,4,4,104,1450,1727,3,31660,5480.0,Pre-Disruption
4567,2024-01-18,3,3,101,6142,3332,7,56769,17004.0,During-Disruption
4568,2024-03-17,4,1,104,1540,1869,3,55307,5233.0,During-Disruption
4569,2024-08-21,3,1,103,6124,3414,8,51094,17041.0,During-Disruption
4570,2024-01-25,4,2,103,1669,1857,1,45218,6047.5,During-Disruption
4571,2024-08-04,3,2,103,6203,3241,9,34318,16738.5,During-Disruption
4572,2025-12-03,1,2,102,8694,2701,7,51126,22736.0,Post-Disruption
4573,2024-08-20,2,1,104,11852,4416,13,76086,31274.0,During-Disruption
4574,2023-01-19,2,2,104,11860,4099,13,76686,30205.0,Pre-Disruption
4575,2024-08-29,1,1,101,8682,2593,7,62144,22318.0,During-Disruption
4576,2023-02-02,1,2,104,8444,2252,6,83299,22332.0,Pre-Disruption
4577,2025-05-11,2,1,102,11986,4427,13,29192,30983.0,Post-Disruption
4578,2023-06-04,4,1,101,1565,2277,1,76900,5343.5,Pre-Disruption
4579,2025-06-23,1,1,103,8606,2348,7,76347,23334.0,Post-Disruption
4580,2024-02-09,3,4,104,6207,3574,8,18276,17297.5,During-Disruption
4581,2025-04-23,3,1,102,6164,3350,6,62742,17103.0,Post-Disruption
4582,2025-01-16,4,1,102,1666,2194,4,68957,4828.0,Post-Disruption
4583,2023-09-28,4,1,104,1584,2133,4,19139,5340.0,Pre-Disruption
4584,2025-02-08,3,2,102,6323,3431,8,29076,16435.5,Post-Disruption
4585,2023-06-21,2,1,103,11852,4365,13,43002,30881.0,Pre-Disruption
4586,2023-10-01,1,4,104,8688,2523,4,79873,22410.0,Pre-Disruption
4587,2023-09-16,2,2,104,11984,4519,12,26653,31302.0,Pre-Disruption
4588,2024-02-26,3,1,104,6285,3565,6,51324,17035.5,During-Disruption
4589,2023-12-30,3,2,101,6325,3462,9,29119,16726.5,During-Disruption
4590,2024-01-13,3,1,103,6299,3145,8,24477,17527.5,During-Disruption
4591,2024-08-02,1,3,102,8410,2648,6,43746,22077.0,During-Disruption
4592,2025-06-09,2,1,104,11976,4153,15,41125,31090.0,Post-Disruption
4593,2024-12-22,1,4,104,8402,2445,4,23148,21766.0,During-Disruption
4594,2025-05-30,1,2,102,8677,2242,4,45586,23138.5,Post-Disruption
4595,2024-08-27,1,3,103,8461,2592,6,72348,21843.5,During-Disruption
4596,2023-01-22,1,1,102,8404,2362,5,59509,22770.0,Pre-Disruption
4597,2024-01-18,3,1,102,6108,3365,9,28801,15847.0,During-Disruption
4598,2023-05-14,1,3,104,8457,2711,5,42946,21993.5,Pre-Disruption
4599,2025-11-14,1,2,101,8679,2346,4,56908,22600.5,Post-Disruption
4600,2024-05-17,4,1,101,1637,1755,4,70546,5354.5,During-Disruption
4601,2023-05-24,1,1,101,8526,2714,7,60722,22885.0,Pre-Disruption
4602,2023-08-12,1,1,101,8636,2345,5,55311,23007.0,Pre-Disruption
4603,2023-08-08,1,2,101,8618,2711,7,63324,22393.0,Pre-Disruption
4604,2023-06-28,1,1,104,8577,2468,6,80767,22751.5,Pre-Disruption
4605,2024-03-08,1,1,101,8548,2610,5,51302,23354.0,During-Disruption
4606,2023-09-22,1,1,102,8437,2443,6,29190,22566.5,Pre-Disruption
4607,2025-08-11,2,1,104,11817,4295,12,36639,30844.5,Post-Disruption
4608,2024-03-04,1,1,102,8496,2513,5,73957,21892.0,During-Disruption
4609,2024-02-20,1,4,101,8416,2768,7,77524,22870.0,During-Disruption
4610,2024-12-27,3,1,103,6378,3179,7,23278,16712.0,During-Disruption
4611,2023-07-16,2,4,101,11853,4476,14,82563,31067.5,Pre-Disruption
4612,2025-12-12,4,1,104,1493,1718,3,39064,5543.5,Post-Disruption
4613,2024-04-24,2,1,102,11874,4533,12,44854,30490.0,During-Disruption
4614,2025-06-08,1,1,103,8428,2762,7,82982,22661.0,Post-Disruption
4615,2025-07-13,3,2,103,6133,3373,9,37085,16116.5,Post-Disruption
4616,2023-05-03,1,2,103,8409,2411,4,70659,22064.5,Pre-Disruption
4617,2025-02-16,1,1,102,8675,2787,6,66706,22210.5,Post-Disruption
4618,2023-12-14,2,1,104,11989,4465,15,36932,31506.5,During-Disruption
4619,2023-01-29,2,4,103,11800,4165,15,81255,30638.0,Pre-Disruption
4620,2025-09-01,3,4,102,6240,3379,8,46117,17409.0,Post-Disruption
4621,2023-02-04,4,1,102,1486,1982,1,54532,5223.0,Pre-Disruption
4622,2024-09-14,1,2,101,8527,2260,6,51122,22603.5,During-Disruption
4623,2024-08-11,2,1,102,11905,4278,15,42599,31035.5,During-Disruption
4624,2025-12-26,2,1,104,11788,4587,13,76536,30099.0,Post-Disruption
4625,2025-06-22,4,1,104,1481,1808,1,39844,4944.5,Post-Disruption
4626,2024-06-03,3,1,103,6311,2936,7,56900,16656.5,During-Disruption
4627,2023-05-02,4,3,102,1518,2204,3,64415,5748.0,Pre-Disruption
4628,2023-12-06,1,1,102,8535,2333,4,71119,22076.5,During-Disruption
4629,2023-06-24,3,2,101,6360,3311,6,63593,16545.0,Pre-Disruption
4630,2024-08-19,1,4,101,8675,2847,4,24824,23502.5,During-Disruption
4631,2024-03-26,1,1,102,8607,2347,6,51870,23352.5,During-Disruption
4632,2024-07-10,4,1,102,1642,1996,1,26852,4912.0,During-Disruption
4633,2025-11-05,1,3,102,8499,2451,4,64550,22570.5,Post-Disruption
4634,2023-01-09,4,1,101,1514,2102,4,42239,5169.0,Pre-Disruption
4635,2023-11-30,1,1,101,8415,2706,4,50620,22162.5,During-Disruption
4636,2025-10-13,3,1,104,6103,3490,9,67799,16288.5,Post-Disruption
4637,2023-11-23,1,1,103,8665,2443,4,77992,22390.5,During-Disruption
4638,2023-01-15,1,4,103,8447,2566,6,43764,22129.5,Pre-Disruption
4639,2025-04-18,1,2,103,8622,2649,4,79276,22860.0,Post-Disruption
4640,2023-08-14,2,1,103,11903,4119,12,33792,31300.5,Pre-Disruption
4641,2023-04-23,1,2,101,8419,2508,6,69613,21806.5,Pre-Disruption
4642,2023-01-01,2,4,101,11987,4633,12,52171,31358.5,Pre-Disruption
4643,2023-09-23,1,1,102,8593,2411,5,44088,22990.5,Pre-Disruption
4644,2025-08-09,1,1,104,8410,2483,4,54657,22138.0,Post-Disruption
4645,2023-11-02,1,4,104,8419,2453,4,15606,21743.5,During-Disruption
4646,2023-01-12,2,4,103,11978,4529,15,32733,30834.0,Pre-Disruption
4647,2025-07-25,3,1,102,6134,3162,9,55394,16537.0,Post-Disruption
4648,2024-02-24,3,1,102,6365,3176,7,75797,16757.5,During-Disruption
4649,2025-06-07,1,1,101,8631,2240,6,21358,22717.5,Post-Disruption
4650,2023-06-20,2,1,102,11737,4422,12,58846,30993.5,Pre-Disruption
4651,2023-05-14,3,2,104,6182,3408,9,47084,16068.0,Pre-Disruption
4652,2025-08-22,1,1,104,8431,2563,5,32693,22535.5,Post-Disruption
4653,2025-11-14,2,1,102,11753,4542,14,74166,31112.5,Post-Disruption
4654,2024-10-19,2,1,101,11924,4460,15,27926,31157.0,During-Disruption
4655,2023-06-28,1,4,104,8506,2652,6,66693,22893.0,Pre-Disruption
4656,2025-12-15,1,1,101,8424,2514,5,41436,22285.0,Post-Disruption
4657,2023-04-21,1,1,101,8444,2829,6,75116,22318.0,Pre-Disruption
4658,2023-05-17,2,4,104,11817,4359,14,65720,31236.5,Pre-Disruption
4659,2023-08-20,1,2,101,8693,2433,5,67179,22492.5,Pre-Disruption
4660,2025-09-18,1,1,103,8524,2242,6,31392,23155.0,Post-Disruption
4661,2024-04-12,1,1,103,8435,2427,5,31586,22774.5,During-Disruption
4662,2025-01-01,1,1,103,8566,2845,6,77612,23176.0,Post-Disruption
4663,2024-04-25,1,2,102,8668,2532,7,77555,22844.0,During-Disruption
4664,2025-12-27,4,1,104,1593,2268,4,27852,5422.5,Post-Disruption
4665,2025-03-24,1,1,103,8523,2691,7,84067,23133.5,Post-Disruption
4666,2025-09-20,2,1,101,11970,4205,15,43100,31336.0,Post-Disruption
4667,2023-11-19,1,1,103,8457,2288,5,55909,21806.5,During-Disruption
4668,2025-07-10,2,2,101,11758,4098,14,71707,30313.0,Post-Disruption
4669,2025-06-22,2,1,104,11916,4036,13,61035,31553.0,Post-Disruption
4670,2024-08-28,1,1,103,8468,2573,4,15661,22221.0,During-Disruption
4671,2024-03-04,3,4,104,6343,3290,8,25217,16553.5,During-Disruption
4672,2023-05-28,2,2,103,11802,4433,13,40440,31295.0,Pre-Disruption
4673,2025-04-29,3,1,101,6104,3385,8,38742,16834.0,Post-Disruption
4674,2024-01-02,2,2,101,11998,4391,14,21619,31886.0,During-Disruption
4675,2025-04-29,4,1,102,1663,1955,1,20571,6046.5,Post-Disruption
4676,2025-12-25,3,3,102,6340,2954,9,76111,17832.0,Post-Disruption
4677,2025-03-23,4,3,102,1621,2216,3,69913,4789.5,Post-Disruption
4678,2023-06-24,2,2,103,11928,4585,14,50812,31679.0,Pre-Disruption
4679,2024-08-10,2,3,104,11731,4313,12,37254,31195.5,During-Disruption
4680,2024-05-09,3,1,103,6123,3003,7,29717,16752.5,During-Disruption
4681,2025-08-30,3,3,101,6286,2915,9,74838,16537.0,Post-Disruption
4682,2023-02-04,4,1,104,1527,2008,2,19370,5023.5,Pre-Disruption
4683,2025-09-25,1,1,101,8511,2228,5,40096,22865.5,Post-Disruption
4684,2024-06-21,3,4,102,6393,3255,7,36792,16493.5,During-Disruption
4685,2025-01-19,1,2,101,8548,2578,7,69398,22772.0,Post-Disruption
4686,2025-11-03,2,4,103,11850,4694,13,63755,31063.0,Post-Disruption
4687,2024-01-09,1,1,101,8573,2763,5,65281,22936.5,During-Disruption
4688,2024-07-10,1,1,101,8596,2710,7,63618,23365.0,During-Disruption
4689,2023-08-21,4,1,101,1654,1946,4,18648,5990.0,Pre-Disruption
4690,2024-12-05,1,2,104,8567,2817,4,42220,22818.5,During-Disruption
4691,2024-07-16,2,1,101,11781,4502,13,53968,30118.5,During-Disruption
4692,2025-07-27,2,1,101,11769,4024,12,71039,31389.5,Post-Disruption
4693,2025-06-05,1,1,102,8412,2291,6,83887,22146.0,Post-Disruption
4694,2024-12-26,1,3,102,8518,2528,4,15613,23008.0,During-Disruption
4695,2023-03-17,2,1,103,11911,4537,12,62043,31392.5,Pre-Disruption
4696,2024-03-14,1,3,102,8501,2801,4,55965,22418.5,During-Disruption
4697,2024-11-29,3,1,101,6376,3586,6,68186,17320.0,During-Disruption
4698,2025-07-03,4,1,102,1595,1941,2,47628,4582.5,Post-Disruption
4699,2025-06-09,1,1,104,8476,2647,6,40114,22503.0,Post-Disruption
4700,2024-11-22,1,4,103,8604,2595,6,39081,22235.0,During-Disruption
4701,2023-09-10,2,1,102,11928,4541,15,59661,31542.0,Pre-Disruption
4702,2025-11-26,3,1,103,6288,3425,8,33903,16872.0,Post-Disruption
4703,2024-02-14,1,3,103,8498,2701,4,26988,22437.0,During-Disruption
4704,2023-05-07,1,1,103,8617,2606,7,48323,22208.5,Pre-Disruption
4705,2024-08-14,2,3,104,11893,4129,12,19342,31370.5,During-Disruption
4706,2023-10-21,4,1,101,1442,1730,2,23508,4932.0,Pre-Disruption
4707,2025-10-16,1,1,104,8523,2717,5,66439,22711.5,Post-Disruption
4708,2023-11-06,2,1,103,11719,4148,14,69867,30926.5,During-Disruption
4709,2024-10-23,4,1,102,1567,1875,1,67981,5306.5,During-Disruption
4710,2024-06-11,2,3,102,11745,4660,12,46474,29865.5,During-Disruption
4711,2024-06-23,3,3,104,6322,3451,6,55395,16549.0,During-Disruption
4712,2024-02-23,2,2,102,11778,4195,15,77575,31108.0,During-Disruption
4713,2024-03-19,4,4,103,1569,2008,4,19164,5522.5,During-Disruption
4714,2024-11-15,2,1,103,11945,4635,15,46713,31255.5,During-Disruption
4715,2025-04-19,3,1,101,6370,2970,8,16385,16474.0,Post-Disruption
4716,2023-08-24,2,2,103,11798,4198,14,57977,30647.0,Pre-Disruption
4717,2023-08-02,3,2,102,6240,3444,6,76725,16791.0,Pre-Disruption
4718,2023-03-26,1,1,101,8508,2801,4,69714,22784.0,Pre-Disruption
4719,2025-03-04,1,2,102,8536,2664,6,37678,23338.0,Post-Disruption
4720,2023-03-26,3,1,104,6220,2989,9,80021,16397.0,Pre-Disruption
4721,2023-03-06,1,3,101,8498,2767,7,36987,22722.0,Pre-Disruption
4722,2024-10-24,2,3,103,11765,4000,15,76880,30396.5,During-Disruption
4723,2024-09-18,1,2,101,8543,2366,7,44592,22064.5,During-Disruption
4724,2023-03-05,3,1,103,6209,3448,9,28487,16682.5,Pre-Disruption
4725,2025-07-27,1,2,103,8529,2790,6,79540,23028.5,Post-Disruption
4726,2025-07-07,3,3,102,6356,3141,7,21740,17363.0,Post-Disruption
4727,2024-05-05,2,1,103,11909,4133,13,25046,30902.5,During-Disruption
4728,2023-11-09,1,1,103,8645,2451,5,17478,22203.5,During-Disruption
4729,2024-09-06,2,4,103,11853,4021,12,46331,30800.5,During-Disruption
4730,2025-07-07,1,1,102,8532,2271,4,28662,22964.0,Post-Disruption
4731,2025-03-23,1,1,103,8420,2720,7,17963,21944.0,Post-Disruption
4732,2025-07-28,1,1,104,8434,2846,4,46213,22638.0,Post-Disruption
4733,2024-11-10,1,2,102,8623,2769,6,40746,23555.5,During-Disruption
4734,2024-03-10,4,4,104,1523,2100,2,84329,4483.5,During-Disruption
4735,2024-11-12,1,2,101,8639,2507,6,82996,22609.5,During-Disruption
4736,2025-12-09,2,1,102,11999,4250,14,55318,31808.5,Post-Disruption
4737,2023-12-06,1,2,104,8403,2802,6,45470,22825.5,During-Disruption
4738,2023-12-13,2,2,102,11822,4203,15,75318,30184.0,During-Disruption
4739,2024-10-07,1,2,103,8441,2207,7,26813,22259.5,During-Disruption
4740,2024-10-10,2,1,102,11868,4107,15,64768,30304.0,During-Disruption
4741,2023-09-02,3,2,101,6379,3531,6,33369,17219.5,Pre-Disruption
4742,2023-04-19,2,1,104,11924,4522,15,30310,30722.0,Pre-Disruption
4743,2024-06-16,1,1,102,8584,2572,4,34733,23167.0,During-Disruption
4744,2023-10-23,2,2,103,11710,4385,14,56674,29777.0,Pre-Disruption
4745,2023-04-22,1,4,104,8572,2382,5,23709,22070.0,Pre-Disruption
4746,2023-12-09,1,1,104,8495,2508,7,28163,22827.5,During-Disruption
4747,2023-04-11,2,4,104,11977,4178,12,77449,31537.5,Pre-Disruption
4748,2024-09-20,2,1,101,11838,4603,12,17295,31233.0,During-Disruption
4749,2023-01-28,2,3,103,11865,4226,15,36821,31061.5,Pre-Disruption
4750,2025-07-25,3,1,103,6286,3417,9,56740,16640.0,Post-Disruption
4751,2023-02-27,1,1,104,8485,2211,6,80006,22299.5,Pre-Disruption
4752,2023-10-24,1,2,102,8630,2449,4,63831,23378.0,Pre-Disruption
4753,2023-05-14,1,2,104,8537,2617,5,53446,23223.5,Pre-Disruption
4754,2023-09-06,2,3,103,11718,4376,14,43859,30069.0,Pre-Disruption
4755,2025-10-17,2,2,101,11855,4197,12,53693,31260.5,Post-Disruption
4756,2024-07-03,1,2,101,8494,2838,6,79181,22729.0,During-Disruption
4757,2025-06-20,3,4,104,6116,3347,8,61043,15871.0,Post-Disruption
4758,2025-04-13,2,1,101,11979,4036,15,59796,31254.5,Post-Disruption
4759,2025-02-09,2,1,101,11960,4420,13,63147,31159.0,Post-Disruption
4760,2023-05-26,2,1,102,11859,4007,13,28049,31426.5,Pre-Disruption
4761,2025-06-11,2,1,101,11780,4164,12,31156,30751.0,Post-Disruption
4762,2023-12-10,2,3,102,11884,4119,14,25655,30845.0,During-Disruption
4763,2025-11-24,1,1,104,8612,2571,7,45258,23060.0,Post-Disruption
4764,2024-12-02,1,1,103,8566,2432,4,50975,21989.0,During-Disruption
4765,2023-01-01,1,1,103,8605,2629,4,42284,22926.5,Pre-Disruption
4766,2023-06-02,2,2,102,11960,4286,12,17710,30874.0,Pre-Disruption
4767,2024-03-04,3,1,103,6373,3294,7,76362,16654.5,During-Disruption
4768,2024-05-22,2,1,104,11935,4419,14,36338,31490.5,During-Disruption
4769,2024-05-05,1,2,103,8642,2651,6,82065,22653.0,During-Disruption
4770,2023-12-11,3,3,101,6319,3556,9,80715,16327.5,During-Disruption
4771,2023-08-09,3,1,104,6169,3171,7,50463,16160.5,Pre-Disruption
4772,2024-12-23,3,2,104,6312,3185,7,35804,17565.0,During-Disruption
4773,2025-11-14,2,1,103,11986,4038,12,59832,31445.0,Post-Disruption
4774,2024-06-11,3,4,103,6325,3455,9,60245,17025.5,During-Disruption
4775,2025-04-20,1,1,102,8668,2696,4,65112,22767.0,Post-Disruption
4776,2025-12-01,1,4,101,8678,2687,7,55126,22673.0,Post-Disruption
4777,2024-04-25,1,4,103,8648,2571,7,17775,23324.0,During-Disruption
4778,2025-07-18,3,3,103,6295,3448,7,26429,17143.5,Post-Disruption
4779,2025-05-21,1,1,102,8429,2609,5,16281,21945.5,Post-Disruption
4780,2023-12-11,2,2,103,11830,4255,14,60291,31459.0,During-Disruption
4781,2023-02-14,2,1,101,11711,4475,14,49185,30748.5,Pre-Disruption
4782,2023-01-21,1,4,101,8415,2410,6,15740,22036.5,Pre-Disruption
4783,2025-12-29,3,3,104,6216,3304,7,38105,16269.0,Post-Disruption
4784,2025-05-22,1,4,104,8548,2803,4,19555,23165.0,Post-Disruption
4785,2023-02-17,1,2,101,8508,2730,7,34470,22806.0,Pre-Disruption
4786,2024-07-04,3,2,102,6335,3511,9,48238,17782.5,During-Disruption
4787,2023-10-14,1,2,104,8404,2594,6,38411,21908.0,Pre-Disruption
4788,2025-09-28,2,1,101,11879,4658,15,57961,31238.5,Post-Disruption
4789,2025-10-30,3,1,101,6100,3480,9,44500,17173.0,Post-Disruption
4790,2024-06-25,4,2,104,1407,1729,2,42294,4185.5,During-Disruption
4791,2025-01-25,3,4,101,6243,2924,7,75660,17180.5,Post-Disruption
4792,2023-10-01,1,2,101,8542,2826,7,65341,21960.0,Pre-Disruption
4793,2025-08-13,2,4,101,11974,4089,12,69940,31566.0,Post-Disruption
4794,2024-08-22,1,4,101,8552,2472,6,24421,22076.0,During-Disruption
4795,2024-01-16,1,2,104,8686,2540,7,32528,23457.0,During-Disruption
4796,2024-04-23,1,1,102,8529,2411,7,79999,22973.5,During-Disruption
4797,2023-01-15,1,2,101,8520,2822,6,26800,21840.0,Pre-Disruption
4798,2024-05-30,3,1,103,6158,3247,7,84275,17288.0,During-Disruption
4799,2023-07-10,1,1,102,8616,2787,6,43258,22578.0,Pre-Disruption
4800,2024-09-12,2,1,103,11730,4295,12,84469,30523.0,During-Disruption
4801,2023-06-03,2,4,103,11943,4389,15,28530,31701.5,Pre-Disruption
4802,2023-09-29,2,1,101,11839,4087,15,55135,30479.5,Pre-Disruption
4803,2023-05-23,4,2,104,1612,2026,4,23047,4671.0,Pre-Disruption
4804,2025-12-28,1,3,103,8428,2369,6,68120,22500.0,Post-Disruption
4805,2023-09-04,2,2,103,11863,4146,12,28164,30435.5,Pre-Disruption
4806,2025-02-26,2,2,103,11803,4239,15,32259,30028.5,Post-Disruption
4807,2023-03-20,1,3,101,8462,2254,5,23184,22088.0,Pre-Disruption
4808,2024-09-14,2,1,101,11714,4603,12,16564,29809.0,During-Disruption
4809,2024-06-08,3,1,104,6385,3568,6,59093,16643.5,During-Disruption
4810,2025-02-10,1,4,101,8578,2719,4,78885,22633.0,Post-Disruption
4811,2025-07-26,1,1,102,8410,2498,4,28611,22889.0,Post-Disruption
4812,2024-09-08,1,2,104,8412,2809,5,42819,21632.0,During-Disruption
4813,2025-10-28,3,2,101,6314,3461,6,47922,17183.0,Post-Disruption
4814,2023-03-08,3,1,101,6325,2903,7,16115,16976.5,Pre-Disruption
4815,2023-07-10,2,4,103,11762,4363,14,40755,30399.0,Pre-Disruption
4816,2025-02-06,2,3,101,11954,4291,14,27287,30708.0,Post-Disruption
4817,2024-06-04,3,1,103,6229,3288,8,55126,16854.5,During-Disruption
4818,2025-09-16,3,4,101,6362,3370,8,28862,17055.0,Post-Disruption
4819,2023-09-24,3,3,101,6270,3430,7,52971,16266.0,Pre-Disruption
4820,2024-04-29,3,1,101,6289,3325,9,44550,16736.5,During-Disruption
4821,2024-01-11,2,2,101,11983,4398,13,45107,30581.5,During-Disruption
4822,2024-10-14,2,1,101,11724,4303,14,40994,30821.0,During-Disruption
4823,2024-07-02,3,2,104,6259,3003,9,29548,17024.5,During-Disruption
4824,2023-03-14,4,1,101,1616,1930,4,60276,5232.0,Pre-Disruption
4825,2023-11-04,1,2,101,8575,2563,7,33466,22201.5,During-Disruption
4826,2023-07-18,1,2,103,8620,2565,7,19921,22384.0,Pre-Disruption
4827,2024-07-25,4,4,102,1679,1681,1,74126,4800.5,During-Disruption
4828,2025-03-01,1,3,102,8480,2766,6,51061,22139.0,Post-Disruption
4829,2023-06-28,3,1,104,6224,3575,8,37101,16417.0,Pre-Disruption
4830,2023-07-16,1,4,101,8569,2284,6,82159,23275.5,Pre-Disruption
4831,2025-01-04,1,2,102,8469,2418,5,47697,22291.5,Post-Disruption
4832,2023-03-30,1,2,103,8477,2567,6,40229,23104.5,Pre-Disruption
4833,2025-03-09,1,1,103,8489,2441,6,35736,23087.5,Post-Disruption
4834,2025-02-26,1,4,104,8510,2361,6,83086,22641.0,Post-Disruption
4835,2025-01-17,2,4,103,11863,4178,13,58377,30417.5,Post-Disruption
4836,2023-07-28,3,3,102,6227,2991,8,16292,16462.5,Pre-Disruption
4837,2024-05-07,4,4,102,1554,2099,3,44858,4981.0,During-Disruption
4838,2024-10-26,2,1,102,11893,4649,12,23071,30641.5,During-Disruption
4839,2025-11-02,2,4,101,11872,4505,14,72626,31588.0,Post-Disruption
4840,2025-05-20,2,1,103,11999,4623,15,84265,30634.5,Post-Disruption
4841,2025-01-01,2,1,103,11720,4168,13,24272,31078.0,Post-Disruption
4842,2024-11-28,2,2,101,11808,4386,15,60435,30441.0,During-Disruption
4843,2024-08-16,1,2,102,8528,2520,4,19977,21971.0,During-Disruption
4844,2025-06-04,1,1,103,8679,2300,6,46752,23336.5,Post-Disruption
4845,2025-05-01,1,1,102,8426,2495,5,69074,22299.0,Post-Disruption
4846,2023-11-21,1,1,101,8491,2392,4,84314,21773.5,During-Disruption
4847,2025-09-05,3,1,102,6394,3360,7,41104,17766.0,Post-Disruption
4848,2025-08-13,1,1,104,8454,2485,7,84909,23031.0,Post-Disruption
4849,2025-06-12,3,1,101,6295,3115,6,36937,17640.5,Post-Disruption
4850,2023-05-24,4,1,102,1620,2055,2,66606,5731.0,Pre-Disruption
4851,2024-01-19,4,4,101,1555,1827,4,33310,5563.5,During-Disruption
4852,2023-08-04,4,3,103,1500,1960,1,32128,4618.0,Pre-Disruption
4853,2023-11-20,1,1,104,8635,2242,6,76988,22276.5,During-Disruption
4854,2025-11-04,2,4,101,11984,4180,14,67035,31225.0,Post-Disruption
4855,2023-08-05,1,2,102,8468,2710,7,82784,22950.0,Pre-Disruption
4856,2025-08-08,3,1,103,6366,3361,8,45149,17283.0,Post-Disruption
4857,2023-07-02,3,1,102,6237,3185,8,27796,17591.5,Pre-Disruption
4858,2023-09-27,3,1,102,6347,3196,6,23553,17581.5,Pre-Disruption
4859,2025-08-02,2,1,101,11802,4555,12,35642,31215.0,Post-Disruption
4860,2025-05-19,3,1,101,6207,2936,6,16158,17350.5,Post-Disruption
4861,2024-04-11,1,2,102,8599,2282,4,60899,22961.5,During-Disruption
4862,2023-11-01,1,2,101,8614,2456,4,44179,22473.0,During-Disruption
4863,2023-04-21,3,3,102,6254,3116,6,46204,17456.0,Pre-Disruption
4864,2025-10-10,2,1,101,11786,4521,14,32328,30951.0,Post-Disruption
4865,2023-08-20,4,3,104,1608,1625,1,52881,5340.0,Pre-Disruption
4866,2024-08-17,1,2,101,8577,2450,5,19803,22175.5,During-Disruption
4867,2023-06-22,3,4,102,6173,3114,7,45603,17020.5,Pre-Disruption
4868,2025-08-30,2,1,103,11957,4656,15,67089,30505.5,Post-Disruption
4869,2025-10-27,3,4,101,6372,3219,7,77263,17652.0,Post-Disruption
4870,2024-06-29,3,3,104,6123,3310,6,30456,15857.5,During-Disruption
4871,2024-07-01,4,2,104,1470,2058,3,73381,5416.0,During-Disruption
4872,2024-06-01,1,2,104,8482,2523,5,43547,22078.0,During-Disruption
4873,2025-07-02,4,1,104,1691,2129,1,79165,5766.5,Post-Disruption
4874,2023-08-03,1,4,102,8409,2538,4,59755,22982.5,Pre-Disruption
4875,2023-05-14,1,1,104,8442,2427,6,38681,21794.0,Pre-Disruption
4876,2023-10-12,2,2,103,11750,4235,12,64155,29911.0,Pre-Disruption
4877,2024-11-16,3,1,101,6306,3265,6,19754,16709.0,During-Disruption
4878,2023-11-27,2,1,104,11806,4433,13,27477,30711.0,During-Disruption
4879,2025-06-12,3,2,101,6358,3348,7,26944,16567.0,Post-Disruption
4880,2025-06-17,3,4,102,6293,3406,9,78615,17587.5,Post-Disruption
4881,2023-03-19,1,1,101,8634,2475,7,26867,23196.0,Pre-Disruption
4882,2025-08-04,4,4,102,1562,2232,2,49380,5042.0,Post-Disruption
4883,2024-11-18,1,2,102,8468,2261,5,76517,22947.0,During-Disruption
4884,2023-01-21,3,1,101,6391,3230,9,19529,16862.5,Pre-Disruption
4885,2024-07-19,1,1,104,8656,2386,7,39787,22618.0,During-Disruption
4886,2025-04-06,2,3,103,11884,4536,13,50008,31014.0,Post-Disruption
4887,2023-06-28,2,1,101,11954,4504,12,61667,31334.0,Pre-Disruption
4888,2025-12-18,1,1,103,8515,2807,4,84858,22071.5,Post-Disruption
4889,2025-06-23,1,1,101,8413,2520,6,22153,22279.5,Post-Disruption
4890,2024-10-30,1,1,103,8614,2392,5,43857,22240.0,During-Disruption
4891,2023-07-10,1,3,101,8492,2453,5,26478,22104.0,Pre-Disruption
4892,2024-12-08,1,1,103,8633,2778,5,50324,23017.5,During-Disruption
4893,2025-11-24,2,1,103,11879,4313,13,47152,30309.5,Post-Disruption
4894,2024-01-14,3,1,101,6153,3451,7,22795,16660.5,During-Disruption
4895,2024-01-22,2,1,101,11729,4223,15,50155,30775.5,During-Disruption
4896,2023-08-25,3,1,102,6111,3330,9,33750,17024.5,Pre-Disruption
4897,2024-09-07,2,2,103,11810,4355,12,25478,30300.0,During-Disruption
4898,2023-10-10,2,2,101,11811,4426,12,25749,30441.5,Pre-Disruption
4899,2023-01-01,2,1,104,11868,4391,13,64946,31582.0,Pre-Disruption
4900,2024-04-08,2,1,104,11803,4221,15,58461,30358.5,During-Disruption
4901,2025-08-24,2,1,102,11710,4102,12,18781,30848.0,Post-Disruption
4902,2023-06-21,1,1,104,8671,2517,5,70144,23081.5,Pre-Disruption
4903,2025-04-22,3,2,101,6113,3573,8,41233,16846.5,Post-Disruption
4904,2024-11-20,3,1,103,6274,3436,7,67857,16877.0,During-Disruption
4905,2024-07-28,1,1,101,8557,2865,6,27529,22759.5,During-Disruption
4906,2023-06-14,3,3,104,6209,3118,8,15075,16198.5,Pre-Disruption
4907,2024-01-18,1,1,104,8551,2637,5,16657,22286.5,During-Disruption
4908,2023-07-28,1,2,101,8633,2368,5,66023,23213.5,Pre-Disruption
4909,2023-08-12,1,2,102,8540,2791,5,29167,21885.0,Pre-Disruption
4910,2023-01-03,3,1,101,6218,2971,7,52637,16451.0,Pre-Disruption
4911,2024-01-07,3,3,102,6108,3474,6,29828,16119.0,During-Disruption
4912,2024-09-02,3,2,104,6276,3355,6,83626,17380.0,During-Disruption
4913,2023-04-26,1,1,103,8448,2274,6,53616,21934.0,Pre-Disruption
4914,2024-03-22,2,2,103,11997,4262,13,66416,30770.5,During-Disruption
4915,2024-02-19,3,3,101,6248,3368,6,16523,17058.0,During-Disruption
4916,2025-06-10,1,4,102,8556,2809,4,23190,22501.0,Post-Disruption
4917,2025-11-13,2,2,104,11791,4596,15,84032,30769.5,Post-Disruption
4918,2024-10-24,1,4,103,8551,2860,7,69964,22216.5,During-Disruption
4919,2025-12-09,1,1,101,8569,2717,4,76850,23005.5,Post-Disruption
4920,2024-12-18,2,2,101,11783,4620,14,66079,30058.5,During-Disruption
4921,2025-11-16,2,1,104,11747,4198,12,29440,30027.5,Post-Disruption
4922,2023-09-28,1,1,104,8616,2537,5,69698,23037.0,Pre-Disruption
4923,2024-07-15,1,2,101,8476,2237,4,29966,22504.0,During-Disruption
4924,2025-03-14,1,3,101,8442,2518,7,21045,22149.0,Post-Disruption
4925,2023-09-04,1,1,101,8663,2839,7,77797,23474.5,Pre-Disruption
4926,2024-01-22,1,2,102,8462,2339,5,70139,22830.0,During-Disruption
4927,2024-12-02,1,1,104,8644,2447,4,82159,23590.0,During-Disruption
4928,2024-07-12,2,1,101,11819,4658,13,31636,31421.5,During-Disruption
4929,2025-08-30,2,1,104,11961,4426,14,74614,31271.5,Post-Disruption
4930,2025-09-10,3,1,101,6349,3094,9,62329,17188.5,Post-Disruption
4931,2023-12-18,3,1,101,6151,3114,6,54250,16342.5,During-Disruption
4932,2025-01-22,1,2,101,8676,2844,4,31751,23271.0,Post-Disruption
4933,2025-02-19,1,1,104,8541,2740,6,28803,22735.5,Post-Disruption
4934,2025-10-21,3,1,101,6350,3509,8,57530,16727.0,Post-Disruption
4935,2024-06-29,1,2,101,8624,2588,7,17030,23014.0,During-Disruption
4936,2023-03-20,1,2,104,8552,2628,6,75414,23047.0,Pre-Disruption
4937,2023-11-30,1,1,101,8455,2893,7,47040,22625.5,During-Disruption
4938,2025-06-07,2,1,103,11708,4151,15,28945,30425.0,Post-Disruption
4939,2024-05-16,2,1,103,11940,4102,13,25638,31790.0,During-Disruption
4940,2025-02-03,4,3,101,1563,2004,2,79467,5725.5,Post-Disruption
4941,2025-07-09,3,4,102,6232,3187,9,76983,16637.0,Post-Disruption
4942,2024-07-03,2,3,104,11780,4132,12,22558,30371.0,During-Disruption
4943,2023-01-14,1,1,101,8534,2645,5,43537,23009.0,Pre-Disruption
4944,2024-01-27,1,2,104,8533,2601,4,25037,21857.5,During-Disruption
4945,2023-11-06,1,1,102,8451,2234,6,36007,22219.5,During-Disruption
4946,2024-01-21,1,1,102,8601,2791,4,67489,22622.5,During-Disruption
4947,2025-08-31,1,1,104,8597,2543,6,50064,22271.5,Post-Disruption
4948,2023-12-06,1,3,102,8505,2683,7,25423,22400.5,During-Disruption
4949,2024-08-19,1,2,102,8643,2844,7,80010,22725.5,During-Disruption
4950,2025-01-26,1,2,104,8632,2720,7,39229,23273.0,Post-Disruption
4951,2025-11-11,4,2,102,1413,1987,3,39628,5181.5,Post-Disruption
4952,2023-10-18,2,1,103,11924,4544,12,57529,30848.0,Pre-Disruption
4953,2023-11-02,4,1,101,1610,2298,2,59884,4654.0,During-Disruption
4954,2024-09-25,1,2,103,8600,2210,5,20204,23159.0,During-Disruption
4955,2024-09-16,2,2,103,11864,4580,12,49176,31006.0,During-Disruption
4956,2025-07-27,1,3,101,8448,2337,5,71009,22000.0,Post-Disruption
4957,2025-04-27,1,1,103,8532,2330,6,64722,22510.0,Post-Disruption
4958,2024-03-17,1,3,101,8469,2598,6,65200,21812.5,During-Disruption
4959,2024-05-17,4,1,101,1518,1850,2,18074,4385.0,During-Disruption
4960,2023-05-10,4,2,104,1538,2234,2,48621,5006.0,Pre-Disruption
4961,2024-08-19,1,1,101,8642,2565,6,25853,22151.0,During-Disruption
4962,2025-05-11,1,4,101,8580,2620,4,84825,22252.0,Post-Disruption
4963,2024-08-15,2,1,102,11882,4423,13,69998,30781.0,During-Disruption
4964,2025-09-25,1,2,102,8449,2361,5,47376,21818.5,Post-Disruption
4965,2023-11-21,1,2,103,8580,2294,7,71167,22362.0,During-Disruption
4966,2025-12-28,1,1,101,8524,2361,7,70127,22144.0,Post-Disruption
4967,2024-03-23,2,1,101,11930,4360,12,46711,31722.0,During-Disruption
4968,2025-03-29,1,3,104,8402,2428,6,20496,22302.0,Post-Disruption
4969,2024-12-09,1,1,101,8572,2315,4,22920,22691.0,During-Disruption
4970,2023-09-22,1,1,104,8480,2420,4,67314,22001.0,Pre-Disruption
4971,2024-09-03,2,4,101,11974,4462,12,17700,31720.0,During-Disruption
4972,2025-04-11,4,3,102,1618,2280,2,32958,5108.0,Post-Disruption
4973,2024-11-04,1,1,102,8539,2514,6,30388,22875.5,During-Disruption
4974,2023-06-06,3,2,102,6162,3229,8,22192,16630.0,Pre-Disruption
4975,2023-09-08,3,2,103,6126,3556,7,44970,17242.0,Pre-Disruption
4976,2025-05-27,4,3,101,1595,1885,1,20568,5165.5,Post-Disruption
4977,2024-06-13,3,3,102,6251,3081,9,16551,16156.5,During-Disruption
4978,2023-11-23,2,3,104,11951,4455,13,52447,31097.5,During-Disruption
4979,2025-08-18,3,1,102,6347,3174,6,43870,17001.5,Post-Disruption
4980,2025-06-13,1,2,101,8553,2236,4,67953,22032.5,Post-Disruption
4981,2023-04-07,2,1,102,11909,4442,12,27984,31655.5,Pre-Disruption
4982,2024-05-27,4,1,101,1421,1635,1,59204,5007.5,During-Disruption
4983,2023-08-04,3,3,101,6169,2967,9,56395,16805.5,Pre-Disruption
4984,2023-05-05,4,1,102,1418,2009,4,32851,5081.0,Pre-Disruption
4985,2023-02-28,3,2,104,6200,3259,7,34748,16109.0,Pre-Disruption
4986,2023-06-10,3,3,103,6261,3020,6,82070,17213.5,Pre-Disruption
4987,2023-10-11,3,1,101,6238,3566,7,21484,16901.0,Pre-Disruption
4988,2023-04-16,3,1,103,6187,3455,6,24213,17349.5,Pre-Disruption
4989,2023-08-16,2,3,102,11736,4481,15,35202,31315.0,Pre-Disruption
4990,2023-11-14,4,4,101,1570,1888,2,70282,4827.0,During-Disruption
4991,2025-03-12,3,3,101,6359,2989,8,35925,17088.5,Post-Disruption
4992,2025-05-23,3,2,102,6370,3111,7,77372,16849.0,Post-Disruption
4993,2024-04-16,2,1,103,11954,4574,14,84366,30506.0,During-Disruption
4994,2025-12-15,1,1,104,8539,2271,5,72203,21938.5,Post-Disruption
4995,2024-09-16,1,2,102,8467,2489,7,81045,21693.5,During-Disruption
4996,2023-01-13,4,1,102,1467,1966,3,60842,5085.5,Pre-Disruption
4997,2025-11-07,2,4,104,11868,4026,15,67901,31576.0,Post-Disruption
4998,2024-11-24,1,1,104,8504,2619,5,42257,21778.0,During-Disruption
4999,2025-08-30,1,2,104,8457,2561,7,71270,21977.5,Post-Disruption
5000,2023-04-23,3,3,104,6286,3464,6,32824,17657.0,Pre-Disruption
5001,2023-08-17,3,3,102,6155,3354,8,36849,16275.5,Pre-Disruption
5002,2023-06-20,3,2,104,6103,3511,6,22581,15849.5,Pre-Disruption
5003,2023-10-22,2,4,103,11984,4471,14,41749,30721.0,Pre-Disruption
5004,2023-07-08,1,4,104,8416,2790,7,63970,21580.0,Pre-Disruption
5005,2024-03-01,1,4,101,8636,2568,7,15448,23541.0,During-Disruption
5006,2025-09-03,1,3,101,8649,2525,4,44837,22873.5,Post-Disruption
5007,2024-10-19,3,3,104,6123,3309,6,32017,15854.5,During-Disruption
5008,2025-07-07,1,2,102,8699,2801,5,20886,23691.5,Post-Disruption
5009,2024-05-13,2,1,102,11815,4502,12,77480,30641.5,During-Disruption
5010,2025-01-31,2,1,103,11937,4024,14,40290,31549.5,Post-Disruption
5011,2025-05-15,2,1,102,11868,4160,14,36993,30425.0,Post-Disruption
5012,2025-04-05,4,1,103,1687,1794,3,53414,5261.5,Post-Disruption
5013,2023-03-12,1,1,103,8640,2620,5,38499,22318.0,Pre-Disruption
5014,2023-09-05,3,1,103,6397,3577,7,81453,17934.5,Pre-Disruption
5015,2023-05-26,1,4,104,8689,2212,6,28498,22323.5,Pre-Disruption
5016,2024-08-04,1,3,102,8650,2606,4,21937,23516.0,During-Disruption
5017,2024-04-14,2,1,101,11864,4354,15,61694,31061.0,During-Disruption
5018,2023-07-12,1,1,103,8540,2445,5,77698,22151.0,Pre-Disruption
5019,2025-12-27,3,3,101,6219,2987,6,66184,17060.5,Post-Disruption
5020,2024-05-08,2,3,103,11860,4438,13,47054,31209.0,During-Disruption
5021,2023-02-21,1,4,102,8504,2620,5,28503,22187.0,Pre-Disruption
5022,2025-05-31,1,4,104,8491,2851,7,15002,21861.5,Post-Disruption
5023,2023-12-29,2,4,103,11903,4255,13,20277,31565.5,During-Disruption
5024,2025-07-05,3,1,103,6139,3175,7,53073,16423.5,Post-Disruption
5025,2024-04-18,2,1,101,11753,4657,15,63268,30197.5,During-Disruption
5026,2024-06-04,2,3,104,11788,4006,14,41567,30337.0,During-Disruption
5027,2024-11-21,3,1,102,6234,3399,7,57886,17399.0,During-Disruption
5028,2024-06-15,2,3,103,11701,4245,13,84682,29990.5,During-Disruption
5029,2025-04-19,1,2,102,8496,2545,6,18762,22436.0,Post-Disruption
5030,2025-12-24,2,3,104,11755,4203,14,75171,29915.5,Post-Disruption
5031,2023-08-29,2,1,101,11823,4481,14,33856,30261.5,Pre-Disruption
5032,2024-06-19,3,2,104,6284,3379,8,77838,16441.0,During-Disruption
5033,2023-03-24,2,2,104,11824,4093,12,39176,30967.0,Pre-Disruption
5034,2025-09-08,4,4,104,1663,1909,3,63334,5511.5,Post-Disruption
5035,2025-08-08,1,1,104,8590,2719,6,46262,22596.0,Post-Disruption
5036,2024-09-02,4,4,102,1614,2029,3,82338,5126.0,During-Disruption
5037,2024-07-27,2,3,102,11920,4169,12,23355,30635.0,During-Disruption
5038,2023-10-13,2,3,101,11898,4118,15,74000,30634.0,Pre-Disruption
5039,2025-09-15,1,3,103,8573,2839,6,58141,21983.5,Post-Disruption
5040,2024-04-03,1,2,103,8616,2262,4,40210,23434.0,During-Disruption
5041,2023-05-06,3,1,104,6305,3016,7,63217,16798.5,Pre-Disruption
5042,2024-02-29,3,1,104,6166,3008,9,41695,16082.0,During-Disruption
5043,2024-07-07,1,4,102,8573,2692,4,25598,22863.5,During-Disruption
5044,2024-09-01,2,3,103,11777,4599,14,29365,30897.5,During-Disruption
5045,2023-04-22,1,1,101,8441,2616,7,48486,21952.5,Pre-Disruption
5046,2024-02-06,4,2,104,1463,1924,1,46909,4671.5,During-Disruption
5047,2023-05-02,3,1,102,6298,3139,6,34847,16897.0,Pre-Disruption
5048,2023-09-30,1,1,104,8489,2715,4,36000,23069.5,Pre-Disruption
5049,2024-02-02,3,2,104,6106,3517,6,28588,16927.0,During-Disruption
5050,2024-04-15,4,1,102,1662,2218,1,64988,5086.0,During-Disruption
5051,2025-09-11,1,1,103,8521,2451,4,25488,22776.5,Post-Disruption
5052,2024-07-22,3,1,103,6263,3085,6,22759,16984.5,During-Disruption
5053,2025-06-15,2,2,104,11815,4412,12,81577,30038.5,Post-Disruption
5054,2025-03-30,2,1,103,11712,4503,13,71779,31138.0,Post-Disruption
5055,2025-05-02,1,1,102,8419,2732,5,29204,22512.5,Post-Disruption
5056,2024-12-10,1,1,103,8600,2353,6,70518,22546.0,During-Disruption
5057,2023-11-17,2,1,104,11953,4223,14,35567,31200.5,During-Disruption
5058,2023-06-28,1,1,104,8485,2797,6,26695,21819.5,Pre-Disruption
5059,2025-06-15,3,1,102,6279,3452,8,73308,16821.5,Post-Disruption
5060,2023-08-07,1,1,104,8636,2617,6,33305,22145.0,Pre-Disruption
5061,2025-02-27,2,3,103,11760,4484,14,83405,29939.0,Post-Disruption
5062,2024-05-06,3,1,102,6314,3583,7,76737,16789.0,During-Disruption
5063,2023-03-02,2,1,104,11914,4671,13,40250,31257.0,Pre-Disruption
5064,2025-12-13,2,1,102,11789,4159,13,63741,30670.5,Post-Disruption
5065,2024-06-21,4,1,102,1495,1650,1,17236,4248.5,During-Disruption
5066,2025-04-27,3,3,103,6160,3529,6,19923,16134.0,Post-Disruption
5067,2025-09-14,1,1,103,8455,2479,6,62090,22957.5,Post-Disruption
5068,2023-03-06,2,1,101,11919,4171,15,68371,31212.5,Pre-Disruption
5069,2024-08-08,4,1,102,1493,1931,2,49781,4655.5,During-Disruption
5070,2023-06-20,1,2,103,8439,2795,7,17352,21871.5,Pre-Disruption
5071,2024-06-18,1,1,104,8647,2492,6,33243,23313.5,During-Disruption
5072,2024-11-23,1,2,101,8616,2265,5,33434,22642.0,During-Disruption
5073,2023-04-18,1,1,101,8553,2469,7,17043,22934.5,Pre-Disruption
5074,2025-03-24,3,1,104,6161,3243,7,36058,16432.5,Post-Disruption
5075,2025-10-01,3,2,103,6339,3170,9,17728,17554.5,Post-Disruption
5076,2024-03-27,4,3,102,1589,1660,3,69833,5113.5,During-Disruption
5077,2024-08-12,3,2,101,6245,3588,8,47382,16535.5,During-Disruption
5078,2025-11-05,1,1,104,8409,2828,4,76636,21970.5,Post-Disruption
5079,2023-11-23,1,2,104,8691,2335,7,31825,23328.5,During-Disruption
5080,2024-08-30,4,1,104,1529,1858,2,62109,4841.5,During-Disruption
5081,2024-10-20,1,3,104,8459,2455,7,75694,22697.5,During-Disruption
5082,2023-01-02,1,2,101,8574,2530,4,46404,22860.0,Pre-Disruption
5083,2025-10-30,4,1,102,1472,1992,1,73302,4844.0,Post-Disruption
5084,2024-03-09,2,2,103,11938,4543,12,73382,30905.0,During-Disruption
5085,2023-05-05,1,2,104,8578,2453,4,64242,22812.0,Pre-Disruption
5086,2024-04-29,3,1,104,6166,3166,7,66916,16528.0,During-Disruption
5087,2024-10-13,4,4,102,1480,1606,2,70030,5544.0,During-Disruption
5088,2025-03-10,1,3,102,8476,2638,4,72191,23000.0,Post-Disruption
5089,2025-05-22,3,1,103,6347,3450,7,37431,17617.5,Post-Disruption
5090,2023-05-09,1,4,101,8594,2203,4,18812,22300.0,Pre-Disruption
5091,2024-03-13,2,1,102,11767,4541,14,23376,31153.5,During-Disruption
5092,2025-01-20,4,3,101,1455,2277,1,72359,4209.5,Post-Disruption
5093,2024-05-15,4,3,101,1498,1906,3,18152,5297.0,During-Disruption
5094,2025-12-17,1,2,104,8669,2661,4,51442,23395.5,Post-Disruption
5095,2023-07-30,1,1,101,8475,2747,4,37153,23054.5,Pre-Disruption
5096,2025-06-20,1,4,104,8465,2550,5,37592,22811.5,Post-Disruption
5097,2023-02-14,2,1,104,11732,4498,14,52148,30957.0,Pre-Disruption
5098,2024-06-18,1,1,103,8668,2410,5,78155,22812.0,During-Disruption
5099,2024-04-05,2,1,101,11729,4112,12,73783,30940.5,During-Disruption
5100,2024-01-26,1,4,102,8425,2316,6,60028,21720.5,During-Disruption
5101,2025-12-03,2,4,102,11909,4315,12,16898,30963.5,Post-Disruption
5102,2023-01-27,1,1,102,8668,2762,6,67896,22305.0,Pre-Disruption
5103,2025-03-04,3,4,103,6222,3332,9,24685,16289.0,Post-Disruption
5104,2025-09-01,1,1,104,8432,2214,6,37794,22342.0,Post-Disruption
5105,2024-07-01,1,4,104,8542,2400,7,28023,22136.0,During-Disruption
5106,2024-09-12,3,2,102,6244,3246,6,37215,16508.0,During-Disruption
5107,2024-07-20,3,1,104,6361,3023,6,54202,16862.5,During-Disruption
5108,2024-12-04,1,1,104,8404,2355,5,22787,21693.0,During-Disruption
5109,2023-07-04,1,1,103,8560,2608,7,69748,22497.0,Pre-Disruption
5110,2025-12-28,3,1,101,6243,3107,7,46891,16228.5,Post-Disruption
5111,2025-04-27,1,3,101,8551,2665,7,37008,22194.5,Post-Disruption
5112,2024-08-21,3,1,103,6104,3063,6,71119,15900.0,During-Disruption
5113,2025-03-16,2,4,103,11894,4276,13,84470,30792.0,Post-Disruption
5114,2023-03-20,1,2,104,8524,2593,7,16437,23015.0,Pre-Disruption
5115,2024-08-01,2,2,103,11775,4049,13,63326,30713.5,During-Disruption
5116,2024-02-17,3,1,104,6268,3501,6,66477,16513.0,During-Disruption
5117,2024-06-29,4,4,101,1616,1743,4,33435,5822.0,During-Disruption
5118,2023-06-18,1,2,103,8582,2365,6,47918,22873.0,Pre-Disruption
5119,2024-11-11,2,4,104,11812,4066,15,58013,30041.0,During-Disruption
5120,2024-08-05,1,4,101,8675,2219,4,39434,22739.5,During-Disruption
5121,2024-05-29,2,1,101,11877,4622,15,26716,30619.5,During-Disruption
5122,2023-02-01,3,1,102,6224,2968,7,74327,16582.0,Pre-Disruption
5123,2023-10-14,1,3,101,8690,2653,4,55262,22883.0,Pre-Disruption
5124,2024-08-16,4,4,103,1598,1624,1,19000,4937.0,During-Disruption
5125,2025-12-02,2,2,103,11837,4309,14,24113,30164.5,Post-Disruption
5126,2024-09-08,4,1,104,1617,1611,3,80620,5730.5,During-Disruption
5127,2025-10-21,3,2,103,6396,3476,7,23609,17651.0,Post-Disruption
5128,2023-09-27,1,1,101,8567,2893,5,27441,23269.5,Pre-Disruption
5129,2024-06-01,1,1,104,8533,2433,7,25953,22888.5,During-Disruption
5130,2025-10-30,1,1,101,8560,2332,5,73049,22047.0,Post-Disruption
5131,2024-08-05,1,1,102,8671,2897,5,63659,22507.5,During-Disruption
5132,2023-08-14,2,1,104,11979,4590,13,23564,30795.5,Pre-Disruption
5133,2024-10-31,2,4,102,11947,4643,15,65246,31003.5,During-Disruption
5134,2025-07-05,4,3,104,1621,1874,1,73247,5187.5,Post-Disruption
5135,2023-05-06,2,4,103,11871,4612,12,29393,31469.5,Pre-Disruption
5136,2025-08-13,3,3,101,6358,3051,9,19864,17542.0,Post-Disruption
5137,2023-03-15,4,1,104,1655,2051,2,68468,5384.5,Pre-Disruption
5138,2023-02-25,3,3,103,6267,3115,8,65334,16997.5,Pre-Disruption
5139,2024-12-20,1,4,103,8519,2858,7,31007,22450.5,During-Disruption
5140,2024-07-06,2,4,103,11718,4309,14,41329,29848.0,During-Disruption
5141,2023-02-01,1,2,102,8695,2432,5,58709,22662.5,Pre-Disruption
5142,2024-07-27,1,1,103,8646,2692,4,68641,23048.0,During-Disruption
5143,2024-10-28,1,1,104,8604,2348,6,77717,22092.0,During-Disruption
5144,2023-10-11,3,1,102,6166,3236,8,25588,16532.0,Pre-Disruption
5145,2023-07-06,2,4,101,11884,4455,14,56281,30582.0,Pre-Disruption
5146,2024-05-12,2,1,103,11807,4478,14,48971,30856.5,During-Disruption
5147,2023-05-10,4,4,104,1564,2106,1,31194,5259.0,Pre-Disruption
5148,2024-09-30,1,1,104,8520,2474,4,35055,23049.0,During-Disruption
5149,2023-04-24,2,2,102,11783,4180,14,45058,30248.5,Pre-Disruption
5150,2023-01-13,3,1,101,6360,3333,9,47047,17432.0,Pre-Disruption
5151,2024-03-19,1,1,102,8506,2350,4,22549,22484.0,During-Disruption
5152,2024-03-22,2,1,103,11822,4470,12,39397,30827.0,During-Disruption
5153,2025-09-12,1,2,101,8472,2403,5,31509,22334.0,Post-Disruption
5154,2025-09-19,3,1,101,6253,3491,7,69253,17051.5,Post-Disruption
5155,2024-12-15,1,3,101,8688,2663,7,58381,22730.0,During-Disruption
5156,2023-03-15,1,1,102,8496,2526,7,44875,22827.0,Pre-Disruption
5157,2024-06-20,2,3,104,11991,4148,13,79042,30971.5,During-Disruption
5158,2023-04-11,1,1,102,8677,2476,5,58722,23195.5,Pre-Disruption
5159,2023-06-25,1,2,104,8653,2234,6,35074,23203.5,Pre-Disruption
5160,2024-03-02,2,1,102,11781,4215,13,67311,30890.5,During-Disruption
5161,2023-02-10,1,3,104,8416,2200,7,70294,22730.0,Pre-Disruption
5162,2024-03-04,2,1,104,11999,4467,15,18597,30838.5,During-Disruption
5163,2023-12-10,2,2,101,11879,4603,13,67466,31590.5,During-Disruption
5164,2024-01-01,2,4,104,11915,4465,15,17577,31006.5,During-Disruption
5165,2024-08-31,2,1,103,11721,4450,12,26090,31050.5,During-Disruption
5166,2024-10-18,1,1,103,8635,2802,7,74510,22530.5,During-Disruption
5167,2024-12-28,1,3,104,8610,2269,6,16610,23423.0,During-Disruption
5168,2023-08-17,3,2,104,6385,3543,6,20296,16724.5,Pre-Disruption
5169,2025-04-04,3,1,104,6306,3156,6,36204,16410.0,Post-Disruption
5170,2025-06-07,1,1,104,8654,2291,4,60960,22262.0,Post-Disruption
5171,2025-09-10,2,1,101,11710,4593,13,67015,30548.0,Post-Disruption
5172,2025-04-15,2,1,103,11733,4371,14,35416,30456.5,Post-Disruption
5173,2023-04-27,2,1,101,11820,4098,13,84389,30317.0,Pre-Disruption
5174,2025-03-28,2,3,103,11935,4509,14,25559,31724.5,Post-Disruption
5175,2024-01-03,1,1,104,8582,2764,7,29138,23188.0,During-Disruption
5176,2023-06-17,3,2,103,6177,3491,9,45286,16915.5,Pre-Disruption
5177,2025-08-11,1,4,103,8522,2706,7,62061,23050.0,Post-Disruption
5178,2024-10-22,2,1,102,11975,4342,12,56422,30738.5,During-Disruption
5179,2024-11-25,3,3,102,6307,3145,9,36392,17549.5,During-Disruption
5180,2025-07-13,2,4,104,11885,4471,14,24126,31288.5,Post-Disruption
5181,2023-06-01,1,1,101,8416,2478,4,40819,22625.0,Pre-Disruption
5182,2024-08-08,4,1,102,1689,2109,2,64662,5630.5,During-Disruption
5183,2025-07-01,3,4,104,6353,3330,6,26953,16866.5,Post-Disruption
5184,2023-10-01,3,4,101,6198,3341,7,29698,17421.0,Pre-Disruption
5185,2024-05-10,2,1,102,11846,4260,13,52981,31581.0,During-Disruption
5186,2023-04-11,1,1,103,8513,2454,5,50534,23123.5,Pre-Disruption
5187,2024-07-10,4,1,102,1496,2060,1,56729,4660.0,During-Disruption
5188,2023-03-14,2,1,104,11869,4594,15,15227,30888.5,Pre-Disruption
5189,2025-11-03,3,1,102,6298,3164,7,25586,17667.0,Post-Disruption
5190,2023-06-06,1,2,102,8576,2714,6,48575,23053.0,Pre-Disruption
5191,2025-01-04,1,4,101,8523,2644,6,27263,22388.5,Post-Disruption
5192,2023-05-12,4,1,101,1556,1822,3,80478,5169.0,Pre-Disruption
5193,2025-10-15,2,3,103,11794,4191,14,20516,30329.0,Post-Disruption
5194,2024-07-12,1,1,104,8685,2757,5,57852,22645.5,During-Disruption
5195,2023-04-17,1,1,103,8498,2639,6,64875,22303.0,Pre-Disruption
5196,2023-09-22,2,2,103,11934,4268,12,74665,30862.0,Pre-Disruption
5197,2023-06-04,1,1,102,8589,2240,6,41826,22337.5,Pre-Disruption
5198,2025-09-14,2,1,103,11993,4650,14,51803,31905.5,Post-Disruption
5199,2025-09-23,2,4,101,11972,4040,15,61914,30624.0,Post-Disruption
5200,2023-09-04,3,1,103,6117,3230,6,77661,16805.5,Pre-Disruption
5201,2024-06-14,1,3,104,8573,2374,4,41318,22915.5,During-Disruption
5202,2025-05-07,4,1,103,1519,2032,4,80493,4530.5,Post-Disruption
5203,2024-06-21,1,1,104,8655,2648,6,84697,22735.5,During-Disruption
5204,2024-12-29,2,2,104,11795,4322,13,60263,30050.5,During-Disruption
5205,2023-06-03,1,3,103,8430,2479,4,72621,22052.0,Pre-Disruption
5206,2023-04-02,3,1,103,6196,2993,7,27912,16934.0,Pre-Disruption
5207,2023-12-04,4,2,103,1592,1939,2,80674,5908.0,During-Disruption
5208,2024-03-25,3,4,104,6332,3319,8,77631,17278.0,During-Disruption
5209,2025-03-20,2,3,101,11745,4204,13,73410,30555.5,Post-Disruption
5210,2025-02-25,2,1,102,11990,4567,13,19366,31629.0,Post-Disruption
5211,2023-09-30,3,3,103,6335,3159,7,32449,17797.5,Pre-Disruption
5212,2024-08-10,4,2,102,1448,2279,4,41196,4358.0,During-Disruption
5213,2023-06-26,4,3,103,1561,2282,4,61406,4541.5,Pre-Disruption
5214,2025-04-10,1,1,104,8684,2590,6,36416,22759.0,Post-Disruption
5215,2024-10-04,4,1,104,1533,2248,1,37789,5689.5,During-Disruption
5216,2025-12-08,1,2,102,8656,2477,6,41534,22230.0,Post-Disruption
5217,2024-07-20,1,1,101,8582,2680,4,37224,23124.0,During-Disruption
5218,2024-10-27,1,2,104,8426,2650,5,59003,22239.0,During-Disruption
5219,2025-05-17,1,4,102,8539,2490,4,70376,22186.5,Post-Disruption
5220,2025-12-05,3,4,104,6359,3546,6,68658,17618.5,Post-Disruption
5221,2023-10-29,3,1,103,6179,3004,6,64030,17444.5,Pre-Disruption
5222,2025-05-17,3,1,102,6279,3276,6,79650,16651.5,Post-Disruption
5223,2025-06-30,2,2,102,11966,4189,15,23049,31796.0,Post-Disruption
5224,2024-02-12,2,2,103,11751,4194,13,80012,30720.5,During-Disruption
5225,2025-04-01,3,4,102,6183,3475,6,38654,17253.5,Post-Disruption
5226,2024-07-14,1,2,103,8555,2576,4,47818,21956.5,During-Disruption
5227,2024-04-08,3,1,101,6203,3582,7,39615,16939.5,During-Disruption
5228,2023-05-24,2,2,103,11796,4017,12,37406,30974.0,Pre-Disruption
5229,2024-03-17,2,2,101,11824,4258,14,67120,31092.0,During-Disruption
5230,2024-05-01,2,2,102,11882,4371,12,21366,30912.0,During-Disruption
5231,2025-05-09,3,2,103,6153,3492,8,56477,16908.5,Post-Disruption
5232,2023-05-28,1,1,102,8563,2259,6,71725,22175.5,Pre-Disruption
5233,2025-12-30,1,1,101,8548,2304,6,77279,23245.0,Post-Disruption
5234,2025-03-21,3,1,104,6389,3325,9,25121,17501.5,Post-Disruption
5235,2024-10-27,2,1,104,11786,4260,15,77182,30349.0,During-Disruption
5236,2023-03-31,3,1,104,6261,2945,7,44125,17409.5,Pre-Disruption
5237,2023-07-18,1,3,104,8567,2843,6,35873,22817.5,Pre-Disruption
5238,2024-06-21,1,1,104,8534,2725,7,38846,22816.0,During-Disruption
5239,2023-10-28,3,4,101,6189,3376,8,70865,16067.5,Pre-Disruption
5240,2024-12-24,2,1,104,11780,4266,15,83265,30573.0,During-Disruption
5241,2025-08-20,2,1,104,11930,4533,13,57284,30449.0,Post-Disruption
5242,2023-03-09,1,1,102,8488,2305,5,44723,22272.0,Pre-Disruption
5243,2024-04-03,1,1,103,8692,2716,7,31984,23175.0,During-Disruption
5244,2024-02-02,2,4,103,11701,4692,15,60659,30120.5,During-Disruption
5245,2024-09-11,1,1,103,8621,2595,6,49564,22058.5,During-Disruption
5246,2024-12-30,3,1,103,6116,3048,7,23504,16066.0,During-Disruption
5247,2024-07-09,3,4,101,6295,3179,6,77186,17469.5,During-Disruption
5248,2025-02-19,1,1,103,8519,2724,6,78544,21989.5,Post-Disruption
5249,2025-06-12,2,1,102,11941,4025,15,30769,30511.5,Post-Disruption
5250,2024-09-01,2,1,101,11873,4551,14,77596,30669.5,During-Disruption
5251,2025-01-17,1,1,104,8431,2481,4,68147,22556.5,Post-Disruption
5252,2023-10-09,1,1,102,8674,2683,5,49499,23666.0,Pre-Disruption
5253,2024-10-22,2,1,102,11894,4063,12,80107,30481.0,During-Disruption
5254,2025-07-12,2,3,104,11703,4110,15,52195,29762.5,Post-Disruption
5255,2025-09-22,2,4,104,11980,4087,15,36952,31002.0,Post-Disruption
5256,2025-01-15,2,1,102,11720,4635,15,59475,29832.0,Post-Disruption
5257,2023-03-28,3,1,101,6337,3321,9,31825,17311.5,Pre-Disruption
5258,2025-03-01,3,1,104,6192,3557,9,50816,17283.0,Post-Disruption
5259,2023-10-31,2,2,103,11788,4439,12,15410,30972.0,Pre-Disruption
5260,2023-05-10,3,1,102,6212,3027,7,74604,16784.0,Pre-Disruption
5261,2024-08-18,1,3,102,8620,2493,5,23300,22155.0,During-Disruption
5262,2024-07-11,3,3,104,6197,3048,8,22669,16937.5,During-Disruption
5263,2025-06-17,2,1,104,11841,4326,14,76984,30739.5,Post-Disruption
5264,2023-03-19,3,2,103,6249,3039,8,20868,17212.5,Pre-Disruption
5265,2025-02-22,2,1,103,11747,4121,15,34320,29870.5,Post-Disruption
5266,2024-11-04,1,1,103,8450,2722,5,77916,21678.0,During-Disruption
5267,2023-08-26,2,1,103,11907,4383,15,70934,31631.5,Pre-Disruption
5268,2023-10-05,1,1,102,8410,2482,6,23078,22682.0,Pre-Disruption
5269,2025-11-07,2,2,104,11969,4446,15,16726,31895.5,Post-Disruption
5270,2024-06-07,2,2,101,11962,4193,12,34549,31384.0,During-Disruption
5271,2023-06-29,3,1,104,6296,3492,8,15483,16284.0,Pre-Disruption
5272,2023-05-03,2,4,104,11885,4618,13,65491,31460.5,Pre-Disruption
5273,2025-12-10,2,1,103,11995,4205,13,37585,31338.5,Post-Disruption
5274,2025-12-30,1,1,103,8620,2838,6,15606,22220.0,Post-Disruption
5275,2024-04-24,4,1,102,1480,2145,2,54698,4649.0,During-Disruption
5276,2025-11-08,3,2,103,6321,2963,7,27022,16668.5,Post-Disruption
5277,2023-03-25,3,4,102,6269,2916,8,68370,17074.5,Pre-Disruption
5278,2024-07-18,1,2,104,8485,2634,6,34445,22022.5,During-Disruption
5279,2024-09-10,2,4,104,11743,4104,15,82353,30533.5,During-Disruption
5280,2023-12-23,1,1,104,8660,2639,7,52489,22353.0,During-Disruption
5281,2025-03-26,2,1,102,11803,4619,12,32335,31302.5,Post-Disruption
5282,2024-10-08,1,2,102,8683,2887,5,17806,22457.5,During-Disruption
5283,2024-03-18,2,2,102,11927,4227,14,56835,31411.5,During-Disruption
5284,2025-12-28,2,1,103,11887,4394,12,62121,31586.5,Post-Disruption
5285,2024-06-06,1,4,101,8520,2412,5,41084,22054.0,During-Disruption
5286,2023-05-23,2,1,103,11848,4673,13,80251,30248.0,Pre-Disruption
5287,2023-07-11,3,1,101,6156,3197,6,62347,16403.0,Pre-Disruption
5288,2024-01-13,1,2,103,8588,2624,5,43680,22320.0,During-Disruption
5289,2024-08-03,3,2,104,6137,3300,8,26609,15925.5,During-Disruption
5290,2024-06-18,1,1,102,8600,2723,4,51985,23380.0,During-Disruption
5291,2025-10-29,1,1,103,8628,2779,4,46571,23216.0,Post-Disruption
5292,2023-04-03,1,1,102,8530,2752,7,50655,22657.0,Pre-Disruption
5293,2024-06-12,3,2,103,6270,3297,8,24324,17505.0,During-Disruption
5294,2024-02-09,2,3,104,11734,4259,15,34267,31019.0,During-Disruption
5295,2025-04-19,3,3,102,6300,3025,6,46576,16764.0,Post-Disruption
5296,2025-06-07,2,1,104,11867,4225,14,36022,30633.5,Post-Disruption
5297,2024-02-26,1,4,101,8645,2532,6,82654,22489.5,During-Disruption
5298,2024-04-16,3,3,102,6323,3229,9,32582,16410.5,During-Disruption
5299,2025-06-11,1,1,103,8457,2464,5,71612,22798.5,Post-Disruption
5300,2024-06-30,3,1,102,6389,3070,7,46581,17414.5,During-Disruption
5301,2024-09-22,1,1,101,8424,2200,5,49512,22114.0,During-Disruption
5302,2025-11-03,1,1,101,8431,2440,7,57719,22391.5,Post-Disruption
5303,2025-02-16,3,4,103,6209,3483,7,34474,17274.5,Post-Disruption
5304,2023-12-30,4,3,104,1500,2200,4,26356,4767.0,During-Disruption
5305,2023-04-29,1,4,102,8549,2219,7,40652,23083.5,Pre-Disruption
5306,2024-06-29,3,1,104,6292,3214,7,40597,17673.0,During-Disruption
5307,2024-06-05,1,2,104,8508,2672,7,84022,23167.0,During-Disruption
5308,2024-09-25,3,1,103,6376,3040,9,73915,17923.0,During-Disruption
5309,2025-08-20,2,1,102,11932,4332,14,73499,30847.0,Post-Disruption
5310,2025-08-15,1,2,101,8420,2886,4,52542,21650.0,Post-Disruption
5311,2025-06-01,1,1,103,8651,2249,7,63864,22346.5,Post-Disruption
5312,2025-02-18,1,2,104,8413,2805,4,84419,21669.5,Post-Disruption
5313,2025-05-20,1,2,101,8614,2660,5,51954,22702.0,Post-Disruption
5314,2024-05-30,1,3,104,8423,2879,6,72128,21818.5,During-Disruption
5315,2025-07-26,2,1,102,11719,4390,14,53752,30381.5,Post-Disruption
5316,2025-05-15,4,3,104,1601,1654,4,35261,4781.5,Post-Disruption
5317,2023-04-16,1,4,101,8451,2250,6,84577,22732.5,Pre-Disruption
5318,2023-08-02,2,4,102,11885,4489,12,50520,30535.5,Pre-Disruption
5319,2025-04-29,2,3,103,11906,4331,15,34569,30693.0,Post-Disruption
5320,2023-07-16,4,2,104,1494,1869,3,64570,5632.0,Pre-Disruption
5321,2023-01-19,2,1,102,11965,4361,13,28389,30917.5,Pre-Disruption
5322,2024-10-03,2,3,102,11714,4144,15,55517,30255.0,During-Disruption
5323,2025-11-01,2,3,103,11874,4588,14,55422,31491.0,Post-Disruption
5324,2023-11-26,1,2,103,8618,2328,7,73983,22825.0,During-Disruption
5325,2025-05-15,1,3,101,8409,2574,5,65805,22492.5,Post-Disruption
5326,2025-02-12,2,1,102,11718,4504,15,20785,30381.0,Post-Disruption
5327,2024-01-27,1,1,102,8467,2822,4,63849,21813.5,During-Disruption
5328,2024-09-28,2,2,101,11977,4000,12,54711,30602.5,During-Disruption
5329,2023-11-03,1,1,104,8693,2566,6,19398,22949.5,During-Disruption
5330,2025-06-13,2,1,102,11714,4537,12,82511,31077.0,Post-Disruption
5331,2024-10-13,1,1,102,8513,2827,4,29425,23068.5,During-Disruption
5332,2025-04-20,4,1,104,1699,2094,4,37882,5930.5,Post-Disruption
5333,2025-10-22,3,3,103,6257,3073,9,36433,16698.5,Post-Disruption
5334,2024-06-03,1,2,103,8503,2724,6,24883,22068.5,During-Disruption
5335,2024-09-27,1,1,103,8679,2233,4,36174,22425.5,During-Disruption
5336,2025-01-09,2,1,101,11785,4317,13,77631,31287.5,Post-Disruption
5337,2024-04-13,1,1,104,8493,2784,6,36492,22855.5,During-Disruption
5338,2023-07-31,1,1,103,8573,2762,5,43345,22349.5,Pre-Disruption
5339,2025-10-28,1,1,101,8641,2410,4,80351,23353.5,Post-Disruption
5340,2025-03-14,4,4,104,1661,2152,3,31813,5866.5,Post-Disruption
5341,2024-04-21,3,1,103,6393,3210,7,51681,16551.5,During-Disruption
5342,2025-05-23,2,2,102,11981,4093,14,37188,31214.5,Post-Disruption
5343,2024-04-04,2,4,102,11846,4188,15,51489,30873.0,During-Disruption
5344,2023-09-10,4,4,103,1401,2246,4,49149,4311.5,Pre-Disruption
5345,2025-01-21,4,1,103,1467,2113,2,29127,4999.5,Post-Disruption
5346,2025-09-07,4,2,101,1468,1803,4,16755,4470.0,Post-Disruption
5347,2025-05-03,1,1,102,8446,2690,7,78479,22668.0,Post-Disruption
5348,2023-08-24,1,1,104,8463,2867,5,35984,22759.5,Pre-Disruption
5349,2024-04-22,2,1,103,11779,4053,14,83447,30787.5,During-Disruption
5350,2024-11-09,2,3,104,11953,4475,13,53661,31652.5,During-Disruption
5351,2025-11-09,1,1,103,8636,2293,7,79541,22406.0,Post-Disruption
5352,2023-08-04,1,2,102,8538,2513,6,74445,22065.0,Pre-Disruption
5353,2025-05-04,3,2,103,6363,3472,9,17030,17873.5,Post-Disruption
5354,2023-05-15,3,4,104,6253,3259,6,70305,16261.5,Pre-Disruption
5355,2025-06-23,1,2,102,8531,2367,5,53674,23008.5,Post-Disruption
5356,2024-02-14,3,1,103,6325,3297,7,64286,17509.5,During-Disruption
5357,2023-03-27,2,1,102,11791,4536,13,83156,30735.5,Pre-Disruption
5358,2024-07-09,3,1,101,6217,3293,7,50341,16109.5,During-Disruption
5359,2024-01-13,2,3,104,11825,4355,12,69297,30208.5,During-Disruption
5360,2025-12-10,1,2,103,8626,2247,6,69714,22532.0,Post-Disruption
5361,2023-08-30,2,2,103,11878,4431,14,69262,30199.0,Pre-Disruption
5362,2025-07-08,2,1,103,11784,4052,14,38527,30544.0,Post-Disruption
5363,2023-09-23,2,3,104,11863,4240,12,38759,30368.5,Pre-Disruption
5364,2024-12-12,1,2,101,8629,2594,4,41264,22518.5,During-Disruption
5365,2023-03-11,4,4,104,1605,1626,3,68875,4880.5,Pre-Disruption
5366,2023-02-26,1,2,103,8503,2258,6,54112,21815.5,Pre-Disruption
5367,2023-02-08,1,1,104,8513,2385,4,28485,22097.5,Pre-Disruption
5368,2025-03-11,2,1,103,11887,4140,15,79355,30339.5,Post-Disruption
5369,2025-11-07,2,1,104,11970,4056,12,26582,31016.0,Post-Disruption
5370,2025-01-01,2,3,102,11750,4449,13,32522,30253.0,Post-Disruption
5371,2025-04-04,3,3,104,6321,3005,8,37830,17428.5,Post-Disruption
5372,2025-01-25,2,1,103,11810,4279,15,64293,30697.0,Post-Disruption
5373,2023-12-18,2,1,103,11754,4467,14,52391,30801.0,During-Disruption
5374,2023-10-10,3,1,104,6111,3332,9,20267,16282.5,Pre-Disruption
5375,2023-04-20,1,4,104,8589,2879,6,32908,23307.5,Pre-Disruption
5376,2025-10-13,2,1,102,11854,4339,14,37277,30797.0,Post-Disruption
5377,2024-06-27,3,1,101,6364,3413,8,40628,16813.0,During-Disruption
5378,2023-01-25,1,1,101,8503,2598,5,21403,22739.5,Pre-Disruption
5379,2025-04-22,2,1,102,11862,4181,12,28248,30715.0,Post-Disruption
5380,2025-03-01,4,3,101,1540,1901,4,82591,5036.0,Post-Disruption
5381,2025-01-07,1,4,101,8636,2382,5,83911,23183.0,Post-Disruption
5382,2023-02-26,2,1,103,11743,4509,13,38567,30111.5,Pre-Disruption
5383,2023-06-29,4,2,103,1638,1694,3,51142,4895.0,Pre-Disruption
5384,2023-08-20,1,1,103,8496,2613,7,21239,22967.0,Pre-Disruption
5385,2023-12-09,1,4,104,8497,2355,7,27409,22928.5,During-Disruption
5386,2024-04-21,3,1,104,6152,3591,9,38670,16767.0,During-Disruption
5387,2024-07-29,3,1,101,6208,2996,9,69576,17419.0,During-Disruption
5388,2024-03-30,2,2,104,11956,4368,15,40650,30544.0,During-Disruption
5389,2023-10-16,2,1,103,11710,4237,13,49312,31262.0,Pre-Disruption
5390,2023-09-15,3,1,104,6277,2912,9,71685,16494.5,Pre-Disruption
5391,2024-06-13,3,2,101,6393,3200,7,67307,16726.5,During-Disruption
5392,2024-11-17,1,3,103,8424,2381,7,76346,21847.0,During-Disruption
5393,2025-07-17,1,1,101,8525,2354,6,52848,22864.5,Post-Disruption
5394,2023-08-17,2,2,104,11965,4390,13,76102,30610.5,Pre-Disruption
5395,2024-08-18,3,2,102,6232,3076,7,16526,16132.0,During-Disruption
5396,2024-03-10,3,2,102,6377,3482,9,48853,17558.5,During-Disruption
5397,2025-05-31,4,2,103,1441,2195,4,57345,4541.5,Post-Disruption
5398,2025-10-17,3,2,101,6200,3503,6,27410,17240.0,Post-Disruption
5399,2024-02-06,2,1,102,11983,4068,14,20234,30755.5,During-Disruption
5400,2024-09-13,2,1,102,11976,4307,14,66060,31575.0,During-Disruption
5401,2023-03-29,3,1,103,6238,3575,7,69628,17566.0,Pre-Disruption
5402,2024-08-06,3,1,103,6320,3590,8,78379,17414.0,During-Disruption
5403,2023-11-05,2,3,101,11768,4544,12,81289,30902.0,During-Disruption
5404,2025-06-24,1,1,102,8692,2252,7,39158,23569.0,Post-Disruption
5405,2023-12-09,4,1,101,1576,1815,4,74385,5749.0,During-Disruption
5406,2024-03-11,2,1,101,11896,4037,15,46884,30282.0,During-Disruption
5407,2023-06-26,1,1,103,8432,2627,5,74851,22819.0,Pre-Disruption
5408,2023-05-19,2,3,101,11927,4260,12,49362,31132.5,Pre-Disruption
5409,2023-07-13,2,1,104,11835,4373,13,18920,31062.5,Pre-Disruption
5410,2025-07-31,1,3,101,8533,2230,5,83782,23118.5,Post-Disruption
5411,2024-06-08,3,1,102,6242,3292,8,32979,17215.0,During-Disruption
5412,2025-12-01,1,4,101,8644,2624,6,83776,23251.0,Post-Disruption
5413,2025-07-03,1,4,104,8536,2204,5,50147,21858.0,Post-Disruption
5414,2023-07-29,2,2,104,11760,4690,12,17935,29951.0,Pre-Disruption
5415,2025-01-10,3,4,102,6155,2953,7,44731,16637.5,Post-Disruption
5416,2025-05-11,4,2,102,1532,2103,2,55268,4834.0,Post-Disruption
5417,2025-08-11,3,4,101,6307,3407,7,15098,17424.5,Post-Disruption
5418,2025-04-12,4,3,104,1525,2052,4,30428,5201.5,Post-Disruption
5419,2023-05-20,1,4,104,8522,2399,7,76580,23039.0,Pre-Disruption
5420,2025-03-02,1,2,101,8630,2472,4,41311,23414.0,Post-Disruption
5421,2024-06-29,2,3,102,11734,4225,14,22158,30309.0,During-Disruption
5422,2025-10-13,1,2,104,8665,2670,6,70303,22510.5,Post-Disruption
5423,2023-02-26,3,1,101,6190,2917,6,79926,16092.0,Pre-Disruption
5424,2023-04-22,2,1,102,11720,4628,14,53288,30451.0,Pre-Disruption
5425,2023-01-05,4,4,101,1539,1609,2,67044,4512.5,Pre-Disruption
5426,2025-11-02,1,1,102,8664,2238,7,37412,22300.0,Post-Disruption
5427,2023-03-31,2,2,102,11819,4040,15,80384,30554.5,Pre-Disruption
5428,2024-09-07,2,1,104,11920,4619,14,50949,30327.0,During-Disruption
5429,2025-06-09,1,1,103,8422,2243,6,73937,22583.0,Post-Disruption
5430,2024-11-28,2,4,104,11738,4196,12,24047,31042.0,During-Disruption
5431,2025-06-16,2,4,101,11934,4298,12,36388,31148.0,Post-Disruption
5432,2025-08-28,2,2,102,11940,4208,13,42588,30504.0,Post-Disruption
5433,2024-10-29,1,1,104,8527,2658,5,67799,22226.5,During-Disruption
5434,2024-08-16,1,1,102,8421,2887,6,53707,22309.5,During-Disruption
5435,2024-08-11,2,1,104,11754,4235,12,18973,30970.0,During-Disruption
5436,2024-04-29,1,1,101,8446,2714,7,16973,21810.0,During-Disruption
5437,2025-09-08,1,1,101,8633,2559,4,41333,22665.5,Post-Disruption
5438,2025-08-29,1,2,101,8426,2582,5,47292,21654.0,Post-Disruption
5439,2024-09-30,1,1,104,8447,2626,6,41551,22256.5,During-Disruption
5440,2025-09-23,1,2,103,8566,2543,6,32083,22310.0,Post-Disruption
5441,2023-10-09,1,1,101,8670,2453,4,65802,23659.0,Pre-Disruption
5442,2025-09-12,2,1,104,11780,4547,12,29788,31442.0,Post-Disruption
5443,2023-01-16,2,1,103,11817,4506,12,22852,30221.5,Pre-Disruption
5444,2025-07-24,2,4,104,11744,4517,12,71633,30524.0,Post-Disruption
5445,2023-09-11,3,2,104,6374,3229,7,56181,17497.0,Pre-Disruption
5446,2023-11-25,2,1,101,11880,4487,13,28058,31370.0,During-Disruption
5447,2024-06-27,2,2,103,11931,4481,12,54498,30909.5,During-Disruption
5448,2025-02-21,3,4,104,6185,3371,8,52597,17450.5,Post-Disruption
5449,2025-09-23,2,3,104,11804,4531,15,34689,30086.0,Post-Disruption
5450,2025-04-24,3,3,104,6342,3336,9,15120,17146.0,Post-Disruption
5451,2024-01-01,2,1,104,11876,4421,13,44729,31002.0,During-Disruption
5452,2024-10-16,2,2,101,11933,4161,12,31025,31107.5,During-Disruption
5453,2025-01-29,3,3,104,6177,3333,6,43801,17421.5,Post-Disruption
5454,2024-09-30,1,2,103,8525,2758,7,18450,23264.5,During-Disruption
5455,2025-11-29,1,4,102,8588,2215,6,59166,23123.0,Post-Disruption
5456,2025-07-12,1,1,103,8459,2819,7,26123,21969.5,Post-Disruption
5457,2024-02-20,1,1,104,8619,2888,6,79547,23499.5,During-Disruption
5458,2023-09-12,1,4,104,8475,2264,7,43122,22352.5,Pre-Disruption
5459,2024-12-10,2,2,103,11790,4574,12,40369,30524.0,During-Disruption
5460,2024-07-30,3,1,102,6215,2972,7,71915,17117.5,During-Disruption
5461,2025-06-18,3,1,101,6379,3103,7,31354,17631.5,Post-Disruption
5462,2023-01-11,1,4,102,8566,2453,6,38641,23401.0,Pre-Disruption
5463,2023-01-26,4,1,102,1525,2171,2,59356,5407.5,Pre-Disruption
5464,2025-08-14,2,1,102,11932,4612,13,82658,31703.0,Post-Disruption
5465,2024-02-25,1,1,103,8513,2728,5,35616,22101.5,During-Disruption
5466,2024-05-10,3,4,102,6199,3094,9,17308,17299.5,During-Disruption
5467,2023-08-25,3,4,101,6250,3150,6,47383,17160.0,Pre-Disruption
5468,2025-10-05,3,2,104,6171,3449,9,26748,16285.5,Post-Disruption
5469,2023-08-07,1,2,103,8566,2484,4,68463,22677.0,Pre-Disruption
5470,2024-04-05,2,1,103,11771,4542,13,69032,31407.5,During-Disruption
5471,2024-10-24,3,1,102,6110,3382,9,29402,16831.0,During-Disruption
5472,2024-09-26,2,3,104,11997,4309,12,35710,30923.5,During-Disruption
5473,2025-09-16,2,1,104,11928,4180,15,55938,31696.0,Post-Disruption
5474,2023-07-08,2,1,104,11825,4652,14,66353,30362.5,Pre-Disruption
5475,2023-09-12,3,2,103,6252,3144,9,30371,16204.0,Pre-Disruption
5476,2023-03-09,1,1,101,8561,2640,5,36816,22776.5,Pre-Disruption
5477,2024-09-07,2,2,104,11977,4274,15,58181,30684.5,During-Disruption
5478,2023-12-02,1,2,103,8578,2423,5,55160,23339.0,During-Disruption
5479,2024-11-01,2,3,102,11843,4366,14,82738,31429.5,During-Disruption
5480,2025-03-31,3,1,104,6238,3438,7,36481,16375.0,Post-Disruption
5481,2025-05-23,1,1,102,8605,2449,5,64387,22538.5,Post-Disruption
5482,2023-10-27,2,2,104,11795,4012,13,52161,30508.5,Pre-Disruption
5483,2023-12-23,2,4,102,11913,4307,15,65419,31709.5,During-Disruption
5484,2023-09-13,1,1,103,8468,2809,6,24707,21941.0,Pre-Disruption
5485,2025-10-04,2,4,102,11718,4191,15,25537,30175.0,Post-Disruption
5486,2023-12-19,1,3,103,8500,2897,4,71170,22871.0,During-Disruption
5487,2024-06-07,2,3,102,11780,4018,15,28352,30162.0,During-Disruption
5488,2025-08-07,1,1,102,8582,2538,4,57248,23024.0,Post-Disruption
5489,2025-01-25,3,1,102,6117,3478,7,81733,16427.5,Post-Disruption
5490,2023-10-11,3,1,104,6254,2925,6,42752,16638.0,Pre-Disruption
5491,2023-04-09,2,1,101,11828,4005,13,21481,31325.0,Pre-Disruption
5492,2023-07-16,1,4,101,8560,2340,6,74061,22028.0,Pre-Disruption
5493,2024-04-26,4,1,104,1518,1626,3,16628,5630.0,During-Disruption
5494,2025-05-27,2,2,102,11872,4104,13,57511,30225.0,Post-Disruption
5495,2024-09-06,1,1,102,8552,2721,5,23735,22834.0,During-Disruption
5496,2024-09-09,3,3,104,6119,3178,7,72298,17266.5,During-Disruption
5497,2024-01-03,1,1,103,8433,2502,4,81529,22043.5,During-Disruption
5498,2024-07-23,2,1,103,11759,4011,14,78150,30341.5,During-Disruption
5499,2024-08-12,2,1,104,11857,4667,13,28168,31120.5,During-Disruption
5500,2025-12-01,2,3,101,11905,4076,12,27578,31037.5,Post-Disruption
5501,2024-02-26,3,1,103,6192,2917,7,84962,16532.0,During-Disruption
5502,2025-04-15,2,1,104,11917,4569,14,84051,31458.5,Post-Disruption
5503,2024-06-28,1,1,103,8488,2841,7,20653,22275.0,During-Disruption
5504,2023-03-12,4,4,104,1572,1773,3,76145,5708.0,Pre-Disruption
5505,2025-02-06,4,2,103,1439,2000,4,78061,4737.5,Post-Disruption
5506,2023-11-03,2,3,103,11902,4086,14,52179,30365.0,During-Disruption
5507,2024-01-12,2,2,104,11920,4342,13,28353,31322.0,During-Disruption
5508,2024-10-16,1,1,101,8446,2648,6,43300,21839.0,During-Disruption
5509,2024-11-08,3,2,101,6342,2953,7,69998,17571.0,During-Disruption
5510,2024-02-03,1,1,103,8487,2626,4,76374,22857.5,During-Disruption
5511,2023-08-09,1,1,103,8556,2277,7,62382,22307.0,Pre-Disruption
5512,2023-07-01,2,2,101,11861,4438,15,72002,30539.5,Pre-Disruption
5513,2023-11-03,1,2,104,8419,2696,4,31539,22395.5,During-Disruption
5514,2024-06-05,1,1,102,8547,2371,7,24120,23276.5,During-Disruption
5515,2025-10-10,2,1,103,11900,4549,12,54655,30672.0,Post-Disruption
5516,2023-01-04,1,3,102,8550,2897,5,57995,23153.0,Pre-Disruption
5517,2025-05-12,1,3,103,8499,2560,6,56837,22696.5,Post-Disruption
5518,2025-04-27,1,1,101,8646,2435,7,65471,23436.0,Post-Disruption
5519,2025-03-14,1,1,104,8512,2632,6,15356,22189.0,Post-Disruption
5520,2023-08-03,3,4,103,6318,2915,7,75336,17089.0,Pre-Disruption
5521,2025-08-29,3,3,102,6124,3395,9,74289,16730.0,Post-Disruption
5522,2023-04-11,2,4,101,11988,4585,12,42955,31266.0,Pre-Disruption
5523,2025-08-20,2,1,103,11802,4210,12,41436,30370.0,Post-Disruption
5524,2024-07-26,1,1,104,8478,2526,7,61957,22160.0,During-Disruption
5525,2024-10-19,1,1,103,8415,2826,5,57300,22931.5,During-Disruption
5526,2025-07-27,1,2,104,8458,2446,6,48787,22088.0,Post-Disruption
5527,2025-12-22,2,1,104,11893,4548,14,21445,30577.5,Post-Disruption
5528,2023-08-14,3,1,101,6224,3402,8,60639,16656.0,Pre-Disruption
5529,2023-04-15,2,1,103,11731,4566,15,24179,31255.5,Pre-Disruption
5530,2025-02-10,1,2,104,8577,2366,6,48841,23101.5,Post-Disruption
5531,2024-03-04,1,1,101,8618,2640,4,23552,22417.0,During-Disruption
5532,2024-03-09,3,2,103,6199,3588,8,50775,16318.5,During-Disruption
5533,2025-11-17,1,4,104,8502,2552,5,79577,21980.0,Post-Disruption
5534,2024-11-12,3,3,101,6217,2998,8,34941,17178.5,During-Disruption
5535,2024-08-10,2,1,103,11942,4623,12,65021,30372.0,During-Disruption
5536,2025-12-28,3,4,104,6218,3017,8,78702,16893.0,Post-Disruption
5537,2025-05-15,4,1,101,1406,2273,3,54049,4785.0,Post-Disruption
5538,2025-01-15,4,1,101,1409,2168,4,32260,4874.5,Post-Disruption
5539,2025-05-13,2,4,103,11980,4352,13,67916,31044.0,Post-Disruption
5540,2024-01-03,2,1,101,11741,4573,14,82355,31190.5,During-Disruption
5541,2023-09-08,1,2,103,8446,2700,6,44150,21736.0,Pre-Disruption
5542,2025-05-08,4,1,103,1495,1638,4,80537,5676.5,Post-Disruption
5543,2025-05-05,2,2,104,11945,4329,13,41268,30372.5,Post-Disruption
5544,2024-07-14,1,2,103,8623,2522,5,19915,22237.5,During-Disruption
5545,2023-10-21,2,1,101,11813,4497,15,21171,30444.5,Pre-Disruption
5546,2025-07-07,1,2,103,8431,2228,5,82840,21964.5,Post-Disruption
5547,2024-03-08,2,3,104,11852,4542,13,18002,30349.0,During-Disruption
5548,2023-02-28,2,1,101,11916,4315,12,45507,31450.0,Pre-Disruption
5549,2025-08-26,1,1,104,8645,2750,6,22927,22424.5,Post-Disruption
5550,2025-04-15,1,1,102,8671,2712,6,78311,23366.5,Post-Disruption
5551,2023-07-18,4,3,104,1660,2167,1,34540,5610.0,Pre-Disruption
5552,2023-08-03,3,3,102,6106,3366,7,34698,16183.0,Pre-Disruption
5553,2025-06-16,3,4,102,6304,3597,8,36709,16690.0,Post-Disruption
5554,2024-04-16,1,1,103,8663,2802,5,19880,22190.5,During-Disruption
5555,2023-09-04,3,1,101,6388,3098,7,27725,16788.0,Pre-Disruption
5556,2024-01-17,2,1,103,11901,4682,15,81830,31540.5,During-Disruption
5557,2025-09-17,1,1,101,8515,2381,4,78023,22061.5,Post-Disruption
5558,2025-07-15,1,2,104,8611,2329,7,20296,23460.5,Post-Disruption
5559,2024-07-13,1,4,102,8559,2853,4,67963,23094.5,During-Disruption
5560,2025-12-10,1,1,102,8528,2330,5,18458,23155.0,Post-Disruption
5561,2024-11-19,4,4,102,1547,2253,3,38805,4632.5,During-Disruption
5562,2024-01-15,1,1,104,8477,2204,5,51229,22323.5,During-Disruption
5563,2024-04-18,2,4,104,11961,4166,14,78395,31084.5,During-Disruption
5564,2024-11-27,2,1,103,11751,4384,13,68983,31314.5,During-Disruption
5565,2025-06-29,1,4,103,8657,2831,5,18302,22693.5,Post-Disruption
5566,2025-08-17,2,1,101,11920,4554,14,43081,30482.0,Post-Disruption
5567,2024-04-22,1,4,101,8438,2291,7,34787,22036.0,During-Disruption
5568,2025-09-30,3,1,102,6347,3086,6,78717,17846.5,Post-Disruption
5569,2025-07-14,1,1,104,8687,2789,4,40833,22706.5,Post-Disruption
5570,2024-12-07,2,1,104,11953,4464,13,77242,31452.5,During-Disruption
5571,2025-05-03,3,1,103,6215,3457,8,29088,17009.5,Post-Disruption
5572,2025-10-13,3,2,103,6296,3418,6,45876,16532.0,Post-Disruption
5573,2025-01-23,3,4,101,6313,3581,8,72272,16360.5,Post-Disruption
5574,2024-05-17,2,2,101,11791,4114,15,78199,31185.5,During-Disruption
5575,2025-03-27,1,3,103,8431,2462,7,29537,22187.5,Post-Disruption
5576,2024-08-10,2,1,103,11792,4343,12,45808,30878.0,During-Disruption
5577,2024-12-08,3,2,104,6331,3138,8,72513,17822.5,During-Disruption
5578,2025-12-03,3,1,101,6230,3208,7,73661,16631.0,Post-Disruption
5579,2023-07-26,1,4,103,8622,2215,7,38896,22653.0,Pre-Disruption
5580,2023-05-31,1,1,103,8412,2261,6,23067,21858.0,Pre-Disruption
5581,2024-10-29,3,2,102,6120,3220,7,59394,16198.0,During-Disruption
5582,2024-06-11,2,1,103,11713,4367,12,29824,30439.5,During-Disruption
5583,2023-06-14,1,1,103,8506,2634,6,67937,23084.0,Pre-Disruption
5584,2025-07-05,2,1,104,11827,4291,15,47069,30069.5,Post-Disruption
5585,2025-10-06,2,1,103,11731,4162,12,71542,31164.5,Post-Disruption
5586,2023-02-06,4,1,101,1568,1840,1,60243,5770.0,Pre-Disruption
5587,2023-11-29,2,1,102,11987,4324,13,83226,31840.5,During-Disruption
5588,2024-02-07,1,3,104,8480,2574,7,52924,21918.0,During-Disruption
5589,2024-02-18,1,1,101,8581,2328,7,78330,22622.5,During-Disruption
5590,2023-02-14,1,4,102,8589,2322,6,69824,22270.5,Pre-Disruption
5591,2023-07-25,2,1,102,11954,4648,13,50675,31051.0,Pre-Disruption
5592,2023-03-03,2,1,103,11998,4463,14,28221,30649.0,Pre-Disruption
5593,2024-02-24,1,2,102,8565,2726,4,53539,22900.5,During-Disruption
5594,2025-05-17,2,2,102,11955,4228,12,49309,31735.5,Post-Disruption
5595,2025-03-30,3,1,103,6297,3043,8,28789,17268.5,Post-Disruption
5596,2023-01-19,1,2,104,8612,2375,7,42079,22900.0,Pre-Disruption
5597,2023-12-31,1,1,103,8444,2252,7,60174,22262.0,During-Disruption
5598,2025-10-27,4,2,104,1412,1934,1,30726,4894.0,Post-Disruption
5599,2024-03-03,1,2,102,8451,2858,4,22535,22710.5,During-Disruption
5600,2024-08-02,3,1,101,6364,3452,7,52340,17005.0,During-Disruption
5601,2024-06-29,2,3,104,11742,4292,12,19062,31076.0,During-Disruption
5602,2023-11-21,3,3,104,6106,3139,6,23772,16127.0,During-Disruption
5603,2023-02-24,3,1,104,6329,3342,6,54869,17170.5,Pre-Disruption
5604,2025-02-16,2,3,104,11743,4135,14,43536,30747.5,Post-Disruption
5605,2025-09-18,3,4,102,6271,3499,6,30436,17361.5,Post-Disruption
5606,2023-02-11,4,2,101,1501,1670,2,58283,4769.5,Pre-Disruption
5607,2023-08-19,2,1,104,11922,4007,13,47665,31190.0,Pre-Disruption
5608,2024-03-28,1,4,101,8467,2632,5,76531,22114.5,During-Disruption
5609,2024-01-29,1,1,102,8521,2535,5,35410,22290.5,During-Disruption
5610,2024-11-21,3,1,104,6176,3526,6,50183,16945.0,During-Disruption
5611,2024-01-27,2,1,101,11999,4418,13,34935,31515.5,During-Disruption
5612,2024-08-26,1,3,104,8695,2500,6,84902,22691.5,During-Disruption
5613,2025-05-30,1,4,104,8604,2436,6,82890,22956.0,Post-Disruption
5614,2023-03-26,2,2,102,11870,4587,15,15956,30497.0,Pre-Disruption
5615,2025-11-19,1,4,104,8617,2705,7,56218,22910.5,Post-Disruption
5616,2023-02-18,2,1,101,11892,4398,12,84154,31659.0,Pre-Disruption
5617,2023-03-10,3,1,101,6252,3510,9,65607,17127.0,Pre-Disruption
5618,2025-12-17,2,2,102,11740,4322,14,44442,31329.0,Post-Disruption
5619,2024-11-27,1,4,103,8422,2201,6,42957,22346.0,During-Disruption
5620,2024-04-23,1,2,103,8585,2833,4,35938,23190.5,During-Disruption
5621,2025-03-30,1,1,102,8615,2384,7,56839,22357.5,Post-Disruption
5622,2023-05-27,1,1,102,8442,2215,4,71705,22809.0,Pre-Disruption
5623,2025-10-12,2,1,103,11812,4278,13,76970,31181.0,Post-Disruption
5624,2024-08-31,2,1,103,11930,4350,13,83529,31261.0,During-Disruption
5625,2024-03-21,1,1,101,8509,2569,7,33205,21871.5,During-Disruption
5626,2023-08-09,1,4,101,8537,2752,4,75241,22641.5,Pre-Disruption
5627,2023-04-05,1,2,101,8504,2577,6,28440,22086.0,Pre-Disruption
5628,2023-09-19,4,2,103,1539,1654,1,83047,4588.5,Pre-Disruption
5629,2025-06-15,2,1,102,11954,4207,13,81069,30429.0,Post-Disruption
5630,2025-12-30,3,1,104,6174,3031,6,51528,16990.0,Post-Disruption
5631,2023-08-07,3,2,101,6332,3265,6,50463,16869.0,Pre-Disruption
5632,2023-04-02,2,4,104,11911,4355,15,46693,31653.5,Pre-Disruption
5633,2023-05-07,3,2,102,6157,3077,8,41179,16641.5,Pre-Disruption
5634,2023-03-21,1,4,103,8437,2441,4,41151,22373.5,Pre-Disruption
5635,2025-09-09,2,3,101,11961,4283,13,24306,31054.5,Post-Disruption
5636,2025-07-04,1,1,103,8611,2834,4,42287,23484.5,Post-Disruption
5637,2024-04-30,3,1,102,6237,3336,8,39285,17283.5,During-Disruption
5638,2024-11-24,1,2,101,8681,2878,4,36579,23656.5,During-Disruption
5639,2023-01-25,3,1,102,6157,3424,8,44930,16004.5,Pre-Disruption
5640,2023-06-05,1,1,102,8672,2270,4,78921,22804.0,Pre-Disruption
5641,2024-09-23,3,1,101,6152,2953,9,25115,16354.0,During-Disruption
5642,2025-12-16,1,1,104,8605,2212,6,30449,23321.5,Post-Disruption
5643,2023-01-19,2,4,101,11704,4375,12,36056,30784.0,Pre-Disruption
5644,2023-08-25,2,1,103,11806,4570,12,82433,30432.0,Pre-Disruption
5645,2023-10-04,1,1,104,8642,2459,4,47613,22291.0,Pre-Disruption
5646,2025-01-14,2,2,101,11847,4079,12,27426,30565.5,Post-Disruption
5647,2024-07-05,4,2,101,1578,2075,1,25281,5126.0,During-Disruption
5648,2024-09-30,1,2,101,8573,2259,5,74627,22909.5,During-Disruption
5649,2023-08-25,4,4,101,1538,1646,4,71664,5098.0,Pre-Disruption
5650,2025-09-24,2,3,101,11874,4489,13,67257,31483.0,Post-Disruption
5651,2023-02-24,3,2,103,6352,2935,6,30590,17288.0,Pre-Disruption
5652,2024-11-14,1,1,102,8649,2730,6,73165,22144.5,During-Disruption
5653,2023-04-19,2,1,103,11835,4255,14,81772,31176.5,Pre-Disruption
5654,2024-01-08,3,2,102,6121,3185,7,51116,17212.5,During-Disruption
5655,2025-08-30,2,3,101,11737,4366,13,52084,30951.5,Post-Disruption
5656,2023-07-20,2,4,103,11726,4552,13,41209,30746.0,Pre-Disruption
5657,2025-04-28,1,2,102,8681,2427,7,25814,22913.5,Post-Disruption
5658,2024-05-23,1,2,102,8678,2370,7,77426,23305.0,During-Disruption
5659,2023-10-02,2,1,101,11819,4496,14,34192,30374.5,Pre-Disruption
5660,2023-07-30,3,1,101,6352,3144,7,31493,17236.0,Pre-Disruption
5661,2024-05-18,2,1,104,11764,4392,15,31025,30869.0,During-Disruption
5662,2024-12-03,1,1,104,8473,2723,5,80171,22844.5,During-Disruption
5663,2023-02-11,2,1,102,11873,4651,13,42507,30416.5,Pre-Disruption
5664,2023-11-11,1,1,104,8659,2497,7,20841,22920.5,During-Disruption
5665,2025-02-26,2,2,103,11984,4456,12,80988,31333.0,Post-Disruption
5666,2023-11-25,3,2,102,6172,3336,6,75867,16931.0,During-Disruption
5667,2025-11-06,3,2,103,6178,3245,7,72074,16954.0,Post-Disruption
5668,2023-10-10,1,1,104,8443,2677,6,39682,21834.5,Pre-Disruption
5669,2025-07-31,3,1,103,6332,3084,9,69415,16411.0,Post-Disruption
5670,2023-09-15,2,4,102,11702,4271,12,47904,30427.0,Pre-Disruption
5671,2024-07-28,3,1,103,6178,3360,9,56752,16133.0,During-Disruption
5672,2024-07-27,1,4,102,8580,2298,7,34896,21967.0,During-Disruption
5673,2024-09-03,2,1,104,11838,4433,13,29501,31125.0,During-Disruption
5674,2025-11-08,1,2,102,8406,2843,4,61727,22823.0,Post-Disruption
5675,2025-04-16,2,1,104,11912,4626,15,24855,31500.0,Post-Disruption
5676,2024-02-27,1,1,101,8400,2672,6,72758,21899.0,During-Disruption
5677,2025-01-27,1,1,104,8583,2468,5,72120,22691.5,Post-Disruption
5678,2025-02-01,1,3,102,8650,2771,5,26702,23089.0,Post-Disruption
5679,2024-02-28,1,1,102,8614,2820,4,37907,22108.0,During-Disruption
5680,2024-03-04,1,2,101,8476,2595,5,39772,22102.0,During-Disruption
5681,2023-07-23,2,1,101,11742,4407,12,39355,30267.0,Pre-Disruption
5682,2023-07-15,1,1,104,8556,2586,7,45871,22929.0,Pre-Disruption
5683,2024-12-28,2,4,103,11717,4533,14,19796,30051.5,During-Disruption
5684,2023-10-12,1,4,103,8619,2540,4,81258,23135.5,Pre-Disruption
5685,2023-07-15,4,2,101,1472,2138,4,74419,5275.0,Pre-Disruption
5686,2023-11-03,4,1,104,1589,1813,4,71379,5459.5,During-Disruption
5687,2023-01-14,1,1,101,8661,2596,7,67046,22792.5,Pre-Disruption
5688,2025-12-16,2,4,101,11843,4043,13,76553,30612.5,Post-Disruption
5689,2024-12-23,1,1,102,8528,2791,6,41880,22974.0,During-Disruption
5690,2025-02-18,4,3,102,1677,1965,3,51876,5445.5,Post-Disruption
5691,2024-06-12,2,1,102,11889,4173,14,68987,30287.5,During-Disruption
5692,2025-03-08,1,4,101,8550,2472,4,42841,22699.0,Post-Disruption
5693,2023-12-10,1,1,104,8494,2749,6,33985,23115.0,During-Disruption
5694,2023-07-28,1,1,103,8437,2770,7,48976,23074.5,Pre-Disruption
5695,2024-10-02,1,2,103,8555,2689,5,64401,22764.5,During-Disruption
5696,2023-09-09,2,4,102,11999,4181,14,80489,31794.5,Pre-Disruption
5697,2023-09-28,2,4,104,11741,4616,15,61718,30981.5,Pre-Disruption
5698,2025-07-08,1,3,102,8525,2295,6,79531,22874.5,Post-Disruption
5699,2024-02-23,1,3,104,8476,2801,4,80239,22177.0,During-Disruption
5700,2025-03-05,1,2,104,8495,2270,7,64398,22372.5,Post-Disruption
5701,2024-12-25,1,3,104,8662,2811,4,63847,23299.0,During-Disruption
5702,2024-03-08,3,4,101,6324,3210,7,69934,16905.0,During-Disruption
5703,2023-04-19,1,1,104,8510,2526,5,62928,21983.0,Pre-Disruption
5704,2024-10-02,2,2,101,11937,4682,12,44998,31116.5,During-Disruption
5705,2025-12-06,1,2,103,8604,2546,6,18741,22960.0,Post-Disruption
5706,2024-01-14,1,2,103,8687,2365,4,25179,22328.5,During-Disruption
5707,2025-08-15,2,4,101,11962,4215,15,57332,31829.0,Post-Disruption
5708,2023-04-13,2,1,103,11775,4343,12,18307,30516.5,Pre-Disruption
5709,2025-06-10,2,1,103,11842,4060,12,21777,30996.0,Post-Disruption
5710,2025-05-03,2,1,102,11784,4185,13,68034,30693.0,Post-Disruption
5711,2025-11-16,2,1,101,11951,4363,15,62477,30377.5,Post-Disruption
5712,2024-06-13,1,1,101,8631,2381,5,20018,22835.5,During-Disruption
5713,2024-11-09,2,4,101,11994,4033,15,59000,31799.0,During-Disruption
5714,2025-09-15,2,2,102,11829,4404,13,68311,31171.5,Post-Disruption
5715,2024-03-03,1,4,101,8684,2756,5,65379,22610.0,During-Disruption
5716,2025-04-01,2,1,103,11728,4137,14,16531,30487.0,Post-Disruption
5717,2025-07-20,1,4,104,8627,2897,5,21742,22816.5,Post-Disruption
5718,2025-11-27,1,2,102,8693,2227,5,18680,23182.5,Post-Disruption
5719,2024-05-25,2,1,102,11706,4105,14,28531,30567.0,During-Disruption
5720,2024-01-28,3,2,101,6129,3056,9,35181,16717.5,During-Disruption
5721,2024-12-13,3,4,104,6314,3006,8,54059,16815.0,During-Disruption
5722,2024-05-08,1,1,104,8514,2432,4,30603,22901.0,During-Disruption
5723,2024-06-30,2,2,104,11914,4195,14,66256,30783.0,During-Disruption
5724,2024-08-16,2,4,103,11863,4201,14,76699,30748.5,During-Disruption
5725,2024-01-24,1,1,104,8569,2308,5,61437,22693.5,During-Disruption
5726,2023-06-07,3,2,101,6320,3442,7,32891,17728.0,Pre-Disruption
5727,2025-10-24,3,1,103,6359,2940,7,63913,17021.5,Post-Disruption
5728,2023-06-16,4,1,104,1611,1663,4,33287,4641.5,Pre-Disruption
5729,2025-08-17,1,2,101,8660,2881,5,72772,22723.0,Post-Disruption
5730,2024-02-13,1,1,103,8529,2614,6,47522,22672.5,During-Disruption
5731,2023-07-13,3,3,103,6204,3271,9,57616,17340.0,Pre-Disruption
5732,2023-08-23,2,1,104,11753,4650,13,45131,31021.5,Pre-Disruption
5733,2024-12-18,3,1,103,6207,3263,9,17301,17148.5,During-Disruption
5734,2025-03-26,1,2,102,8688,2435,5,69023,23461.0,Post-Disruption
5735,2024-02-08,2,1,101,11954,4470,12,60371,31100.0,During-Disruption
5736,2025-06-11,2,1,104,11977,4499,14,84370,30478.5,Post-Disruption
5737,2024-11-08,1,3,101,8446,2622,6,57150,21650.0,During-Disruption
5738,2023-03-09,2,4,101,11833,4578,14,18684,30406.5,Pre-Disruption
5739,2023-03-29,2,4,102,11723,4187,12,68598,30449.5,Pre-Disruption
5740,2023-08-05,1,2,103,8516,2739,6,41665,22188.0,Pre-Disruption
5741,2023-01-01,1,4,102,8638,2602,6,27689,23057.0,Pre-Disruption
5742,2023-05-20,2,4,102,11740,4493,15,68638,30182.0,Pre-Disruption
5743,2024-09-09,2,1,103,11949,4233,15,63925,31080.5,During-Disruption
5744,2023-05-13,3,1,104,6188,3391,7,62281,17354.0,Pre-Disruption
5745,2023-06-27,1,1,101,8491,2730,6,83396,22005.5,Pre-Disruption
5746,2025-03-20,1,1,104,8480,2511,5,55222,21746.0,Post-Disruption
5747,2024-01-15,4,4,104,1529,1712,4,58526,5559.5,During-Disruption
5748,2025-06-26,4,2,102,1490,2100,1,19409,4954.0,Post-Disruption
5749,2024-10-19,1,2,103,8499,2543,7,48627,21905.5,During-Disruption
5750,2024-03-25,3,1,103,6177,3257,7,49970,15976.5,During-Disruption
5751,2024-08-08,1,1,101,8442,2325,4,30260,22092.0,During-Disruption
5752,2024-04-07,1,1,103,8522,2281,4,18143,22629.0,During-Disruption
5753,2025-09-16,1,4,104,8687,2451,4,48416,22726.5,Post-Disruption
5754,2023-05-02,1,1,103,8422,2752,5,71970,22183.0,Pre-Disruption
5755,2023-01-17,3,4,103,6243,3281,6,47405,17024.5,Pre-Disruption
5756,2023-11-23,3,1,104,6357,2998,9,42495,17052.5,During-Disruption
5757,2023-11-14,4,2,101,1406,2051,4,48625,5275.0,During-Disruption
5758,2025-03-19,3,2,101,6376,3494,7,54012,17822.0,Post-Disruption
5759,2024-05-17,2,4,104,11885,4023,15,21721,31282.5,During-Disruption
5760,2023-04-29,2,1,103,11794,4416,13,40534,31109.0,Pre-Disruption
5761,2024-12-10,4,1,103,1424,1952,2,62857,4837.0,During-Disruption
5762,2023-02-14,3,1,101,6390,2972,6,65834,17072.0,Pre-Disruption
5763,2023-11-10,3,4,101,6326,3594,7,28427,17766.0,During-Disruption
5764,2024-02-22,4,1,101,1572,2114,4,37147,5376.0,During-Disruption
5765,2024-07-09,1,1,102,8534,2229,5,80158,22236.0,During-Disruption
5766,2023-11-22,3,2,101,6387,3557,6,54606,17333.5,During-Disruption
5767,2024-05-29,3,2,103,6168,3349,7,55461,16917.0,During-Disruption
5768,2023-08-02,4,3,101,1680,2079,1,33123,4993.0,Pre-Disruption
5769,2023-03-15,1,4,103,8630,2656,4,59116,22622.0,Pre-Disruption
5770,2024-05-23,2,2,103,11957,4026,12,61323,31731.5,During-Disruption
5771,2023-11-28,2,4,103,11872,4355,13,27065,30887.0,During-Disruption
5772,2024-11-18,1,3,101,8431,2816,5,17686,21813.5,During-Disruption
5773,2024-10-18,2,1,101,11899,4621,14,65083,31110.5,During-Disruption
5774,2025-10-24,1,4,104,8479,2218,6,16342,22538.5,Post-Disruption
5775,2024-08-22,1,2,101,8474,2727,6,21214,22431.0,During-Disruption
5776,2025-12-11,2,1,101,11963,4269,12,46856,31859.5,Post-Disruption
5777,2023-11-21,2,2,101,11784,4558,15,43760,30289.0,During-Disruption
5778,2025-09-18,2,1,102,11916,4145,14,41742,30748.0,Post-Disruption
5779,2024-12-17,2,1,101,11820,4667,13,38345,31086.0,During-Disruption
5780,2024-12-23,1,3,102,8419,2741,4,55926,21731.5,During-Disruption
5781,2023-10-04,1,3,103,8548,2816,4,16734,22871.0,Pre-Disruption
5782,2024-06-19,1,3,103,8406,2348,5,58030,21596.0,During-Disruption
5783,2023-06-01,1,1,103,8485,2759,6,73405,23102.5,Pre-Disruption
5784,2025-08-12,2,4,103,11846,4182,14,37523,30427.0,Post-Disruption
5785,2023-09-16,3,1,102,6286,3569,9,55183,17403.0,Pre-Disruption
5786,2023-11-20,1,1,102,8592,2241,5,71861,22922.0,During-Disruption
5787,2025-10-13,1,1,103,8681,2364,5,77582,22724.5,Post-Disruption
5788,2025-05-18,3,1,101,6287,3585,8,53685,17126.5,Post-Disruption
5789,2024-11-18,1,1,103,8417,2293,7,54879,22228.5,During-Disruption
5790,2023-11-06,4,2,103,1548,1813,4,33505,4472.0,During-Disruption
5791,2025-03-13,3,4,102,6145,3087,7,48350,17227.5,Post-Disruption
5792,2025-12-15,1,4,103,8411,2287,6,43944,22709.5,Post-Disruption
5793,2024-09-11,1,3,102,8629,2657,5,73847,22858.5,During-Disruption
5794,2024-04-17,2,1,104,11812,4471,14,34780,31199.0,During-Disruption
5795,2024-04-05,1,3,102,8559,2253,5,73291,23106.5,During-Disruption
5796,2025-03-24,1,3,103,8626,2571,4,45704,22774.0,Post-Disruption
5797,2025-04-25,1,1,101,8582,2855,4,62110,23179.0,Post-Disruption
5798,2024-10-28,3,3,102,6154,3416,9,50543,15914.0,During-Disruption
5799,2023-09-19,2,1,102,11965,4364,12,44172,31598.5,Pre-Disruption
5800,2023-12-21,1,1,102,8434,2236,5,47571,22113.0,During-Disruption
5801,2025-02-08,2,2,103,11779,4118,14,39168,30692.5,Post-Disruption
5802,2023-06-29,2,2,103,11705,4408,14,79978,30673.5,Pre-Disruption
5803,2023-03-07,2,3,102,11826,4362,14,50245,31313.0,Pre-Disruption
5804,2025-03-30,1,1,101,8467,2568,4,65531,21990.5,Post-Disruption
5805,2023-06-20,2,2,103,11889,4152,12,55566,31022.5,Pre-Disruption
5806,2024-04-18,4,4,101,1643,1922,3,18105,5112.5,During-Disruption
5807,2024-06-17,1,4,104,8408,2493,5,53791,22273.0,During-Disruption
5808,2024-03-14,1,1,101,8556,2679,5,35417,23157.0,During-Disruption
5809,2025-04-14,1,1,103,8470,2677,7,75675,22453.0,Post-Disruption
5810,2023-08-15,1,2,102,8533,2647,6,80345,22603.5,Pre-Disruption
5811,2024-03-17,1,1,104,8699,2329,6,41460,23461.5,During-Disruption
5812,2024-01-31,3,1,101,6348,3559,7,47387,17636.0,During-Disruption
5813,2024-12-28,4,1,102,1443,1941,3,39264,4623.5,During-Disruption
5814,2023-03-25,1,3,104,8515,2466,7,40025,23002.5,Pre-Disruption
5815,2025-11-02,2,3,101,11927,4337,13,63950,31169.5,Post-Disruption
5816,2024-11-23,2,1,102,11756,4474,13,22173,30606.0,During-Disruption
5817,2024-05-07,2,1,104,11943,4414,12,84967,30982.5,During-Disruption
5818,2025-08-27,2,2,103,11756,4290,15,55612,30180.0,Post-Disruption
5819,2023-12-19,1,1,101,8542,2371,4,31776,22904.0,During-Disruption
5820,2025-12-16,2,2,101,11891,4438,15,82551,30892.5,Post-Disruption
5821,2023-02-09,2,1,104,11706,4300,12,25788,29801.0,Pre-Disruption
5822,2024-10-01,3,1,101,6374,3048,8,44094,17085.0,During-Disruption
5823,2023-06-22,3,1,102,6233,3559,7,69846,16147.5,Pre-Disruption
5824,2023-09-16,1,2,101,8438,2464,6,83857,23002.0,Pre-Disruption
5825,2024-05-31,1,2,101,8592,2294,6,48014,23034.0,During-Disruption
5826,2024-12-30,4,1,102,1424,2297,4,66751,4461.0,During-Disruption
5827,2024-06-06,2,1,102,11801,4416,15,51828,30204.5,During-Disruption
5828,2025-04-18,3,1,103,6250,3156,9,40721,17148.0,Post-Disruption
5829,2023-04-27,1,2,102,8616,2714,6,60698,23335.0,Pre-Disruption
5830,2023-07-03,2,1,101,11929,4678,13,82370,31275.5,Pre-Disruption
5831,2023-06-11,2,1,104,11966,4349,12,50001,31684.0,Pre-Disruption
5832,2024-06-26,3,2,101,6261,3104,9,45156,16527.5,During-Disruption
5833,2025-04-18,1,3,103,8686,2889,5,46334,22720.0,Post-Disruption
5834,2025-12-25,1,1,104,8565,2543,5,23210,23111.5,Post-Disruption
5835,2025-12-29,2,1,103,11946,4464,15,34343,31346.0,Post-Disruption
5836,2024-03-22,3,4,101,6273,3438,8,51585,16857.5,During-Disruption
5837,2024-02-20,4,4,102,1408,1628,3,33525,5307.0,During-Disruption
5838,2024-06-15,4,1,104,1675,2238,1,45050,5746.5,During-Disruption
5839,2024-03-16,4,3,101,1458,1975,2,58322,5275.0,During-Disruption
5840,2025-01-07,1,2,104,8484,2304,4,72333,21734.0,Post-Disruption
5841,2024-04-08,1,4,103,8549,2533,6,72135,22295.5,During-Disruption
5842,2024-01-31,1,1,101,8459,2268,6,41604,23051.5,During-Disruption
5843,2024-12-11,1,3,104,8524,2306,4,59506,22808.0,During-Disruption
5844,2024-01-30,3,3,101,6140,3591,6,72322,16532.0,During-Disruption
5845,2023-11-22,3,1,101,6272,3001,7,35449,17358.0,During-Disruption
5846,2025-01-19,1,3,103,8659,2461,4,83094,22635.5,Post-Disruption
5847,2025-12-29,2,1,103,11872,4663,12,29807,30601.0,Post-Disruption
5848,2024-10-03,4,1,103,1585,2151,2,17303,5950.5,During-Disruption
5849,2023-08-02,2,1,102,11940,4288,14,46011,30458.0,Pre-Disruption
5850,2024-01-04,1,4,104,8493,2336,5,46623,23177.5,During-Disruption
5851,2023-02-18,2,2,103,11762,4489,14,76524,30536.0,Pre-Disruption
5852,2025-12-11,1,2,102,8620,2888,6,34123,23521.0,Post-Disruption
5853,2023-05-13,2,2,102,11707,4066,12,59268,30495.5,Pre-Disruption
5854,2025-09-25,2,1,104,11912,4150,15,59449,31448.0,Post-Disruption
5855,2025-02-24,1,1,104,8608,2477,4,22100,22872.0,Post-Disruption
5856,2024-01-08,4,3,103,1608,1811,4,75366,4854.0,During-Disruption
5857,2024-04-23,2,4,102,11784,4349,15,22957,30588.0,During-Disruption
5858,2025-04-11,2,1,104,11906,4627,12,60362,30800.0,Post-Disruption
5859,2024-10-11,4,1,104,1552,2247,1,62363,4827.0,During-Disruption
5860,2024-11-12,1,1,104,8560,2346,4,82760,22016.0,During-Disruption
5861,2024-11-18,1,1,104,8515,2564,7,72070,22791.5,During-Disruption
5862,2023-03-23,3,1,102,6350,3577,8,80190,17461.0,Pre-Disruption
5863,2023-03-28,1,2,101,8582,2427,7,40302,22696.0,Pre-Disruption
5864,2023-08-13,3,1,104,6263,3545,7,38720,16644.5,Pre-Disruption
5865,2023-01-16,1,1,102,8479,2891,4,31817,22870.5,Pre-Disruption
5866,2025-04-01,1,3,104,8406,2489,7,77928,22132.0,Post-Disruption
5867,2023-06-12,2,4,102,11786,4329,15,16884,30145.0,Pre-Disruption
5868,2024-05-28,1,1,103,8407,2594,6,51949,21846.5,During-Disruption
5869,2023-12-16,3,2,101,6135,3454,6,84953,17128.5,During-Disruption
5870,2024-11-11,2,1,102,11950,4138,13,46727,31854.0,During-Disruption
5871,2023-06-30,4,4,102,1499,2023,3,42296,5374.5,Pre-Disruption
5872,2025-01-12,3,2,102,6178,3152,9,36173,17349.0,Post-Disruption
5873,2024-10-21,1,3,104,8685,2615,7,20483,23001.5,During-Disruption
5874,2024-05-07,3,1,103,6370,3406,7,63376,17615.0,During-Disruption
5875,2025-07-11,2,2,104,11920,4345,15,30813,30858.0,Post-Disruption
5876,2023-05-08,2,2,103,11895,4696,15,21762,31276.5,Pre-Disruption
5877,2024-07-18,3,1,101,6325,3476,6,38652,16807.5,During-Disruption
5878,2024-07-03,2,1,104,11786,4179,14,67047,29998.0,During-Disruption
5879,2024-03-28,2,2,102,11757,4213,13,30154,30611.5,During-Disruption
5880,2024-04-15,2,3,101,11869,4437,12,64546,31145.5,During-Disruption
5881,2025-09-14,1,1,104,8496,2679,4,73133,22705.0,Post-Disruption
5882,2025-01-07,1,2,103,8545,2352,6,78137,22428.5,Post-Disruption
5883,2023-08-12,2,1,104,11717,4412,12,37860,30679.5,Pre-Disruption
5884,2023-06-03,1,1,104,8583,2322,7,63176,23350.5,Pre-Disruption
5885,2024-07-13,1,2,102,8542,2805,5,56325,21928.0,During-Disruption
5886,2023-12-17,1,1,102,8461,2793,4,19912,22274.5,During-Disruption
5887,2023-12-15,2,1,101,11862,4619,13,78993,31420.0,During-Disruption
5888,2023-07-01,1,1,102,8439,2778,5,20801,22053.5,Pre-Disruption
5889,2024-09-28,3,2,104,6278,3142,7,54856,16434.0,During-Disruption
5890,2025-10-14,1,1,104,8634,2505,7,55204,23508.0,Post-Disruption
5891,2023-06-28,2,4,103,11759,4135,13,43901,31050.5,Pre-Disruption
5892,2025-11-28,2,1,104,11927,4158,14,22005,30987.5,Post-Disruption
5893,2025-02-10,2,3,101,11938,4151,13,41361,31431.0,Post-Disruption
5894,2025-06-12,1,1,101,8455,2655,7,37755,22707.5,Post-Disruption
5895,2025-10-23,4,2,102,1633,2153,4,41307,5860.5,Post-Disruption
5896,2025-10-12,4,2,103,1483,1933,3,40507,4737.5,Post-Disruption
5897,2023-03-05,3,1,104,6302,3362,8,19791,17289.0,Pre-Disruption
5898,2023-01-29,4,1,102,1440,2068,4,78044,4476.0,Pre-Disruption
5899,2024-01-07,2,1,104,11716,4025,15,68262,30012.0,During-Disruption
5900,2023-04-07,2,1,101,11804,4165,14,17743,30083.0,Pre-Disruption
5901,2025-09-19,3,1,101,6124,3265,9,30046,15943.0,Post-Disruption
5902,2023-01-21,2,3,103,11792,4438,12,51758,30285.0,Pre-Disruption
5903,2025-01-04,3,3,104,6314,2996,7,77061,17558.0,Post-Disruption
5904,2025-12-05,3,1,104,6283,3293,9,47360,16747.5,Post-Disruption
5905,2023-03-07,4,1,101,1616,2066,4,34866,4816.0,Pre-Disruption
5906,2024-08-25,1,1,103,8550,2466,7,65974,23067.0,During-Disruption
5907,2023-12-04,3,1,102,6357,3022,6,58182,17228.5,During-Disruption
5908,2023-05-03,2,3,103,11818,4534,13,65497,31265.0,Pre-Disruption
5909,2024-03-22,2,2,102,11833,4197,14,48643,30681.5,During-Disruption
5910,2024-09-02,1,1,102,8606,2240,4,17415,23373.0,During-Disruption
5911,2024-11-01,3,1,101,6362,3020,6,63700,16844.0,During-Disruption
5912,2024-09-06,4,3,102,1589,2024,3,52272,5267.5,During-Disruption
5913,2025-06-15,1,1,104,8557,2203,6,42408,23077.5,Post-Disruption
5914,2023-10-08,2,1,101,11775,4254,15,28981,29992.5,Pre-Disruption
5915,2025-12-02,1,2,103,8451,2842,6,39178,21809.5,Post-Disruption
5916,2024-08-18,4,2,103,1625,2067,1,44178,5501.5,During-Disruption
5917,2024-12-03,2,1,102,11793,4182,15,59985,31421.5,During-Disruption
5918,2025-12-10,1,4,104,8691,2306,6,43761,23464.5,Post-Disruption
5919,2023-07-29,1,1,103,8690,2698,4,31748,23277.0,Pre-Disruption
5920,2023-05-06,2,3,102,11877,4446,13,41402,31218.5,Pre-Disruption
5921,2024-05-06,1,1,103,8505,2376,6,60704,22086.5,During-Disruption
5922,2025-08-17,2,2,104,11775,4071,12,66111,30946.5,Post-Disruption
5923,2025-08-27,4,4,102,1403,1669,4,51903,4785.5,Post-Disruption
5924,2024-08-03,3,1,104,6286,3480,8,78661,16390.0,During-Disruption
5925,2025-02-15,1,3,102,8419,2322,6,77962,22163.5,Post-Disruption
5926,2023-09-15,4,3,104,1674,1991,4,29919,6020.0,Pre-Disruption
5927,2023-08-18,2,1,103,11835,4226,15,27613,31035.5,Pre-Disruption
5928,2023-07-08,1,3,103,8426,2567,4,34972,22742.0,Pre-Disruption
5929,2023-01-10,1,4,104,8535,2657,7,23916,22229.5,Pre-Disruption
5930,2024-11-06,1,2,103,8417,2382,4,43954,22929.5,During-Disruption
5931,2024-05-16,3,1,103,6384,3126,6,75587,16817.0,During-Disruption
5932,2023-03-26,1,1,102,8537,2271,7,67679,22921.5,Pre-Disruption
5933,2023-02-18,1,1,104,8631,2711,6,39789,23384.5,Pre-Disruption
5934,2025-04-17,3,1,102,6356,2907,9,66158,17602.0,Post-Disruption
5935,2025-10-04,2,2,103,11918,4071,15,16606,31334.0,Post-Disruption
5936,2024-11-19,3,1,103,6231,2945,7,78388,16263.5,During-Disruption
5937,2024-01-22,3,1,101,6355,3049,7,31336,17132.5,During-Disruption
5938,2025-08-27,1,1,104,8495,2792,7,29354,22936.5,Post-Disruption
5939,2025-10-02,3,1,104,6373,3381,8,62770,16704.5,Post-Disruption
5940,2023-08-06,1,2,102,8414,2608,6,83701,22029.0,Pre-Disruption
5941,2025-10-01,2,3,104,11878,4174,12,55305,30801.0,Post-Disruption
5942,2023-09-12,2,1,102,11959,4426,15,20172,31863.5,Pre-Disruption
5943,2023-08-24,1,1,103,8487,2854,7,69112,21932.5,Pre-Disruption
5944,2025-11-15,4,1,101,1493,2270,2,42052,5548.5,Post-Disruption
5945,2023-09-28,2,1,103,11727,4236,13,16546,29929.5,Pre-Disruption
5946,2023-05-03,1,1,102,8584,2794,5,39073,21989.0,Pre-Disruption
5947,2024-10-17,4,3,102,1474,2286,1,19828,4522.0,During-Disruption
5948,2023-09-16,2,1,101,11753,4139,15,78507,31124.5,Pre-Disruption
5949,2025-08-05,2,4,103,11746,4063,13,80170,31288.0,Post-Disruption
5950,2023-02-16,2,1,104,11947,4278,15,44527,31346.5,Pre-Disruption
5951,2025-05-12,3,1,101,6333,2949,6,81523,17402.5,Post-Disruption
5952,2024-06-08,1,3,104,8517,2414,6,71566,22708.5,During-Disruption
5953,2025-06-06,1,3,103,8659,2836,4,25753,22187.5,Post-Disruption
5954,2023-07-27,2,2,101,11929,4035,15,31758,31598.5,Pre-Disruption
5955,2025-01-16,1,4,103,8689,2850,7,28047,22574.5,Post-Disruption
5956,2023-05-29,3,1,103,6340,3497,9,39622,16973.0,Pre-Disruption
5957,2024-03-13,1,3,104,8581,2630,6,81035,22152.5,During-Disruption
5958,2023-06-04,1,1,104,8500,2704,7,50160,23221.0,Pre-Disruption
5959,2023-12-24,1,3,104,8647,2767,5,80105,22332.5,During-Disruption
5960,2024-03-31,3,1,103,6212,3148,8,77228,16682.0,During-Disruption
5961,2025-02-14,3,1,102,6320,3367,8,52919,16521.0,Post-Disruption
5962,2024-09-20,1,2,103,8547,2709,6,82569,23061.5,During-Disruption
5963,2025-04-11,2,1,102,11995,4393,12,40745,30711.5,Post-Disruption
5964,2024-04-30,1,1,101,8596,2639,4,18863,22108.0,During-Disruption
5965,2024-06-16,2,1,104,11768,4157,12,62773,31053.0,During-Disruption
5966,2023-07-19,1,2,104,8687,2293,6,72589,22786.5,Pre-Disruption
5967,2024-01-06,2,4,103,11723,4485,14,51180,30278.5,During-Disruption
5968,2025-10-10,2,2,102,11885,4438,15,80839,31511.5,Post-Disruption
5969,2025-05-02,4,3,101,1569,1765,3,40516,5559.5,Post-Disruption
5970,2023-09-05,1,2,103,8690,2255,5,42776,23439.0,Pre-Disruption
5971,2025-02-26,3,1,101,6131,3354,6,15533,16873.5,Post-Disruption
5972,2023-09-21,2,1,102,11875,4369,15,17471,30883.5,Pre-Disruption
5973,2025-12-17,4,2,104,1576,1977,2,55850,4648.0,Post-Disruption
5974,2023-01-31,1,1,104,8689,2594,5,59737,22915.5,Pre-Disruption
5975,2024-08-27,1,1,102,8543,2590,5,18758,23330.5,During-Disruption
5976,2024-05-16,3,1,104,6110,3251,8,32336,16381.0,During-Disruption
5977,2025-06-04,1,2,103,8546,2281,4,78743,22302.0,Post-Disruption
5978,2024-07-02,1,1,102,8594,2745,5,45201,22230.0,During-Disruption
5979,2025-04-18,1,3,104,8475,2262,7,59797,22598.5,Post-Disruption
5980,2025-04-27,3,3,102,6259,3413,6,77895,17335.5,Post-Disruption
5981,2024-09-05,1,3,101,8499,2754,4,41074,22615.5,During-Disruption
5982,2024-02-16,3,4,103,6215,3506,8,60612,16284.5,During-Disruption
5983,2024-03-07,2,1,103,11782,4147,13,42867,30345.0,During-Disruption
5984,2024-11-08,1,2,103,8462,2718,7,34959,21899.0,During-Disruption
5985,2023-06-08,2,4,104,11831,4307,14,26291,30845.5,Pre-Disruption
5986,2023-01-14,1,2,101,8647,2704,4,48681,23286.5,Pre-Disruption
5987,2024-01-08,2,3,104,11830,4097,13,34421,31524.0,During-Disruption
5988,2023-08-13,2,1,104,11857,4301,12,43580,30948.5,Pre-Disruption
5989,2024-05-25,2,2,102,11915,4041,12,51047,31641.5,During-Disruption
5990,2024-08-25,1,1,103,8433,2515,6,77428,22798.5,During-Disruption
5991,2023-08-04,2,4,104,11997,4383,15,36469,31128.5,Pre-Disruption
5992,2025-09-14,3,3,103,6378,3003,7,67645,16569.0,Post-Disruption
5993,2025-04-19,3,4,101,6395,3235,8,17022,16683.5,Post-Disruption
5994,2024-12-27,3,2,101,6114,3489,9,64126,15998.0,During-Disruption
5995,2024-07-07,1,1,103,8514,2835,6,81486,22245.0,During-Disruption
5996,2025-12-01,3,1,103,6156,2931,9,62846,16418.0,Post-Disruption
5997,2024-11-06,1,4,101,8541,2878,4,24054,22349.5,During-Disruption
5998,2025-05-22,1,1,101,8606,2481,5,24822,22405.0,Post-Disruption
5999,2023-10-10,3,1,104,6239,2929,7,74386,16966.5,Pre-Disruption
6000,2025-12-17,4,2,101,1506,2280,2,68216,4532.0,Post-Disruption
6001,2025-04-13,2,1,104,11990,4392,14,56547,31792.0,Post-Disruption
6002,2024-06-20,1,2,101,8477,2231,6,63024,22930.5,During-Disruption
6003,2025-07-11,1,1,104,8401,2895,7,73614,21940.5,Post-Disruption
6004,2025-04-21,2,2,102,11973,4564,14,59438,31253.5,Post-Disruption
6005,2025-08-05,3,4,102,6134,3048,6,23874,16873.0,Post-Disruption
6006,2024-10-26,1,1,104,8664,2275,7,32711,23213.0,During-Disruption
6007,2023-03-08,3,1,103,6317,3306,8,23485,16858.5,Pre-Disruption
6008,2023-01-06,1,1,102,8466,2780,5,56817,22761.0,Pre-Disruption
6009,2024-09-28,3,4,101,6168,3173,6,84885,16540.0,During-Disruption
6010,2023-11-10,4,1,103,1623,2148,2,74835,5729.5,During-Disruption
6011,2024-07-18,2,1,101,11993,4646,15,72324,31741.5,During-Disruption
6012,2025-04-05,1,2,102,8602,2260,7,40764,22320.0,Post-Disruption
6013,2024-05-20,3,1,101,6180,3030,8,56871,16597.0,During-Disruption
6014,2025-10-22,2,4,104,11765,4512,15,41155,31110.5,Post-Disruption
6015,2023-07-23,2,4,103,11996,4059,15,49490,31421.0,Pre-Disruption
6016,2024-10-23,2,2,102,11979,4379,13,35638,31287.5,During-Disruption
6017,2025-03-15,1,2,103,8660,2546,7,47665,22891.0,Post-Disruption
6018,2024-02-08,3,1,104,6376,3341,6,79246,17586.0,During-Disruption
6019,2024-06-19,1,2,102,8405,2742,6,53184,22349.5,During-Disruption
6020,2024-07-30,4,3,101,1531,1998,4,58514,4386.5,During-Disruption
6021,2025-02-01,1,1,103,8664,2206,4,72729,23334.0,Post-Disruption
6022,2023-04-27,3,1,102,6167,3290,8,70912,16403.5,Pre-Disruption
6023,2024-09-19,1,4,102,8525,2334,4,54229,22548.5,During-Disruption
6024,2025-01-18,1,1,104,8570,2219,4,39150,22561.0,Post-Disruption
6025,2023-04-15,1,2,102,8428,2526,7,47941,22939.0,Pre-Disruption
6026,2024-05-09,3,1,102,6275,3333,7,23550,17279.5,During-Disruption
6027,2023-02-15,2,1,104,11991,4653,14,57649,31683.5,Pre-Disruption
6028,2025-04-02,3,3,101,6204,3273,9,15942,16594.0,Post-Disruption
6029,2025-09-08,1,1,101,8444,2342,7,52297,21989.0,Post-Disruption
6030,2025-08-17,2,2,102,11800,4393,14,48196,30060.0,Post-Disruption
6031,2025-04-24,3,1,101,6325,3382,8,26843,16728.5,Post-Disruption
6032,2024-03-24,1,1,104,8503,2836,7,30659,22229.5,During-Disruption
6033,2024-06-19,2,4,101,11961,4490,12,82480,30768.5,During-Disruption
6034,2024-05-25,2,2,102,11952,4320,13,82891,30716.0,During-Disruption
6035,2024-06-23,1,4,104,8564,2611,5,61737,22165.0,During-Disruption
6036,2023-01-16,1,4,101,8691,2553,6,73758,22586.5,Pre-Disruption
6037,2023-08-31,2,4,103,11911,4431,14,47515,30899.5,Pre-Disruption
6038,2025-06-30,1,4,103,8543,2202,4,50996,21875.5,Post-Disruption
6039,2025-01-30,3,1,104,6335,3030,6,72047,16982.5,Post-Disruption
6040,2024-12-05,4,4,101,1421,1674,4,41997,4763.5,During-Disruption
6041,2023-04-25,2,1,102,11768,4323,12,84799,30360.0,Pre-Disruption
6042,2024-02-01,2,1,103,11768,4477,13,63101,31031.0,During-Disruption
6043,2024-01-29,1,1,101,8645,2359,4,26432,22514.5,During-Disruption
6044,2025-09-04,3,1,101,6162,2916,6,51811,16029.0,Post-Disruption
6045,2023-10-24,1,2,102,8636,2594,4,46304,23293.0,Pre-Disruption
6046,2025-09-28,2,1,102,11718,4355,14,31142,30731.0,Post-Disruption
6047,2023-06-27,4,1,101,1630,1631,1,70674,4921.0,Pre-Disruption
6048,2025-08-24,2,1,102,11928,4482,14,41700,30787.0,Post-Disruption
6049,2023-11-11,3,1,104,6226,3054,7,15568,16742.0,During-Disruption
6050,2025-11-28,2,3,103,11845,4623,13,17210,30494.5,Post-Disruption
6051,2023-09-16,1,1,103,8513,2809,6,75308,22106.5,Pre-Disruption
6052,2023-01-07,3,1,101,6342,3503,8,78884,17010.0,Pre-Disruption
6053,2023-02-18,1,1,101,8544,2857,4,30385,22410.0,Pre-Disruption
6054,2023-06-10,3,1,102,6140,3414,6,42627,16714.0,Pre-Disruption
6055,2023-06-25,1,2,103,8560,2541,5,59087,23125.0,Pre-Disruption
6056,2025-10-22,3,1,102,6176,3305,7,27830,16502.0,Post-Disruption
6057,2025-09-27,1,1,101,8567,2572,5,83119,22817.5,Post-Disruption
6058,2024-03-30,2,1,101,11983,4285,13,70903,30572.5,During-Disruption
6059,2023-10-03,2,1,101,11809,4559,15,42805,30104.5,Pre-Disruption
6060,2024-05-12,2,4,101,11894,4576,12,38633,30680.0,During-Disruption
6061,2024-11-06,1,1,101,8627,2420,4,75776,23205.5,During-Disruption
6062,2025-11-17,2,3,101,11866,4146,15,47053,30973.0,Post-Disruption
6063,2025-10-21,1,3,104,8420,2379,5,57875,21634.0,Post-Disruption
6064,2023-02-25,2,1,104,11864,4509,12,22444,30354.0,Pre-Disruption
6065,2024-06-30,1,4,102,8529,2496,4,25646,21880.5,During-Disruption
6066,2023-02-05,2,3,104,11961,4348,14,25832,31261.5,Pre-Disruption
6067,2024-03-14,1,2,102,8451,2690,7,72110,22883.5,During-Disruption
6068,2024-08-17,4,1,102,1660,1952,3,18252,5820.0,During-Disruption
6069,2023-11-03,2,2,104,11874,4080,15,20940,30877.0,During-Disruption
6070,2024-09-10,1,1,103,8698,2633,7,51315,23058.0,During-Disruption
6071,2023-12-23,2,1,102,11795,4122,15,27417,30344.5,During-Disruption
6072,2023-06-30,3,3,101,6139,3188,7,41904,16498.5,Pre-Disruption
6073,2023-03-09,1,4,102,8608,2669,7,41455,22107.0,Pre-Disruption
6074,2023-10-19,2,1,102,11841,4509,13,54774,31190.5,Pre-Disruption
6075,2024-11-22,2,3,103,11957,4593,15,82011,31369.5,During-Disruption
6076,2023-06-30,1,3,101,8566,2679,5,63811,22449.0,Pre-Disruption
6077,2024-03-09,3,1,103,6290,3495,7,18934,16519.0,During-Disruption
6078,2025-07-02,1,1,103,8518,2638,5,30910,22878.0,Post-Disruption
6079,2023-03-07,1,1,103,8545,2373,4,36374,22417.5,Pre-Disruption
6080,2025-11-10,3,3,102,6228,3245,8,52553,16817.0,Post-Disruption
6081,2024-01-19,2,3,101,11844,4104,14,83056,31203.0,During-Disruption
6082,2023-02-08,3,1,101,6153,3468,8,51868,16805.5,Pre-Disruption
6083,2025-04-01,2,2,103,11821,4680,12,57805,30597.5,Post-Disruption
6084,2024-08-24,3,3,104,6223,3486,6,32161,16963.5,During-Disruption
6085,2025-02-23,3,3,101,6266,3354,6,72564,16997.0,Post-Disruption
6086,2024-11-01,1,1,101,8542,2493,7,58850,21992.0,During-Disruption
6087,2024-04-23,3,2,103,6121,3292,9,25992,16211.5,During-Disruption
6088,2024-07-14,2,4,102,11975,4195,15,78556,31342.5,During-Disruption
6089,2023-04-11,1,1,103,8698,2621,7,45413,23542.0,Pre-Disruption
6090,2024-05-28,2,1,104,11976,4476,15,55507,31651.0,During-Disruption
6091,2023-06-25,1,3,104,8514,2417,6,45052,22113.0,Pre-Disruption
6092,2023-08-26,3,1,103,6371,3052,8,53823,16471.5,Pre-Disruption
6093,2025-06-28,2,4,104,11867,4036,14,62143,30832.5,Post-Disruption
6094,2025-12-18,4,1,102,1676,2289,3,21850,5563.0,Post-Disruption
6095,2025-05-20,1,1,102,8663,2547,6,30561,22192.5,Post-Disruption
6096,2024-05-09,2,1,102,11949,4169,12,26311,30779.5,During-Disruption
6097,2025-08-04,1,1,104,8654,2509,4,31330,22897.0,Post-Disruption
6098,2025-01-24,2,1,102,11757,4636,15,40569,30533.5,Post-Disruption
6099,2023-07-30,3,2,103,6104,3574,8,51288,17171.0,Pre-Disruption
6100,2023-05-20,3,1,102,6210,3253,9,74901,16766.0,Pre-Disruption
6101,2024-06-24,3,4,104,6385,3149,6,30625,16812.5,During-Disruption
6102,2023-09-27,3,2,101,6364,3278,9,39837,17088.0,Pre-Disruption
6103,2025-11-01,1,1,104,8648,2344,6,75733,22273.0,Post-Disruption
6104,2024-05-20,1,1,103,8494,2824,6,52406,23202.0,During-Disruption
6105,2023-02-01,2,2,103,11996,4488,14,59805,30686.0,Pre-Disruption
6106,2025-12-28,2,1,104,11884,4091,12,34806,30277.0,Post-Disruption
6107,2025-03-23,1,1,102,8628,2380,7,31871,22923.0,Post-Disruption
6108,2023-12-28,2,4,102,11961,4127,13,67572,31495.5,During-Disruption
6109,2025-07-17,2,1,101,11818,4277,13,70765,31186.0,Post-Disruption
6110,2023-04-10,1,1,102,8633,2641,5,30115,22880.5,Pre-Disruption
6111,2023-01-09,3,2,103,6381,3580,7,74602,16834.5,Pre-Disruption
6112,2024-11-27,2,2,102,11901,4258,13,26398,31666.5,During-Disruption
6113,2025-11-18,1,1,104,8661,2547,4,52751,23173.5,Post-Disruption
6114,2024-04-06,1,3,104,8452,2774,6,27666,21954.0,During-Disruption
6115,2025-07-09,3,2,101,6260,3383,7,49550,17433.0,Post-Disruption
6116,2024-01-25,4,2,103,1643,1901,2,31660,5831.5,During-Disruption
6117,2024-09-23,2,1,104,11793,4211,13,79077,30530.5,During-Disruption
6118,2024-11-12,1,4,103,8439,2687,7,56457,21714.5,During-Disruption
6119,2023-06-06,4,1,102,1679,2083,3,45086,5210.5,Pre-Disruption
6120,2023-12-01,2,2,101,11791,4647,13,45796,30665.5,During-Disruption
6121,2023-09-17,3,1,101,6137,3450,6,30740,16820.5,Pre-Disruption
6122,2023-03-23,3,3,102,6342,3362,8,18928,17609.0,Pre-Disruption
6123,2025-01-23,1,1,104,8535,2549,6,42117,22877.5,Post-Disruption
6124,2024-12-20,2,1,103,11763,4302,14,68606,30213.5,During-Disruption
6125,2023-03-16,1,3,103,8600,2617,7,34223,22369.0,Pre-Disruption
6126,2024-09-17,1,1,103,8661,2267,6,80813,23647.5,During-Disruption
6127,2023-03-03,3,1,104,6274,2956,7,84802,17669.0,Pre-Disruption
6128,2025-05-23,3,2,102,6276,3369,7,61258,16217.0,Post-Disruption
6129,2023-11-16,3,3,103,6184,3052,9,75793,16849.0,During-Disruption
6130,2023-04-12,2,1,104,11859,4200,12,69289,31028.5,Pre-Disruption
6131,2025-05-23,1,1,103,8581,2798,7,68356,23340.5,Post-Disruption
6132,2025-08-11,1,4,104,8435,2238,7,49233,22225.5,Post-Disruption
6133,2023-09-12,1,2,102,8498,2711,5,57723,22362.0,Pre-Disruption
6134,2024-07-23,2,1,103,11925,4247,14,77040,31797.5,During-Disruption
6135,2023-04-22,2,3,102,11736,4113,15,46525,30054.0,Pre-Disruption
6136,2025-09-11,1,2,101,8672,2577,4,40837,23049.0,Post-Disruption
6137,2025-09-24,4,1,104,1671,1734,2,47099,6101.5,Post-Disruption
6138,2024-04-05,1,1,101,8585,2322,6,48017,22500.5,During-Disruption
6139,2024-12-08,3,1,102,6148,3494,6,15996,17160.0,During-Disruption
6140,2025-06-05,2,4,102,11793,4212,15,57869,30153.5,Post-Disruption
6141,2025-12-11,1,1,102,8625,2701,4,59121,22865.5,Post-Disruption
6142,2024-06-03,3,1,103,6104,3074,9,31787,17160.0,During-Disruption
6143,2025-03-22,3,4,103,6273,3174,9,84612,16837.5,Post-Disruption
6144,2023-08-24,2,1,102,11882,4235,15,84499,30520.0,Pre-Disruption
6145,2025-07-15,2,2,102,11772,4545,15,53532,30400.0,Post-Disruption
6146,2024-07-10,1,1,103,8544,2370,7,46096,22905.0,During-Disruption
6147,2024-10-10,2,2,103,11851,4652,13,58805,30332.5,During-Disruption
6148,2023-08-22,4,1,104,1455,2019,4,27862,5237.5,Pre-Disruption
6149,2025-11-21,1,1,102,8582,2736,6,23431,23192.0,Post-Disruption
6150,2024-08-01,1,2,103,8521,2296,7,59182,23280.5,During-Disruption
6151,2024-06-25,4,2,103,1643,1620,2,56647,4983.5,During-Disruption
6152,2023-04-24,1,2,101,8603,2489,4,52718,22697.5,Pre-Disruption
6153,2023-07-23,2,2,102,11778,4621,14,42790,30798.0,Pre-Disruption
6154,2025-11-18,2,2,102,11715,4081,12,17304,30169.5,Post-Disruption
6155,2024-10-04,2,2,103,11825,4106,12,63841,30212.5,During-Disruption
6156,2024-04-18,2,2,101,11786,4688,14,20271,31371.0,During-Disruption
6157,2024-11-27,1,2,104,8677,2485,5,66781,22555.5,During-Disruption
6158,2023-09-10,1,2,102,8442,2820,7,54565,21939.0,Pre-Disruption
6159,2025-06-23,3,2,104,6178,3449,9,23287,16231.0,Post-Disruption
6160,2024-01-21,3,1,102,6376,3230,9,56298,17363.0,During-Disruption
6161,2023-03-03,2,1,103,11963,4131,12,41053,30729.5,Pre-Disruption
6162,2024-05-29,2,1,104,11927,4338,14,32491,30742.5,During-Disruption
6163,2024-03-05,1,4,102,8524,2420,7,39024,22474.0,During-Disruption
6164,2024-08-02,1,3,104,8505,2276,7,50155,22562.5,During-Disruption
6165,2025-01-12,3,2,103,6329,3504,7,63293,16728.5,Post-Disruption
6166,2024-11-05,2,1,101,11833,4650,13,48418,30429.5,During-Disruption
6167,2023-11-07,1,1,101,8480,2791,4,43094,22520.0,During-Disruption
6168,2024-04-15,1,4,104,8508,2249,6,38199,21913.0,During-Disruption
6169,2025-03-19,1,4,104,8574,2542,5,32820,22355.0,Post-Disruption
6170,2023-06-21,1,1,104,8563,2531,6,52002,23319.5,Pre-Disruption
6171,2024-07-29,3,3,102,6224,3193,7,44104,16294.0,During-Disruption
6172,2023-01-31,4,1,103,1422,1751,3,59136,4705.0,Pre-Disruption
6173,2023-02-16,3,1,104,6161,2994,8,42354,16681.5,Pre-Disruption
6174,2023-05-10,4,3,101,1611,2277,3,42001,4803.5,Pre-Disruption
6175,2023-12-18,4,2,102,1651,1980,1,70205,5028.5,During-Disruption
6176,2025-09-04,2,3,104,11795,4439,13,32595,30640.5,Post-Disruption
6177,2023-02-27,1,1,102,8608,2520,5,25077,23332.0,Pre-Disruption
6178,2025-03-22,3,1,104,6156,2989,9,63388,16550.0,Post-Disruption
6179,2025-02-06,1,1,104,8633,2728,7,23131,23515.5,Post-Disruption
6180,2024-11-13,1,1,102,8464,2482,4,30150,23156.0,During-Disruption
6181,2025-09-23,1,2,103,8692,2544,5,25382,22717.0,Post-Disruption
6182,2023-10-13,2,1,103,11716,4232,15,56473,30848.0,Pre-Disruption
6183,2025-12-30,1,1,101,8534,2551,5,42662,22921.0,Post-Disruption
6184,2025-06-04,1,1,103,8529,2632,7,23502,22959.5,Post-Disruption
6185,2024-02-01,2,3,103,11736,4313,12,32228,30212.0,During-Disruption
6186,2023-01-26,3,2,102,6349,3279,9,23973,17258.5,Pre-Disruption
6187,2023-11-09,2,2,102,11756,4256,12,55175,31038.0,During-Disruption
6188,2023-05-06,3,1,101,6109,3296,6,63885,16943.5,Pre-Disruption
6189,2025-03-21,1,1,104,8480,2456,6,44872,22018.0,Post-Disruption
6190,2023-07-07,1,1,102,8489,2358,4,24476,22338.5,Pre-Disruption
6191,2024-11-28,2,1,102,11819,4202,14,52099,30164.5,During-Disruption
6192,2025-03-20,2,1,102,11801,4412,13,47612,30768.5,Post-Disruption
6193,2024-12-16,2,1,103,11726,4687,12,16485,30057.0,During-Disruption
6194,2024-03-25,3,2,102,6360,2981,6,41109,17307.0,During-Disruption
6195,2024-06-06,3,4,101,6160,3345,6,66268,16443.0,During-Disruption
6196,2025-09-12,4,1,101,1535,1624,4,55265,4955.5,Post-Disruption
6197,2024-10-19,1,3,102,8496,2217,4,84103,21836.0,During-Disruption
6198,2024-08-19,1,1,104,8548,2696,5,81556,22173.0,During-Disruption
6199,2023-04-10,2,2,102,11926,4115,14,21492,31305.0,Pre-Disruption
6200,2024-09-07,1,2,101,8676,2348,5,21159,23467.0,During-Disruption
6201,2025-08-05,1,4,104,8627,2525,6,47976,23466.5,Post-Disruption
6202,2024-07-09,1,1,103,8648,2220,5,79134,23330.0,During-Disruption
6203,2023-10-05,1,1,102,8657,2805,7,54978,23441.5,Pre-Disruption
6204,2024-05-05,1,1,101,8619,2347,5,24165,22663.5,During-Disruption
6205,2023-09-12,1,1,103,8635,2837,5,60005,22955.5,Pre-Disruption
6206,2024-01-16,2,4,101,11719,4632,12,58401,30601.5,During-Disruption
6207,2025-06-10,2,3,103,11837,4639,15,42262,30210.5,Post-Disruption
6208,2024-06-25,3,3,101,6288,3345,9,77340,17176.0,During-Disruption
6209,2025-04-04,2,2,101,11804,4286,12,55242,31197.0,Post-Disruption
6210,2025-05-28,1,4,103,8497,2864,6,39957,21945.5,Post-Disruption
6211,2023-10-08,1,1,102,8669,2524,5,58367,23541.5,Pre-Disruption
6212,2025-02-11,1,1,101,8552,2399,4,61229,21913.0,Post-Disruption
6213,2025-04-22,3,3,104,6317,3047,9,18062,16809.5,Post-Disruption
6214,2024-12-19,3,1,102,6120,3266,7,58170,16357.0,During-Disruption
6215,2023-11-24,1,1,104,8671,2420,5,21125,22582.5,During-Disruption
6216,2023-07-30,1,1,101,8601,2427,6,26379,22356.5,Pre-Disruption
6217,2024-12-27,4,2,103,1559,1905,3,40782,5503.5,During-Disruption
6218,2025-07-11,2,2,102,11763,4178,13,70029,31081.5,Post-Disruption
6219,2024-07-05,3,1,103,6183,3375,7,69638,16070.5,During-Disruption
6220,2023-01-26,1,3,103,8472,2616,5,20993,22287.0,Pre-Disruption
6221,2023-01-27,1,3,104,8459,2809,6,51806,22842.5,Pre-Disruption
6222,2024-12-02,3,4,104,6246,3527,8,59973,16125.0,During-Disruption
6223,2024-11-12,2,2,102,11746,4122,12,51167,30181.0,During-Disruption
6224,2024-02-17,2,3,102,11922,4284,14,18872,30892.0,During-Disruption
6225,2023-06-16,2,3,102,11857,4002,15,56349,30832.5,Pre-Disruption
6226,2023-06-18,2,1,104,11746,4261,15,60124,29927.0,Pre-Disruption
6227,2023-08-17,3,1,104,6388,3579,7,83557,17724.0,Pre-Disruption
6228,2024-01-02,1,1,103,8609,2670,5,15456,22031.5,During-Disruption
6229,2024-06-11,1,1,103,8420,2531,6,56305,22048.0,During-Disruption
6230,2025-03-01,3,1,103,6330,3160,9,59511,17308.0,Post-Disruption
6231,2024-06-07,1,1,102,8697,2202,4,77213,23160.5,During-Disruption
6232,2025-12-31,2,1,101,11804,4446,14,51224,30165.0,Post-Disruption
6233,2023-04-16,3,1,104,6225,3115,8,53034,16233.5,Pre-Disruption
6234,2025-01-01,4,1,102,1698,2078,4,68025,4981.0,Post-Disruption
6235,2025-08-22,2,3,104,11767,4568,13,77399,31057.5,Post-Disruption
6236,2023-05-13,2,3,101,11725,4681,13,45034,30051.5,Pre-Disruption
6237,2024-06-17,3,2,104,6260,3494,9,46920,16535.0,During-Disruption
6238,2025-09-01,3,1,104,6207,3339,9,80482,16586.5,Post-Disruption
6239,2023-09-26,3,1,104,6388,3099,6,20201,16639.0,Pre-Disruption
6240,2024-11-03,2,1,103,11783,4667,15,35141,30377.5,During-Disruption
6241,2025-03-01,1,1,101,8440,2478,5,24266,22646.0,Post-Disruption
6242,2023-01-18,2,3,102,11899,4134,15,27232,30542.5,Pre-Disruption
6243,2023-04-27,3,1,102,6135,3193,9,34946,17073.5,Pre-Disruption
6244,2025-03-08,3,3,102,6333,3104,6,76931,17514.5,Post-Disruption
6245,2024-07-04,1,3,101,8641,2896,6,37784,22322.5,During-Disruption
6246,2025-07-17,2,1,104,11719,4084,12,46704,30030.5,Post-Disruption
6247,2025-01-22,2,2,102,11851,4292,15,33440,31035.5,Post-Disruption
6248,2024-02-26,4,1,101,1570,1989,3,81902,4898.0,During-Disruption
6249,2024-10-07,2,1,103,11915,4137,15,47716,30767.5,During-Disruption
6250,2024-07-11,2,2,101,11931,4410,14,56875,31730.5,During-Disruption
6251,2023-02-19,1,4,103,8415,2708,7,69395,22658.5,Pre-Disruption
6252,2024-11-08,2,3,101,11982,4217,13,64236,31232.0,During-Disruption
6253,2023-04-16,1,4,103,8564,2817,6,52799,22102.0,Pre-Disruption
6254,2024-10-19,3,1,102,6368,2956,8,71989,17239.0,During-Disruption
6255,2025-12-31,3,1,101,6278,2991,6,32942,16513.0,Post-Disruption
6256,2025-09-14,2,1,103,11957,4369,13,69327,30829.5,Post-Disruption
6257,2025-04-21,2,1,104,11775,4570,13,54312,30574.5,Post-Disruption
6258,2024-03-21,3,1,102,6204,3311,7,68761,16095.0,During-Disruption
6259,2023-03-11,1,2,102,8486,2392,7,84993,22276.0,Pre-Disruption
6260,2023-05-30,1,2,103,8413,2316,7,67951,22599.5,Pre-Disruption
6261,2025-02-12,4,4,103,1685,2269,3,29328,5999.5,Post-Disruption
6262,2025-08-01,3,4,101,6346,3174,9,33168,16613.0,Post-Disruption
6263,2024-03-30,3,1,103,6340,3252,9,27907,17126.0,During-Disruption
6264,2025-08-03,1,4,103,8408,2645,6,23462,21542.0,Post-Disruption
6265,2024-08-23,1,1,104,8423,2235,4,73729,22320.5,During-Disruption
6266,2024-10-14,1,1,102,8511,2823,7,59501,21988.5,During-Disruption
6267,2024-12-25,1,3,103,8696,2396,5,27062,23169.0,During-Disruption
6268,2023-08-21,3,1,103,6316,3189,7,23339,17560.0,Pre-Disruption
6269,2023-09-08,1,4,104,8627,2894,7,43265,23328.5,Pre-Disruption
6270,2023-03-20,3,2,103,6131,3385,9,66670,16528.5,Pre-Disruption
6271,2025-12-11,1,4,104,8676,2610,6,23734,23213.0,Post-Disruption
6272,2025-06-16,1,4,102,8569,2622,7,43940,22648.5,Post-Disruption
6273,2025-07-09,4,2,102,1630,1838,1,49793,5151.0,Post-Disruption
6274,2025-02-19,1,1,104,8469,2497,6,15368,22296.5,Post-Disruption
6275,2023-08-14,1,1,104,8510,2241,5,29735,22836.0,Pre-Disruption
6276,2025-12-10,1,1,102,8488,2287,6,71831,22609.0,Post-Disruption
6277,2025-11-23,1,1,102,8401,2375,7,25344,21871.5,Post-Disruption
6278,2025-03-13,2,3,104,11755,4277,15,81315,30662.5,Post-Disruption
6279,2025-01-11,1,1,101,8557,2542,4,24675,22323.5,Post-Disruption
6280,2023-05-11,2,4,102,11970,4296,12,55434,31717.0,Pre-Disruption
6281,2025-10-19,3,3,102,6373,3179,8,26632,16554.5,Post-Disruption
6282,2024-09-23,2,1,104,11731,4423,13,66901,30877.5,During-Disruption
6283,2025-04-17,1,1,104,8669,2615,6,19169,22754.5,Post-Disruption
6284,2025-01-28,2,1,104,11889,4032,14,70177,30224.5,Post-Disruption
6285,2024-12-04,1,1,101,8609,2227,4,44633,22874.5,During-Disruption
6286,2024-05-11,2,2,104,11721,4208,14,71410,31142.5,During-Disruption
6287,2023-11-19,2,1,101,11713,4601,12,24267,30877.5,During-Disruption
6288,2024-09-06,1,2,104,8605,2793,4,28085,22156.5,During-Disruption
6289,2023-11-25,3,1,104,6133,3147,8,59640,17265.5,During-Disruption
6290,2023-05-13,4,3,101,1455,1977,1,66854,5445.5,Pre-Disruption
6291,2025-04-14,3,3,103,6339,3257,9,43860,16418.5,Post-Disruption
6292,2024-10-12,1,1,102,8462,2217,7,65167,22857.0,During-Disruption
6293,2023-05-01,2,1,104,11779,4212,14,74013,31013.5,Pre-Disruption
6294,2024-08-28,4,3,103,1439,2113,2,72296,5320.5,During-Disruption
6295,2025-08-22,1,4,101,8693,2293,5,71940,23007.5,Post-Disruption
6296,2023-05-09,3,1,104,6378,2916,9,70409,16853.0,Pre-Disruption
6297,2023-01-29,1,1,101,8655,2438,4,20206,23394.5,Pre-Disruption
6298,2024-12-22,1,1,101,8509,2727,5,17273,22133.5,During-Disruption
6299,2023-11-29,3,1,101,6147,3566,7,70419,17014.5,During-Disruption
6300,2025-08-01,3,1,103,6331,3076,8,76272,16637.5,Post-Disruption
6301,2025-11-13,3,1,101,6181,3030,8,68541,16124.5,Post-Disruption
6302,2023-12-22,4,2,102,1573,1897,2,66663,4906.5,During-Disruption
6303,2023-05-19,1,1,104,8512,2262,5,71459,23017.0,Pre-Disruption
6304,2023-01-29,1,1,104,8677,2329,7,36951,23026.5,Pre-Disruption
6305,2025-07-19,4,1,102,1439,1962,3,77601,4921.5,Post-Disruption
6306,2024-05-10,1,4,104,8429,2815,6,67890,22840.5,During-Disruption
6307,2025-10-10,2,1,102,11954,4269,13,31887,31462.0,Post-Disruption
6308,2024-10-16,2,4,103,11939,4267,15,76350,31472.5,During-Disruption
6309,2025-04-07,1,2,101,8582,2699,4,80257,22490.0,Post-Disruption
6310,2023-12-17,1,1,103,8583,2739,6,80861,22530.5,During-Disruption
6311,2024-07-07,2,1,102,11741,4486,14,24772,30462.5,During-Disruption
6312,2023-10-26,3,2,101,6226,3116,7,52655,16872.0,Pre-Disruption
6313,2023-03-05,3,2,103,6181,3256,7,48319,16108.5,Pre-Disruption
6314,2025-01-24,2,2,101,11932,4645,12,56252,31361.0,Post-Disruption
6315,2025-02-08,2,3,101,11891,4285,14,49371,30685.5,Post-Disruption
6316,2025-04-13,1,3,103,8400,2678,7,44048,22795.0,Post-Disruption
6317,2023-06-15,1,1,104,8606,2745,7,50560,22431.0,Pre-Disruption
6318,2024-05-20,2,3,102,11896,4697,13,28184,30559.0,During-Disruption
6319,2025-03-03,1,2,103,8682,2611,7,44390,23483.0,Post-Disruption
6320,2025-04-12,1,1,103,8416,2530,7,27588,22720.0,Post-Disruption
6321,2025-05-07,2,2,104,11868,4692,13,59318,31498.0,Post-Disruption
6322,2025-03-16,2,2,102,11885,4448,12,47881,31344.5,Post-Disruption
6323,2025-01-30,1,1,103,8521,2896,4,27228,21889.5,Post-Disruption
6324,2025-04-12,2,1,101,11923,4026,14,69826,31012.5,Post-Disruption
6325,2023-10-10,2,1,102,11826,4111,13,83692,30069.0,Pre-Disruption
6326,2024-01-14,1,1,104,8565,2691,5,15633,22639.5,During-Disruption
6327,2023-07-17,4,1,103,1521,1736,3,68788,5762.5,Pre-Disruption
6328,2025-10-11,1,1,101,8619,2737,7,25083,23309.5,Post-Disruption
6329,2025-10-20,3,1,102,6378,3161,6,22778,17603.0,Post-Disruption
6330,2024-07-09,1,1,103,8547,2846,6,83339,22857.5,During-Disruption
6331,2023-12-22,3,4,102,6391,3588,8,55074,16988.5,During-Disruption
6332,2025-11-06,1,1,101,8646,2721,6,24713,22696.0,Post-Disruption
6333,2024-09-30,3,1,101,6287,3198,6,29056,17053.5,During-Disruption
6334,2024-01-14,1,1,102,8410,2309,7,20648,22115.0,During-Disruption
6335,2024-11-10,3,3,101,6383,3332,6,77647,16867.5,During-Disruption
6336,2024-05-20,2,1,101,11744,4478,13,73886,30425.0,During-Disruption
6337,2025-06-17,1,1,102,8523,2823,5,47077,23031.5,Post-Disruption
6338,2023-03-17,3,1,102,6346,3512,8,58944,16746.0,Pre-Disruption
6339,2023-08-19,1,4,104,8558,2466,5,51331,22685.0,Pre-Disruption
6340,2025-08-19,4,2,103,1666,2267,1,78207,5874.0,Post-Disruption
6341,2023-10-29,1,1,104,8691,2412,5,63902,23552.5,Pre-Disruption
6342,2024-12-26,2,1,104,11777,4308,13,46181,30556.5,During-Disruption
6343,2023-08-03,3,1,104,6390,2953,9,69881,17801.0,Pre-Disruption
6344,2023-03-10,1,1,104,8550,2864,4,59225,22189.0,Pre-Disruption
6345,2024-01-28,1,3,103,8684,2594,5,59883,23662.0,During-Disruption
6346,2023-09-24,3,1,102,6250,3411,6,74600,16490.0,Pre-Disruption
6347,2025-12-28,3,2,101,6223,3224,7,39649,17142.5,Post-Disruption
6348,2024-09-02,4,1,101,1627,1695,4,33272,5388.5,During-Disruption
6349,2025-10-05,1,2,102,8671,2373,5,36155,22301.5,Post-Disruption
6350,2025-08-19,2,1,102,11916,4343,14,42435,31260.0,Post-Disruption
6351,2024-12-28,1,1,102,8546,2404,7,65541,23258.0,During-Disruption
6352,2024-11-03,1,2,101,8617,2254,5,51985,22694.5,During-Disruption
6353,2024-02-27,3,1,104,6195,3125,8,19746,17278.5,During-Disruption
6354,2023-04-25,1,2,104,8449,2506,5,78636,21663.5,Pre-Disruption
6355,2023-08-08,2,4,104,11742,4280,14,42112,31060.0,Pre-Disruption
6356,2023-01-31,2,1,103,11718,4616,15,38074,30829.0,Pre-Disruption
6357,2024-09-08,3,4,104,6212,3589,7,52666,16269.0,During-Disruption
6358,2024-06-22,4,1,103,1612,1901,1,70330,4898.0,During-Disruption
6359,2025-01-08,2,1,101,11717,4204,13,61246,30197.5,Post-Disruption
6360,2025-10-22,2,2,103,11833,4219,12,24592,30294.5,Post-Disruption
6361,2025-05-20,3,2,102,6390,3327,9,63375,16583.0,Post-Disruption
6362,2023-04-11,2,1,102,11713,4140,12,15293,29958.5,Pre-Disruption
6363,2025-12-17,1,3,101,8463,2654,6,57537,21693.5,Post-Disruption
6364,2024-11-22,1,4,104,8562,2344,4,19268,22889.0,During-Disruption
6365,2025-07-29,1,1,101,8657,2725,7,35442,22711.5,Post-Disruption
6366,2023-12-07,2,4,102,11705,4157,15,20282,31044.5,During-Disruption
6367,2025-05-10,3,2,104,6220,3004,6,42820,17011.0,Post-Disruption
6368,2025-11-09,1,4,102,8552,2488,6,56263,22866.0,Post-Disruption
6369,2023-02-07,1,1,101,8577,2831,7,17951,22102.5,Pre-Disruption
6370,2024-10-21,4,3,104,1462,2293,2,36145,5068.0,During-Disruption
6371,2025-07-16,3,1,101,6357,3084,9,71170,16466.5,Post-Disruption
6372,2025-11-15,2,4,102,11764,4216,13,17716,31132.0,Post-Disruption
6373,2024-03-29,1,2,104,8586,2230,4,21966,22001.0,During-Disruption
6374,2025-01-06,1,1,102,8626,2478,6,18375,22612.0,Post-Disruption
6375,2025-03-29,1,1,104,8598,2674,5,23143,23305.0,Post-Disruption
6376,2025-02-11,1,3,103,8693,2424,6,49378,23679.5,Post-Disruption
6377,2023-01-13,1,2,103,8650,2886,6,44775,22562.0,Pre-Disruption
6378,2025-07-03,2,1,102,11892,4176,12,70716,30939.0,Post-Disruption
6379,2025-07-09,1,1,101,8518,2283,7,59424,23191.0,Post-Disruption
6380,2025-04-04,1,3,103,8578,2767,7,63732,22894.0,Post-Disruption
6381,2024-01-06,1,1,103,8451,2291,7,75295,21851.5,During-Disruption
6382,2023-11-28,2,1,104,11809,4007,14,56127,30853.5,During-Disruption
6383,2023-09-18,2,4,104,11923,4661,15,40104,31000.5,Pre-Disruption
6384,2024-11-27,2,1,104,11797,4573,15,34173,30421.5,During-Disruption
6385,2024-11-17,1,1,102,8447,2253,4,69635,21786.5,During-Disruption
6386,2025-08-07,1,1,101,8500,2362,7,22982,23143.0,Post-Disruption
6387,2024-01-22,1,4,101,8639,2830,6,68129,22720.5,During-Disruption
6388,2025-03-31,1,1,104,8473,2678,4,26649,21774.5,Post-Disruption
6389,2024-04-12,3,2,102,6137,3007,9,81888,17341.5,During-Disruption
6390,2023-03-10,4,4,104,1615,1870,2,28112,5360.5,Pre-Disruption
6391,2023-07-19,2,1,101,11835,4625,15,68416,30101.5,Pre-Disruption
6392,2023-08-04,4,3,102,1405,1836,3,16117,4297.5,Pre-Disruption
6393,2023-07-31,2,1,104,11946,4260,12,48226,31411.0,Pre-Disruption
6394,2024-05-22,1,2,104,8596,2728,7,15518,22769.0,During-Disruption
6395,2023-01-16,4,1,101,1510,2203,2,19231,4777.0,Pre-Disruption
6396,2025-06-02,1,2,102,8687,2828,7,41461,22820.5,Post-Disruption
6397,2023-11-28,2,1,101,11737,4386,12,73477,30704.5,During-Disruption
6398,2024-12-17,1,1,102,8514,2602,4,23385,21907.0,During-Disruption
6399,2024-07-04,1,4,102,8584,2557,4,84225,22574.0,During-Disruption
6400,2025-07-30,2,1,104,11911,4218,12,71469,31572.5,Post-Disruption
6401,2023-09-13,2,3,101,11954,4464,12,56907,31566.0,Pre-Disruption
6402,2025-09-18,1,1,102,8512,2620,6,65401,22359.0,Post-Disruption
6403,2024-12-28,1,1,103,8669,2348,5,51784,23484.5,During-Disruption
6404,2025-05-29,1,3,104,8574,2556,5,36763,22375.0,Post-Disruption
6405,2025-03-25,4,1,101,1418,1650,2,34032,4909.0,Post-Disruption
6406,2024-10-10,3,4,102,6302,2953,8,23120,17530.0,During-Disruption
6407,2025-09-26,2,1,104,11825,4138,12,51148,30530.5,Post-Disruption
6408,2024-04-15,1,1,101,8653,2869,7,62030,22657.5,During-Disruption
6409,2024-11-20,3,2,101,6354,3012,8,26231,16400.0,During-Disruption
6410,2024-11-30,1,1,104,8687,2626,4,20502,22509.5,During-Disruption
6411,2024-05-21,1,1,102,8691,2697,6,53446,22477.5,During-Disruption
6412,2025-09-18,1,3,104,8551,2491,7,74162,22655.5,Post-Disruption
6413,2025-10-06,3,1,103,6298,3245,9,61737,16405.0,Post-Disruption
6414,2025-03-14,1,1,104,8598,2710,5,20080,23276.0,Post-Disruption
6415,2025-04-10,1,3,101,8574,2640,6,72922,23021.0,Post-Disruption
6416,2023-08-02,2,3,103,11969,4631,15,69785,30761.5,Pre-Disruption
6417,2023-06-18,1,1,103,8579,2802,4,66181,22235.5,Pre-Disruption
6418,2025-09-04,2,2,102,11917,4480,13,77564,31300.5,Post-Disruption
6419,2023-05-26,2,2,104,11817,4227,15,72484,30843.5,Pre-Disruption
6420,2024-05-30,2,2,102,11722,4609,13,65343,30906.0,During-Disruption
6421,2024-03-28,1,1,104,8524,2289,4,63517,23269.0,During-Disruption
6422,2023-03-01,1,4,101,8483,2735,4,44195,22567.5,Pre-Disruption
6423,2024-06-11,3,1,102,6298,3295,8,62590,17206.0,During-Disruption
6424,2025-10-20,3,2,101,6286,2974,6,34784,16456.0,Post-Disruption
6425,2024-04-18,1,4,101,8491,2860,4,46908,22694.5,During-Disruption
6426,2025-01-26,1,2,103,8581,2535,4,64827,23431.5,Post-Disruption
6427,2025-02-20,1,4,102,8626,2363,5,66231,22903.0,Post-Disruption
6428,2024-03-08,2,1,104,11898,4518,12,70480,31471.0,During-Disruption
6429,2024-02-05,3,1,102,6334,3464,7,47700,16706.0,During-Disruption
6430,2023-02-26,1,4,101,8443,2355,7,30646,22861.5,Pre-Disruption
6431,2025-09-29,2,1,103,11775,4502,15,38022,30542.5,Post-Disruption
6432,2023-07-05,3,3,102,6240,3233,7,44351,16586.0,Pre-Disruption
6433,2024-02-02,4,1,103,1581,2090,2,32325,5652.5,During-Disruption
6434,2024-08-27,1,3,103,8518,2806,4,31806,23121.0,During-Disruption
6435,2025-02-26,1,2,101,8439,2527,4,77014,22257.5,Post-Disruption
6436,2023-06-07,1,1,102,8659,2200,5,81870,23369.5,Pre-Disruption
6437,2024-08-11,3,1,102,6343,3259,8,82484,17592.5,During-Disruption
6438,2024-04-10,3,2,102,6228,3526,8,51058,17410.0,During-Disruption
6439,2024-03-21,2,1,103,11705,4336,14,26658,31154.5,During-Disruption
6440,2025-03-11,1,2,104,8465,2752,7,39816,22577.5,Post-Disruption
6441,2025-07-17,1,2,102,8618,2386,4,76222,22203.0,Post-Disruption
6442,2023-01-17,1,1,101,8545,2468,5,59241,22429.5,Pre-Disruption
6443,2024-12-31,2,3,103,11933,4430,15,29293,31795.5,During-Disruption
6444,2023-11-22,1,1,104,8428,2738,7,71148,22989.0,During-Disruption
6445,2025-09-21,1,1,102,8560,2322,4,25593,22093.0,Post-Disruption
6446,2024-09-04,3,1,104,6230,3451,7,19171,16612.0,During-Disruption
6447,2024-06-29,1,2,103,8547,2418,6,26939,22958.5,During-Disruption
6448,2024-08-18,2,4,104,11781,4415,12,69175,30493.5,During-Disruption
6449,2025-07-09,1,1,103,8482,2385,7,69651,22701.0,Post-Disruption
6450,2025-04-21,3,1,104,6172,3487,9,47527,17229.0,Post-Disruption
6451,2023-12-10,2,1,104,11913,4563,15,17089,30987.5,During-Disruption
6452,2025-05-08,4,3,103,1425,1804,4,64566,5504.5,Post-Disruption
6453,2024-03-20,2,1,104,11989,4335,14,58240,31830.5,During-Disruption
6454,2023-08-10,4,3,101,1470,1989,2,79325,4993.0,Pre-Disruption
6455,2024-08-14,3,1,102,6276,3203,8,47268,16941.0,During-Disruption
6456,2025-10-27,2,3,104,11788,4678,15,27362,30239.0,Post-Disruption
6457,2025-10-14,4,2,104,1576,2111,2,48403,5774.0,Post-Disruption
6458,2023-01-16,1,4,104,8426,2425,4,67527,22496.0,Pre-Disruption
6459,2024-06-07,1,1,102,8688,2712,4,33835,23040.0,During-Disruption
6460,2025-03-13,1,2,103,8462,2228,6,32020,22668.0,Post-Disruption
6461,2023-01-21,2,3,102,11718,4603,12,58485,30241.0,Pre-Disruption
6462,2023-08-16,3,2,104,6377,3514,9,37917,17175.5,Pre-Disruption
6463,2025-10-04,3,1,103,6166,3411,7,69071,16356.0,Post-Disruption
6464,2025-03-19,1,4,104,8637,2834,5,30568,23270.5,Post-Disruption
6465,2024-02-08,2,1,103,11836,4613,14,27926,30603.0,During-Disruption
6466,2025-12-25,1,1,104,8562,2553,5,32873,22373.0,Post-Disruption
6467,2024-03-12,2,1,104,11992,4471,12,77051,31581.0,During-Disruption
6468,2025-04-08,1,2,103,8427,2888,6,27150,23059.5,Post-Disruption
6469,2025-07-22,4,3,101,1655,1914,4,67625,5939.5,Post-Disruption
6470,2023-09-16,1,1,102,8690,2756,6,22914,22899.0,Pre-Disruption
6471,2023-04-13,1,1,103,8511,2478,4,76934,22094.5,Pre-Disruption
6472,2025-09-19,3,2,102,6339,3187,6,71271,17482.5,Post-Disruption
6473,2025-02-07,2,1,101,11942,4366,12,39489,30682.0,Post-Disruption
6474,2025-03-23,1,4,101,8552,2530,6,73504,21938.0,Post-Disruption
6475,2023-08-14,2,4,103,11964,4396,14,23531,31346.0,Pre-Disruption
6476,2025-07-31,1,1,101,8451,2584,5,75760,22555.5,Post-Disruption
6477,2024-04-07,4,1,101,1664,2177,3,25774,4884.0,During-Disruption
6478,2023-08-25,2,4,104,11753,4510,15,46220,30263.5,Pre-Disruption
6479,2025-11-15,1,1,104,8532,2757,6,32323,22164.0,Post-Disruption
6480,2024-05-20,2,1,101,11890,4029,13,55740,31553.0,During-Disruption
6481,2025-03-24,1,1,104,8523,2396,7,69967,22576.5,Post-Disruption
6482,2025-02-05,3,1,101,6317,3162,9,17699,16422.5,Post-Disruption
6483,2024-09-25,4,3,104,1470,2007,3,67577,4376.0,During-Disruption
6484,2025-09-17,3,2,101,6313,2994,7,23349,17068.5,Post-Disruption
6485,2024-09-09,1,4,101,8432,2242,5,21726,22324.0,During-Disruption
6486,2023-09-30,1,1,102,8570,2235,7,77325,22198.0,Pre-Disruption
6487,2023-08-20,1,1,101,8690,2657,7,31065,22899.0,Pre-Disruption
6488,2025-02-06,2,4,102,11936,4128,13,56424,31596.0,Post-Disruption
6489,2024-05-10,2,3,103,11801,4518,12,74565,31020.5,During-Disruption
6490,2025-11-13,2,3,101,11709,4043,12,46627,31239.5,Post-Disruption
6491,2024-05-16,4,1,101,1440,1660,3,27785,4748.0,During-Disruption
6492,2023-01-25,1,3,102,8525,2737,5,38352,23058.5,Pre-Disruption
6493,2023-10-15,1,1,101,8672,2562,7,81975,23553.0,Pre-Disruption
6494,2023-12-04,1,2,104,8410,2320,4,18036,22777.0,During-Disruption
6495,2025-11-26,1,2,102,8594,2696,7,62343,22930.0,Post-Disruption
6496,2023-05-17,1,2,102,8419,2357,7,23513,21558.5,Pre-Disruption
6497,2024-05-22,2,3,104,11972,4256,13,62241,30648.0,During-Disruption
6498,2023-08-15,1,2,101,8634,2774,7,28415,22937.0,Pre-Disruption
6499,2023-11-16,1,1,103,8626,2470,5,75328,22369.0,During-Disruption
6500,2025-07-04,3,1,103,6326,3210,9,76124,16853.0,Post-Disruption
6501,2023-03-27,1,2,103,8671,2512,4,68896,22422.5,Pre-Disruption
6502,2025-07-14,2,1,102,11978,4116,13,48911,30627.0,Post-Disruption
6503,2023-02-22,1,1,102,8523,2544,7,21205,22295.5,Pre-Disruption
6504,2025-05-09,2,1,104,11894,4177,14,38043,30864.0,Post-Disruption
6505,2025-05-16,4,1,101,1470,1716,3,47148,5595.0,Post-Disruption
6506,2024-03-08,1,4,104,8631,2875,6,58638,22591.5,During-Disruption
6507,2025-09-25,2,1,102,11872,4164,14,75785,30395.0,Post-Disruption
6508,2023-04-10,3,2,103,6302,3073,6,28543,17502.0,Pre-Disruption
6509,2025-09-16,2,3,101,11732,4630,12,59250,30954.0,Post-Disruption
6510,2024-08-21,1,1,103,8610,2354,6,74723,22912.0,During-Disruption
6511,2024-02-07,1,4,101,8581,2858,7,77711,22306.5,During-Disruption
6512,2024-01-31,2,1,103,11940,4594,12,32569,31012.0,During-Disruption
6513,2024-02-19,3,4,101,6150,3409,8,53890,16700.0,During-Disruption
6514,2025-07-27,1,1,103,8428,2509,4,39043,22099.0,Post-Disruption
6515,2024-11-07,1,1,104,8405,2433,4,51146,22136.5,During-Disruption
6516,2024-04-07,1,1,102,8532,2550,7,71297,22011.0,During-Disruption
6517,2024-06-24,1,1,104,8495,2361,7,56375,22535.5,During-Disruption
6518,2023-03-25,1,3,103,8481,2790,5,58905,22187.5,Pre-Disruption
6519,2023-09-28,1,1,101,8676,2890,7,31953,22509.0,Pre-Disruption
6520,2023-09-01,1,2,104,8616,2491,6,19245,23100.0,Pre-Disruption
6521,2024-01-23,1,1,103,8679,2326,5,82602,23331.5,During-Disruption
6522,2023-08-02,4,3,102,1530,2292,3,31273,4941.0,Pre-Disruption
6523,2025-03-28,1,3,101,8485,2801,7,49737,22579.5,Post-Disruption
6524,2023-02-28,1,1,104,8492,2293,7,26277,22488.0,Pre-Disruption
6525,2025-06-01,1,1,102,8470,2645,4,50116,21880.0,Post-Disruption
6526,2025-04-22,4,2,103,1590,1688,3,20975,5859.0,Post-Disruption
6527,2025-07-12,3,1,101,6313,3287,7,44934,17649.5,Post-Disruption
6528,2023-05-03,3,1,103,6146,3148,9,79435,16217.0,Pre-Disruption
6529,2024-03-14,1,2,101,8617,2380,5,50939,22924.5,During-Disruption
6530,2025-10-18,3,4,102,6188,2960,9,58470,16851.0,Post-Disruption
6531,2024-07-15,2,4,102,11974,4146,15,57541,30807.0,During-Disruption
6532,2023-04-28,1,2,102,8626,2830,4,24094,23542.0,Pre-Disruption
6533,2025-06-23,2,2,104,11916,4695,13,52680,30435.0,Post-Disruption
6534,2024-01-30,3,4,104,6339,3180,9,24180,16910.5,During-Disruption
6535,2025-05-25,3,2,104,6269,3465,9,17142,17568.5,Post-Disruption
6536,2025-07-23,3,1,103,6331,3011,6,46313,17392.5,Post-Disruption
6537,2025-08-09,4,4,104,1507,2286,4,44804,5598.5,Post-Disruption
6538,2023-03-16,1,1,101,8632,2496,4,39734,23523.0,Pre-Disruption
6539,2023-10-22,2,1,102,11869,4690,12,21499,31418.5,Pre-Disruption
6540,2023-01-21,1,2,103,8534,2761,4,69801,22042.0,Pre-Disruption
6541,2025-11-04,3,1,103,6230,3016,9,52065,17225.0,Post-Disruption
6542,2024-07-13,1,1,104,8436,2226,4,25789,21591.0,During-Disruption
6543,2024-01-07,3,1,101,6358,3331,7,18756,16957.0,During-Disruption
6544,2025-03-28,1,2,102,8523,2510,5,47698,22717.5,Post-Disruption
6545,2025-12-28,1,4,103,8662,2589,5,83597,23538.0,Post-Disruption
6546,2025-04-25,1,1,102,8616,2874,5,19135,23080.0,Post-Disruption
6547,2024-06-04,1,1,101,8569,2661,4,52476,22103.5,During-Disruption
6548,2024-01-06,3,1,102,6197,2905,8,38645,16375.5,During-Disruption
6549,2023-04-11,1,2,104,8585,2729,7,63110,23212.5,Pre-Disruption
6550,2024-10-22,2,3,102,11912,4158,15,58969,30944.0,During-Disruption
6551,2025-08-25,1,1,103,8631,2507,6,21761,22185.5,Post-Disruption
6552,2023-08-31,1,1,104,8566,2855,6,18610,22501.0,Pre-Disruption
6553,2025-01-22,1,2,104,8560,2394,7,49860,22489.0,Post-Disruption
6554,2024-05-26,1,2,104,8683,2678,7,50230,23380.5,During-Disruption
6555,2025-04-28,3,1,104,6283,3129,8,74427,17658.5,Post-Disruption
6556,2024-07-08,2,1,103,11724,4505,13,20425,30453.0,During-Disruption
6557,2023-08-14,1,1,101,8541,2536,4,78325,22215.5,Pre-Disruption
6558,2023-08-02,2,4,101,11882,4691,15,29373,31382.0,Pre-Disruption
6559,2024-12-18,1,3,104,8483,2332,7,74216,22740.5,During-Disruption
6560,2023-03-08,1,3,101,8630,2856,7,45281,22686.0,Pre-Disruption
6561,2024-01-31,2,4,103,11922,4158,13,31050,30306.0,During-Disruption
6562,2024-09-03,1,3,101,8557,2471,5,17214,22812.5,During-Disruption
6563,2025-11-01,2,4,101,11884,4532,15,18834,31704.0,Post-Disruption
6564,2025-02-08,2,1,103,11882,4680,13,16686,30585.0,Post-Disruption
6565,2024-02-11,3,1,101,6184,3194,9,55301,16949.0,During-Disruption
6566,2025-07-13,4,3,104,1464,1929,1,21464,4987.0,Post-Disruption
6567,2024-10-08,1,2,104,8451,2480,5,30664,22739.5,During-Disruption
6568,2023-08-10,1,1,103,8402,2636,4,24148,22285.0,Pre-Disruption
6569,2024-10-15,1,1,104,8476,2263,6,48973,22363.0,During-Disruption
6570,2024-03-03,1,1,104,8534,2558,7,57636,22344.0,During-Disruption
6571,2025-09-03,3,1,104,6169,3128,7,81503,16472.5,Post-Disruption
6572,2025-10-02,3,1,104,6261,3513,6,19759,16705.5,Post-Disruption
6573,2024-01-06,2,2,104,11795,4246,13,17151,30966.5,During-Disruption
6574,2025-04-29,2,4,101,11715,4091,14,43324,31045.5,Post-Disruption
6575,2025-05-05,1,3,103,8629,2847,4,27569,23309.5,Post-Disruption
6576,2023-08-17,2,3,102,11966,4000,14,57921,31777.0,Pre-Disruption
6577,2023-10-07,3,4,103,6105,3214,8,39322,16383.5,Pre-Disruption
6578,2025-12-06,2,1,103,11809,4290,12,50260,30619.5,Post-Disruption
6579,2025-09-01,1,1,103,8542,2445,5,55264,23093.0,Post-Disruption
6580,2025-01-27,2,1,101,11854,4239,12,55512,30643.0,Post-Disruption
6581,2025-11-13,1,4,103,8606,2680,6,48215,22437.0,Post-Disruption
6582,2023-11-17,2,1,103,11865,4271,15,21431,30616.5,During-Disruption
6583,2023-10-01,2,3,101,11959,4653,12,67931,31866.5,Pre-Disruption
6584,2024-07-09,1,1,104,8572,2716,7,70700,22182.0,During-Disruption
6585,2025-04-23,3,4,102,6220,3213,7,26418,16208.0,Post-Disruption
6586,2024-10-29,3,1,104,6239,3468,6,66844,17255.5,During-Disruption
6587,2025-09-26,1,3,103,8567,2338,7,56683,23067.5,Post-Disruption
6588,2024-01-15,4,1,104,1483,2097,3,42755,4964.5,During-Disruption
6589,2024-12-11,2,1,101,11893,4326,13,37529,30516.5,During-Disruption
6590,2025-01-15,3,2,102,6375,3020,9,28440,17511.5,Post-Disruption
6591,2024-11-05,3,4,104,6367,3291,7,43606,17133.5,During-Disruption
6592,2023-04-26,2,2,103,11737,4464,12,58183,31105.5,Pre-Disruption
6593,2024-08-27,3,4,102,6341,3076,9,57776,17368.5,During-Disruption
6594,2025-12-01,1,3,103,8598,2563,4,27377,22073.0,Post-Disruption
6595,2024-01-14,1,3,104,8697,2697,4,52982,23444.5,During-Disruption
6596,2024-04-10,2,1,104,11704,4160,14,33010,30726.0,During-Disruption
6597,2023-10-07,3,1,103,6202,3563,9,28230,16841.0,Pre-Disruption
6598,2024-09-09,3,1,102,6237,3449,9,54991,16105.5,During-Disruption
6599,2023-04-28,2,4,102,11992,4334,15,18471,30573.0,Pre-Disruption
6600,2023-11-05,2,4,102,11765,4049,13,45638,30958.5,During-Disruption
6601,2023-04-10,1,3,104,8466,2288,5,22257,22768.0,Pre-Disruption
6602,2023-09-18,4,1,104,1669,2175,2,33485,5015.5,Pre-Disruption
6603,2025-09-19,1,1,103,8446,2424,5,69830,22182.0,Post-Disruption
6604,2023-10-13,3,4,103,6279,3285,9,25897,17625.5,Pre-Disruption
6605,2023-11-24,2,1,101,11767,4166,15,22213,31047.5,During-Disruption
6606,2023-03-04,2,3,101,11814,4653,13,74509,30960.0,Pre-Disruption
6607,2024-11-17,1,1,101,8425,2536,6,19312,22021.5,During-Disruption
6608,2025-01-07,4,1,103,1446,2189,4,70929,4871.0,Post-Disruption
6609,2025-10-27,2,3,102,11906,4434,13,59561,30629.0,Post-Disruption
6610,2024-09-30,4,1,101,1472,2121,1,20728,4603.0,During-Disruption
6611,2025-07-24,1,1,103,8658,2447,6,39610,22238.0,Post-Disruption
6612,2024-04-20,2,4,104,11729,4043,15,45033,30947.5,During-Disruption
6613,2023-02-22,3,2,102,6102,3386,8,65850,16140.0,Pre-Disruption
6614,2025-01-23,3,3,101,6108,3376,7,53433,16688.0,Post-Disruption
6615,2024-04-30,4,3,104,1407,1708,1,83007,5255.5,During-Disruption
6616,2024-02-13,1,1,102,8408,2899,4,74892,21989.0,During-Disruption
6617,2025-10-27,1,1,102,8551,2269,5,27281,22066.5,Post-Disruption
6618,2024-10-29,2,1,104,11841,4542,14,29220,30256.5,During-Disruption
6619,2025-04-14,1,1,101,8673,2897,7,20167,23664.5,Post-Disruption
6620,2025-05-25,4,1,101,1426,2282,2,71022,4797.0,Post-Disruption
6621,2024-01-02,1,3,104,8470,2308,6,24564,21711.0,During-Disruption
6622,2025-09-28,2,1,104,11918,4608,13,51384,30620.0,Post-Disruption
6623,2023-09-07,1,2,104,8689,2749,4,33966,22749.5,Pre-Disruption
6624,2024-01-15,2,1,103,11955,4263,15,44250,31534.5,During-Disruption
6625,2025-05-21,1,1,102,8502,2489,5,34103,21774.0,Post-Disruption
6626,2025-04-14,1,1,101,8546,2344,4,84046,22706.0,Post-Disruption
6627,2025-02-13,1,3,101,8557,2728,5,32603,22833.5,Post-Disruption
6628,2025-07-07,1,1,104,8539,2293,4,58552,23099.5,Post-Disruption
6629,2024-03-30,4,2,102,1542,1937,1,32666,4733.0,During-Disruption
6630,2024-01-01,1,2,104,8508,2764,7,31244,23123.0,During-Disruption
6631,2024-02-07,2,1,102,11763,4620,12,79706,31339.5,During-Disruption
6632,2023-02-27,4,2,104,1670,2168,4,52156,6013.0,Pre-Disruption
6633,2024-06-04,3,4,104,6285,3559,9,48312,16937.5,During-Disruption
6634,2023-07-29,4,2,102,1400,1660,1,59802,4656.0,Pre-Disruption
6635,2025-11-30,4,1,101,1406,2136,1,42281,5256.0,Post-Disruption
6636,2025-03-26,2,2,101,11700,4077,15,63732,30213.0,Post-Disruption
6637,2023-06-22,2,2,103,11960,4538,13,48412,30793.0,Pre-Disruption
6638,2023-08-22,1,1,102,8446,2630,5,79520,22783.0,Pre-Disruption
6639,2025-03-03,2,1,101,11965,4098,13,20323,31309.5,Post-Disruption
6640,2025-03-03,3,1,101,6101,3439,8,38217,16329.5,Post-Disruption
6641,2025-11-28,2,1,102,11722,4645,12,58002,30857.0,Post-Disruption
6642,2023-04-29,3,1,101,6183,3214,9,75661,16194.5,Pre-Disruption
6643,2023-12-01,3,1,102,6303,3122,8,71828,16900.5,During-Disruption
6644,2023-11-20,1,1,101,8626,2388,4,17232,23374.0,During-Disruption
6645,2025-10-07,3,4,104,6351,3204,9,24784,17589.5,Post-Disruption
6646,2023-10-11,2,2,102,11850,4355,12,45058,31078.0,Pre-Disruption
6647,2023-08-01,1,4,102,8646,2679,5,75094,22318.0,Pre-Disruption
6648,2025-07-17,3,2,101,6116,2939,8,41628,15951.0,Post-Disruption
6649,2025-01-21,2,1,102,11701,4475,15,64557,31109.5,Post-Disruption
6650,2023-12-05,3,1,103,6296,3013,6,17944,17415.0,During-Disruption
6651,2025-11-11,2,3,103,11968,4325,15,39750,31275.0,Post-Disruption
6652,2023-04-15,1,1,102,8460,2878,7,37421,22924.0,Pre-Disruption
6653,2025-02-08,3,1,103,6366,3521,9,19695,16759.0,Post-Disruption
6654,2024-12-16,2,1,101,11796,4531,13,22967,30094.0,During-Disruption
6655,2025-02-01,1,1,101,8682,2429,7,56069,22485.0,Post-Disruption
6656,2024-01-14,1,1,102,8646,2587,6,71897,22272.0,During-Disruption
6657,2024-12-13,3,1,101,6134,3204,8,38139,16785.0,During-Disruption
6658,2023-08-13,1,1,101,8673,2275,4,61532,22782.5,Pre-Disruption
6659,2025-01-07,3,2,103,6167,3164,6,54750,16836.5,Post-Disruption
6660,2023-08-24,1,1,101,8588,2514,7,35707,22987.0,Pre-Disruption
6661,2023-07-02,2,2,101,11740,4627,13,19839,30081.0,Pre-Disruption
6662,2024-12-12,4,2,103,1495,2114,3,48514,4659.5,During-Disruption
6663,2024-03-19,1,2,104,8570,2722,7,31135,22129.0,During-Disruption
6664,2024-09-14,2,1,102,11766,4260,14,70786,30684.0,During-Disruption
6665,2025-10-26,3,2,102,6218,3268,6,24483,16572.0,Post-Disruption
6666,2025-01-18,3,1,104,6270,3563,7,56618,17374.0,Post-Disruption
6667,2023-06-04,2,1,103,11885,4081,14,24556,30363.5,Pre-Disruption
6668,2023-09-14,2,2,103,11769,4636,12,82888,31075.5,Pre-Disruption
6669,2023-08-23,3,1,101,6344,3129,8,31164,16836.0,Pre-Disruption
6670,2024-05-14,3,1,101,6258,3545,9,55627,17207.0,During-Disruption
6671,2023-10-16,3,1,102,6383,3497,8,79475,16815.5,Pre-Disruption
6672,2024-05-24,1,1,102,8506,2497,6,55160,22997.0,During-Disruption
6673,2024-12-09,4,1,103,1435,2154,4,19905,5553.5,During-Disruption
6674,2025-02-23,2,4,101,11894,4280,13,78672,30758.0,Post-Disruption
6675,2025-06-12,1,1,103,8667,2667,5,77223,23267.5,Post-Disruption
6676,2025-02-14,1,1,104,8475,2729,7,65802,22267.5,Post-Disruption
6677,2023-10-25,1,2,102,8679,2607,5,51248,22339.5,Pre-Disruption
6678,2023-05-17,1,2,102,8479,2422,5,44951,21756.5,Pre-Disruption
6679,2024-01-11,1,4,103,8497,2214,7,37770,22061.5,During-Disruption
6680,2023-03-28,1,4,101,8681,2893,6,19765,23099.5,Pre-Disruption
6681,2024-03-12,2,3,101,11817,4545,13,68135,31007.5,During-Disruption
6682,2025-02-02,1,4,104,8622,2379,4,63637,22218.0,Post-Disruption
6683,2024-12-02,1,1,104,8651,2201,4,84228,23365.5,During-Disruption
6684,2025-07-30,1,2,104,8479,2350,7,81893,21965.5,Post-Disruption
6685,2023-06-01,1,4,103,8569,2309,4,34327,22691.5,Pre-Disruption
6686,2025-10-28,1,2,102,8556,2506,4,53312,22777.0,Post-Disruption
6687,2025-03-17,2,4,103,11701,4396,15,58816,30815.5,Post-Disruption
6688,2023-08-23,4,1,103,1602,2217,1,41471,5976.0,Pre-Disruption
6689,2024-11-05,3,1,101,6357,2913,6,49587,17454.5,During-Disruption
6690,2024-07-14,3,4,104,6350,3172,8,74509,17049.0,During-Disruption
6691,2023-02-07,1,1,102,8545,2577,7,40212,22034.5,Pre-Disruption
6692,2025-04-01,1,3,104,8674,2855,5,81739,22346.0,Post-Disruption
6693,2024-02-25,1,1,104,8418,2406,7,81929,22803.0,During-Disruption
6694,2023-12-14,3,2,104,6351,3518,6,16227,16758.5,During-Disruption
6695,2025-01-17,1,4,102,8683,2446,4,21745,23016.5,Post-Disruption
6696,2023-09-30,2,1,101,11749,4386,13,23127,29888.5,Pre-Disruption
6697,2023-11-04,1,1,102,8536,2274,5,52480,22976.0,During-Disruption
6698,2025-09-02,1,1,102,8625,2242,6,29287,22096.5,Post-Disruption
6699,2025-01-02,4,4,101,1620,1732,1,71431,5777.0,Post-Disruption
6700,2025-10-29,3,3,102,6212,3330,6,80750,17216.0,Post-Disruption
6701,2024-03-19,3,1,102,6248,3335,6,66093,16476.0,During-Disruption
6702,2024-02-09,2,1,103,11747,4055,14,69804,30128.5,During-Disruption
6703,2025-05-02,3,3,102,6157,3107,9,19833,17351.5,Post-Disruption
6704,2025-02-16,2,3,103,11896,4103,13,22213,30313.0,Post-Disruption
6705,2023-04-25,4,1,103,1624,2063,3,26320,5370.0,Pre-Disruption
6706,2023-03-06,1,1,103,8536,2669,6,60828,22246.0,Pre-Disruption
6707,2025-04-04,2,3,104,11894,4579,12,73798,30350.0,Post-Disruption
6708,2023-08-27,2,2,101,11905,4249,13,18202,31456.5,Pre-Disruption
6709,2023-10-29,1,4,104,8417,2802,7,30924,23002.5,Pre-Disruption
6710,2025-08-26,3,1,101,6367,3302,6,82511,17891.5,Post-Disruption
6711,2024-01-04,4,2,102,1614,1625,3,34473,5399.0,During-Disruption
6712,2023-08-21,2,2,103,11905,4009,14,35622,31479.5,Pre-Disruption
6713,2023-07-14,1,4,104,8523,2809,5,73673,22224.5,Pre-Disruption
6714,2025-06-25,2,1,102,11715,4613,13,60472,31276.5,Post-Disruption
6715,2025-11-01,3,1,104,6264,3396,7,65715,16907.0,Post-Disruption
6716,2025-07-09,2,1,102,11847,4409,12,75231,30564.5,Post-Disruption
6717,2024-11-19,1,4,104,8675,2335,6,20607,22993.5,During-Disruption
6718,2023-06-26,2,1,102,11932,4220,13,57746,31541.0,Pre-Disruption
6719,2023-08-05,1,1,102,8424,2743,7,48885,21768.0,Pre-Disruption
6720,2025-10-31,3,2,104,6367,3176,7,71320,17513.5,Post-Disruption
6721,2024-09-21,1,1,102,8694,2295,5,55397,22330.0,During-Disruption
6722,2023-06-13,2,1,103,11770,4438,12,84175,30928.0,Pre-Disruption
6723,2023-02-22,3,1,103,6299,3407,6,47325,17092.5,Pre-Disruption
6724,2023-08-06,1,2,103,8446,2887,4,56606,22642.0,Pre-Disruption
6725,2025-09-25,1,3,103,8424,2814,4,81638,21610.0,Post-Disruption
6726,2025-04-03,1,3,101,8612,2386,5,38483,23347.0,Post-Disruption
6727,2024-01-20,1,4,104,8432,2236,6,46753,22142.0,During-Disruption
6728,2023-02-25,1,1,103,8613,2409,7,29376,23336.5,Pre-Disruption
6729,2023-04-28,4,3,103,1610,2014,4,57898,4657.0,Pre-Disruption
6730,2025-06-18,3,1,103,6128,3030,8,19999,16661.0,Post-Disruption
6731,2025-03-08,3,1,101,6358,2997,9,76034,17756.0,Post-Disruption
6732,2025-02-18,4,1,104,1438,2042,2,73019,4981.0,Post-Disruption
6733,2025-10-12,1,1,102,8659,2744,6,26441,23193.5,Post-Disruption
6734,2025-03-13,1,1,101,8564,2235,4,16409,22395.0,Post-Disruption
6735,2025-04-24,1,1,103,8494,2714,4,41285,21821.0,Post-Disruption
6736,2025-05-04,3,2,103,6319,3542,6,23524,17368.5,Post-Disruption
6737,2024-12-08,2,1,101,11967,4219,13,33727,31089.5,During-Disruption
6738,2023-01-22,1,2,104,8517,2561,4,76934,22240.5,Pre-Disruption
6739,2025-04-22,1,1,104,8465,2893,4,40104,22179.5,Post-Disruption
6740,2023-07-11,2,1,102,11892,4027,12,37090,31280.0,Pre-Disruption
6741,2025-10-15,2,1,101,11734,4537,15,38672,31183.0,Post-Disruption
6742,2024-01-31,3,1,104,6274,3568,8,16817,16659.0,During-Disruption
6743,2025-10-27,1,1,101,8511,2721,7,43198,22268.5,Post-Disruption
6744,2024-10-01,4,2,104,1689,1708,2,22009,5367.5,During-Disruption
6745,2025-10-15,2,3,104,11779,4607,13,41818,30754.5,Post-Disruption
6746,2024-07-20,3,1,103,6210,3557,7,84784,16177.0,During-Disruption
6747,2023-08-19,4,1,104,1491,1780,4,61836,4725.5,Pre-Disruption
6748,2025-05-23,4,3,104,1585,1809,3,51979,5298.5,Post-Disruption
6749,2024-07-27,1,1,101,8440,2541,4,84533,22301.0,During-Disruption
6750,2023-08-28,1,1,104,8486,2856,5,30400,21793.0,Pre-Disruption
6751,2023-03-31,2,2,104,11923,4048,13,24178,31376.5,Pre-Disruption
6752,2023-08-20,2,2,101,11750,4472,15,64515,31330.0,Pre-Disruption
6753,2024-04-01,2,2,104,11825,4665,12,75075,30483.5,During-Disruption
6754,2023-08-21,4,3,101,1545,1928,1,81762,5658.5,Pre-Disruption
6755,2023-12-20,1,1,101,8440,2755,7,51213,22159.0,During-Disruption
6756,2025-10-01,2,1,101,11723,4235,15,26288,30863.5,Post-Disruption
6757,2024-03-14,1,1,101,8683,2640,7,21119,22736.5,During-Disruption
6758,2023-12-11,3,3,103,6135,3020,8,49581,16896.5,During-Disruption
6759,2024-10-25,4,4,103,1676,1847,2,78944,5802.0,During-Disruption
6760,2024-10-18,2,1,103,11883,4518,13,43587,31083.5,During-Disruption
6761,2023-05-10,1,1,103,8553,2219,5,74616,22493.5,Pre-Disruption
6762,2023-05-21,3,1,101,6281,3595,8,69543,17076.5,Pre-Disruption
6763,2024-02-19,2,1,101,11999,4502,15,50575,30527.5,During-Disruption
6764,2024-09-17,1,1,101,8553,2563,5,62149,22926.5,During-Disruption
6765,2023-10-11,3,2,101,6249,3388,7,72751,16478.5,Pre-Disruption
6766,2023-08-11,4,4,103,1401,1799,2,39589,5315.5,Pre-Disruption
6767,2025-01-13,2,1,104,11996,4402,14,81071,31231.0,Post-Disruption
6768,2024-04-07,2,1,103,11753,4244,15,31637,31090.5,During-Disruption
6769,2023-12-23,1,1,101,8645,2682,5,71230,22788.5,During-Disruption
6770,2025-11-12,2,1,101,11745,4575,13,53646,30630.5,Post-Disruption
6771,2025-05-08,2,1,104,11774,4664,14,19584,30245.0,Post-Disruption
6772,2024-10-26,1,3,101,8548,2216,7,34567,22404.0,During-Disruption
6773,2025-10-11,1,1,104,8402,2238,7,71621,21873.0,Post-Disruption
6774,2023-03-26,1,4,101,8408,2864,5,80640,21850.0,Pre-Disruption
6775,2024-09-12,1,2,104,8401,2494,4,64379,22500.5,During-Disruption
6776,2025-11-20,2,2,102,11937,4038,14,38015,31157.5,Post-Disruption
6777,2023-08-28,2,1,102,11727,4186,12,66181,31244.5,Pre-Disruption
6778,2023-12-29,2,2,102,11989,4308,12,26119,30828.5,During-Disruption
6779,2025-04-01,1,1,102,8580,2561,5,80502,22048.0,Post-Disruption
6780,2024-10-29,2,1,101,11965,4461,13,65362,31053.5,During-Disruption
6781,2023-04-09,3,1,101,6182,3568,7,49722,16205.0,Pre-Disruption
6782,2023-02-16,2,4,101,11952,4230,14,83946,30675.0,Pre-Disruption
6783,2025-04-18,4,1,102,1657,1849,3,25581,5049.5,Post-Disruption
6784,2024-02-26,2,1,104,11747,4001,14,80682,30225.5,During-Disruption
6785,2023-03-03,2,1,104,11833,4474,12,40561,30703.5,Pre-Disruption
6786,2025-10-06,1,1,102,8699,2852,6,66534,23279.5,Post-Disruption
6787,2024-08-20,2,1,101,11898,4181,15,38320,30878.0,During-Disruption
6788,2024-01-27,3,1,102,6391,2901,8,33654,16775.5,During-Disruption
6789,2025-09-03,4,2,103,1535,1769,2,43023,5061.5,Post-Disruption
6790,2025-12-11,4,1,104,1482,1869,1,76687,5178.0,Post-Disruption
6791,2024-08-25,1,3,102,8665,2506,6,60519,22723.5,During-Disruption
6792,2023-12-03,2,3,102,11918,4048,13,69107,31661.0,During-Disruption
6793,2025-03-20,2,1,102,11718,4421,13,43663,31022.0,Post-Disruption
6794,2025-01-21,2,2,102,11717,4284,15,57565,30965.5,Post-Disruption
6795,2025-05-30,1,3,101,8578,2579,7,64549,22548.0,Post-Disruption
6796,2024-09-26,3,2,104,6122,3403,8,41884,16407.0,During-Disruption
6797,2023-09-11,4,2,103,1643,2155,1,32850,5640.5,Pre-Disruption
6798,2023-01-20,2,3,101,11806,4571,12,15440,31248.0,Pre-Disruption
6799,2024-06-11,1,1,102,8530,2398,6,25043,22531.0,During-Disruption
6800,2024-01-11,1,3,102,8409,2308,6,75895,22933.5,During-Disruption
6801,2023-06-15,2,1,102,11898,4064,14,36470,31298.0,Pre-Disruption
6802,2025-05-10,1,2,102,8489,2884,4,81527,23214.5,Post-Disruption
6803,2024-09-08,4,1,104,1543,1952,4,31527,4506.5,During-Disruption
6804,2024-09-03,2,3,102,11994,4097,12,59578,30576.0,During-Disruption
6805,2024-05-17,2,1,103,11808,4128,13,74248,30732.0,During-Disruption
6806,2025-07-01,2,2,101,11903,4267,15,15783,30620.5,Post-Disruption
6807,2023-03-20,1,3,104,8443,2608,5,73333,21903.5,Pre-Disruption
6808,2024-08-07,4,4,102,1407,1686,1,37834,4968.5,During-Disruption
6809,2024-11-18,2,3,103,11852,4600,13,29926,30614.0,During-Disruption
6810,2024-01-31,4,1,101,1416,1993,1,75542,4620.0,During-Disruption
6811,2024-02-06,2,4,101,11936,4449,15,45566,30993.0,During-Disruption
6812,2025-09-01,3,2,104,6155,3370,9,18563,17346.5,Post-Disruption
6813,2023-08-12,1,2,101,8443,2841,7,75696,22644.5,Pre-Disruption
6814,2024-06-01,2,4,102,11940,4643,13,57264,31036.0,During-Disruption
6815,2024-09-25,3,1,102,6138,3009,8,24850,16628.0,During-Disruption
6816,2023-08-24,3,1,103,6229,3193,9,61913,16430.5,Pre-Disruption
6817,2023-04-26,3,2,103,6197,3114,6,34171,16546.5,Pre-Disruption
6818,2023-08-14,1,3,101,8680,2511,5,25601,22966.0,Pre-Disruption
6819,2023-08-18,4,1,104,1479,1803,4,40581,5129.5,Pre-Disruption
6820,2023-07-01,4,2,102,1687,2027,3,67618,5370.5,Pre-Disruption
6821,2023-07-29,1,1,101,8633,2735,7,80258,23146.5,Pre-Disruption
6822,2023-04-06,4,2,104,1568,1692,2,67227,4506.0,Pre-Disruption
6823,2025-06-12,1,3,101,8478,2880,5,50693,22535.0,Post-Disruption
6824,2025-01-25,2,1,104,11770,4027,14,51198,31356.0,Post-Disruption
6825,2024-02-19,1,2,103,8662,2517,6,37165,23253.0,During-Disruption
6826,2024-01-29,4,3,102,1599,1998,1,38311,5539.5,During-Disruption
6827,2024-11-26,1,1,103,8610,2465,7,70459,22164.0,During-Disruption
6828,2025-04-23,2,1,102,11717,4284,13,50505,29922.5,Post-Disruption
6829,2024-08-26,2,1,104,11972,4062,14,39121,31355.0,During-Disruption
6830,2024-08-04,1,3,104,8609,2798,5,52462,23231.5,During-Disruption
6831,2023-05-13,2,1,101,11816,4518,14,43026,31430.0,Pre-Disruption
6832,2025-03-01,1,1,104,8503,2866,4,63717,22954.5,Post-Disruption
6833,2024-10-10,3,1,104,6176,2919,9,78109,16118.0,During-Disruption
6834,2023-08-09,4,1,101,1410,1947,3,60720,4891.0,Pre-Disruption
6835,2025-09-02,3,3,101,6150,2949,7,55322,16685.0,Post-Disruption
6836,2025-12-05,3,3,102,6106,3088,7,27044,16170.0,Post-Disruption
6837,2025-02-26,1,1,104,8436,2266,4,62938,22878.0,Post-Disruption
6838,2024-11-21,1,2,101,8660,2564,4,16310,22497.0,During-Disruption
6839,2023-02-08,2,3,102,11761,4201,14,65558,30762.5,Pre-Disruption
6840,2024-11-20,1,1,102,8599,2298,7,68237,23059.5,During-Disruption
6841,2023-06-11,4,1,103,1489,2260,3,19674,4452.5,Pre-Disruption
6842,2023-06-10,1,4,101,8478,2359,5,36840,22181.0,Pre-Disruption
6843,2025-12-13,4,2,103,1454,2277,3,42012,5111.0,Post-Disruption
6844,2025-11-23,1,2,102,8620,2227,4,62496,23397.0,Post-Disruption
6845,2023-08-30,3,1,104,6191,3365,8,32692,16033.5,Pre-Disruption
6846,2025-08-24,1,3,101,8473,2899,4,44799,23157.5,Post-Disruption
6847,2025-06-08,1,2,101,8455,2397,5,63290,22923.5,Post-Disruption
6848,2023-04-23,3,3,102,6331,3108,9,50121,16380.5,Pre-Disruption
6849,2025-10-10,1,4,101,8578,2636,6,40870,22365.0,Post-Disruption
6850,2023-11-14,3,4,102,6160,3165,6,31792,17335.0,During-Disruption
6851,2023-01-23,2,4,101,11816,4490,14,65423,30098.0,Pre-Disruption
6852,2025-04-03,1,1,101,8477,2608,4,70090,22121.5,Post-Disruption
6853,2024-12-01,4,4,104,1635,1856,1,17883,5033.5,During-Disruption
6854,2025-10-15,2,1,102,11732,4335,12,21901,31272.0,Post-Disruption
6855,2025-12-03,3,4,103,6154,3132,8,44162,16751.0,Post-Disruption
6856,2023-05-08,2,1,104,11942,4072,12,21623,31472.0,Pre-Disruption
6857,2025-05-25,2,2,102,11973,4012,14,31708,31668.5,Post-Disruption
6858,2023-06-07,1,1,101,8473,2782,4,75777,22334.5,Pre-Disruption
6859,2025-04-06,1,3,102,8420,2704,7,19073,22388.0,Post-Disruption
6860,2025-05-01,2,1,102,11900,4000,12,29756,30461.0,Post-Disruption
6861,2024-05-26,2,1,104,11853,4158,14,53723,30944.5,During-Disruption
6862,2023-02-14,1,3,102,8653,2708,6,36911,22264.5,Pre-Disruption
6863,2023-08-07,2,2,101,11906,4482,14,29465,31454.0,Pre-Disruption
6864,2024-03-18,2,1,103,11848,4215,13,25018,31059.0,During-Disruption
6865,2023-11-11,1,1,103,8582,2394,7,57108,23210.0,During-Disruption
6866,2023-06-26,1,1,101,8696,2511,7,43515,22264.0,Pre-Disruption
6867,2023-08-16,2,2,103,11960,4402,15,22943,31383.0,Pre-Disruption
6868,2023-09-24,1,4,104,8443,2203,5,67936,23029.5,Pre-Disruption
6869,2025-05-19,1,2,102,8543,2741,5,68531,22568.5,Post-Disruption
6870,2025-04-17,1,1,102,8643,2305,7,21013,23041.5,Post-Disruption
6871,2024-05-03,4,1,103,1404,1721,1,15871,4057.0,During-Disruption
6872,2024-12-02,3,4,103,6161,3166,6,72387,15953.5,During-Disruption
6873,2024-11-17,1,1,103,8425,2440,7,61084,21621.5,During-Disruption
6874,2025-09-22,1,2,104,8583,2252,4,25414,22429.5,Post-Disruption
6875,2023-12-23,3,1,102,6135,3023,8,45748,16627.5,During-Disruption
6876,2025-05-21,2,3,102,11729,4087,13,58394,31298.5,Post-Disruption
6877,2023-07-23,3,4,101,6168,3209,9,19702,16739.0,Pre-Disruption
6878,2024-07-05,4,1,101,1631,2156,1,31385,5327.5,During-Disruption
6879,2023-11-19,2,2,104,11875,4575,15,35877,30369.5,During-Disruption
6880,2024-08-16,1,2,102,8677,2897,7,42979,23454.5,During-Disruption
6881,2023-06-30,3,1,102,6132,2912,8,70669,15893.0,Pre-Disruption
6882,2024-05-13,4,1,101,1468,1808,2,16789,4490.0,During-Disruption
6883,2023-03-24,2,2,101,11954,4434,13,57744,31013.0,Pre-Disruption
6884,2023-10-30,2,1,102,11749,4051,15,53419,30799.5,Pre-Disruption
6885,2023-09-19,1,3,104,8422,2306,6,17171,22166.0,Pre-Disruption
6886,2025-02-22,1,1,103,8653,2720,4,27945,23062.5,Post-Disruption
6887,2025-07-02,3,1,104,6263,3523,7,76439,16887.5,Post-Disruption
6888,2024-11-22,4,1,102,1672,1719,4,29456,6121.0,During-Disruption
6889,2025-08-01,2,1,103,11880,4066,12,45177,30771.0,Post-Disruption
6890,2024-11-13,3,1,104,6349,2981,9,31697,16937.5,During-Disruption
6891,2024-11-19,1,1,104,8636,2896,4,32744,22856.0,During-Disruption
6892,2024-01-31,1,3,102,8631,2868,4,33508,22487.5,During-Disruption
6893,2025-04-18,2,4,101,11821,4627,12,48595,30072.5,Post-Disruption
6894,2025-05-27,1,3,104,8641,2313,4,65828,23045.5,Post-Disruption
6895,2025-04-02,2,1,104,11833,4644,12,25339,30628.5,Post-Disruption
6896,2023-02-18,1,4,101,8470,2822,4,31079,22128.0,Pre-Disruption
6897,2025-02-27,3,1,104,6378,3353,8,51546,17622.0,Post-Disruption
6898,2023-10-20,3,1,104,6318,3131,6,43339,17309.0,Pre-Disruption
6899,2024-06-19,2,1,101,11884,4570,12,75673,30214.0,During-Disruption
6900,2023-11-07,1,1,102,8616,2761,5,30320,22712.0,During-Disruption
6901,2024-06-20,2,4,102,11980,4315,13,49228,31370.0,During-Disruption
6902,2024-09-30,4,1,102,1680,2074,1,74914,5332.0,During-Disruption
6903,2023-08-22,2,2,103,11824,4370,15,82099,31007.0,Pre-Disruption
6904,2024-08-27,1,1,102,8578,2814,5,72738,22628.0,During-Disruption
6905,2023-04-04,1,3,103,8434,2863,6,73864,22372.0,Pre-Disruption
6906,2023-11-23,1,3,103,8469,2732,6,65424,22417.5,During-Disruption
6907,2023-08-13,1,1,103,8577,2457,6,36510,22253.5,Pre-Disruption
6908,2025-08-24,3,2,101,6148,3328,7,53300,17215.0,Post-Disruption
6909,2025-06-08,3,3,103,6167,3399,8,36440,16547.5,Post-Disruption
6910,2023-01-11,1,2,103,8406,2793,6,40230,22034.0,Pre-Disruption
6911,2025-11-01,1,2,101,8493,2209,7,43166,22582.5,Post-Disruption
6912,2023-02-04,1,2,104,8480,2876,7,70170,21763.0,Pre-Disruption
6913,2024-03-22,4,1,104,1649,2262,2,82451,6077.5,During-Disruption
6914,2024-03-16,2,2,103,11737,4684,12,31796,30490.5,During-Disruption
6915,2024-10-14,2,1,102,11744,4424,15,68267,30443.0,During-Disruption
6916,2024-08-17,2,1,104,11836,4576,12,51859,31482.0,During-Disruption
6917,2023-08-17,2,4,102,11928,4511,15,19540,30334.0,Pre-Disruption
6918,2023-12-10,1,1,101,8582,2516,7,29562,23302.0,During-Disruption
6919,2025-09-15,1,1,104,8603,2829,7,65521,23349.5,Post-Disruption
6920,2025-06-27,2,1,101,11810,4133,15,76277,30115.0,Post-Disruption
6921,2024-06-10,2,1,103,11767,4017,12,74097,30850.5,During-Disruption
6922,2023-03-16,1,1,104,8437,2546,5,83947,22918.5,Pre-Disruption
6923,2023-07-15,1,4,103,8597,2567,4,36554,23284.5,Pre-Disruption
6924,2023-01-29,1,1,103,8491,2367,6,42305,22849.5,Pre-Disruption
6925,2024-12-06,2,2,101,11963,4016,12,44640,31798.5,During-Disruption
6926,2025-10-17,2,1,104,11942,4521,14,56437,31680.0,Post-Disruption
6927,2023-01-16,4,2,104,1515,2106,1,17291,5090.5,Pre-Disruption
6928,2025-03-15,1,4,104,8494,2673,4,69828,21744.0,Post-Disruption
6929,2025-07-28,1,1,103,8612,2742,7,36206,23492.0,Post-Disruption
6930,2025-08-24,1,3,104,8645,2505,4,59899,22390.5,Post-Disruption
6931,2023-08-17,2,4,102,11872,4378,15,27695,31271.0,Pre-Disruption
6932,2025-08-19,2,2,102,11984,4339,13,52929,30592.0,Post-Disruption
6933,2024-12-15,3,1,103,6178,3050,6,63289,16460.0,During-Disruption
6934,2025-09-10,1,2,101,8679,2244,7,16350,22610.5,Post-Disruption
6935,2024-07-26,2,3,102,11848,4206,14,59597,31248.0,During-Disruption
6936,2024-09-06,3,1,101,6378,3321,9,50635,16669.0,During-Disruption
6937,2023-11-22,4,1,104,1625,1738,3,67717,5825.5,During-Disruption
6938,2025-05-24,4,1,102,1517,1991,1,62628,5200.5,Post-Disruption
6939,2023-12-25,3,1,103,6172,3283,7,73817,17071.0,During-Disruption
6940,2023-11-20,4,4,103,1405,2273,1,41223,4427.5,During-Disruption
6941,2023-06-14,1,1,101,8421,2648,4,65174,21968.5,Pre-Disruption
6942,2025-03-08,1,1,103,8578,2402,7,63183,22770.0,Post-Disruption
6943,2024-03-30,1,2,101,8595,2209,6,36607,22624.5,During-Disruption
6944,2023-07-12,3,1,101,6208,3249,7,25414,16131.0,Pre-Disruption
6945,2024-09-18,4,1,102,1584,1675,3,80484,5497.0,During-Disruption
6946,2024-06-13,1,2,102,8454,2416,5,60377,22887.0,During-Disruption
6947,2025-10-30,2,1,103,11928,4291,12,69796,30722.0,Post-Disruption
6948,2023-04-02,3,1,101,6118,2903,9,33763,15901.0,Pre-Disruption
6949,2023-05-19,4,1,102,1615,1977,3,61752,5799.5,Pre-Disruption
6950,2024-04-25,2,2,104,11747,4660,12,28989,30893.5,During-Disruption
6951,2024-03-24,4,3,103,1559,2205,1,30201,5347.5,During-Disruption
6952,2025-05-18,1,4,103,8672,2237,7,46560,22826.0,Post-Disruption
6953,2023-12-06,1,1,104,8495,2787,6,78686,22063.5,During-Disruption
6954,2025-12-11,2,2,104,11729,4294,12,48257,30578.5,Post-Disruption
6955,2024-04-10,1,4,104,8520,2288,7,33975,22237.0,During-Disruption
6956,2024-12-18,1,1,102,8589,2474,5,76184,23033.5,During-Disruption
6957,2025-03-09,3,4,104,6251,3413,6,65457,16701.5,Post-Disruption
6958,2024-04-19,3,4,103,6354,3049,7,55597,17216.0,During-Disruption
6959,2024-02-05,3,1,102,6290,3505,6,50466,17624.0,During-Disruption
6960,2024-08-27,1,1,101,8541,2512,7,34224,21857.5,During-Disruption
6961,2025-07-20,2,1,104,11945,4099,13,72516,31001.5,Post-Disruption
6962,2025-09-23,1,1,103,8433,2458,7,24891,21889.5,Post-Disruption
6963,2025-07-10,1,4,104,8586,2478,6,79101,23110.0,Post-Disruption
6964,2025-03-31,2,4,101,11785,4003,12,43961,30133.5,Post-Disruption
6965,2024-10-18,1,1,102,8560,2611,6,37815,23343.0,During-Disruption
6966,2024-08-20,1,2,101,8517,2789,6,67325,22724.5,During-Disruption
6967,2024-05-28,3,2,102,6210,3225,7,33882,17368.0,During-Disruption
6968,2025-10-26,1,1,103,8457,2876,4,57995,22912.5,Post-Disruption
6969,2024-05-14,4,2,103,1417,2118,3,31504,4985.5,During-Disruption
6970,2024-12-17,2,4,103,11839,4000,12,32464,31313.5,During-Disruption
6971,2024-08-23,4,1,101,1593,2199,4,49204,4913.5,During-Disruption
6972,2024-10-27,1,1,104,8529,2617,5,78048,21986.5,During-Disruption
6973,2024-04-12,2,1,104,11911,4179,14,56812,31551.5,During-Disruption
6974,2023-06-10,1,1,101,8683,2209,7,26182,23578.5,Pre-Disruption
6975,2023-09-27,3,1,104,6219,3274,9,70306,16095.5,Pre-Disruption
6976,2025-12-15,1,1,101,8441,2845,5,26254,22936.5,Post-Disruption
6977,2023-08-16,1,2,104,8402,2651,7,84177,22567.0,Pre-Disruption
6978,2025-04-28,3,3,102,6328,3009,9,37881,16483.0,Post-Disruption
6979,2023-05-29,1,1,103,8628,2324,6,57957,23287.0,Pre-Disruption
6980,2025-12-05,1,1,104,8540,2631,7,18823,23323.0,Post-Disruption
6981,2024-09-23,1,3,101,8456,2500,5,45805,22731.0,During-Disruption
6982,2024-02-17,2,3,102,11915,4651,15,82480,31119.5,During-Disruption
6983,2024-06-03,1,1,104,8530,2302,4,46846,22833.0,During-Disruption
6984,2024-01-22,2,1,104,11813,4622,15,78301,30305.5,During-Disruption
6985,2023-10-02,1,3,101,8590,2269,7,44743,22655.0,Pre-Disruption
6986,2023-12-19,2,1,102,11942,4109,15,79233,31220.0,During-Disruption
6987,2025-12-25,3,1,103,6393,3123,9,52909,17628.5,Post-Disruption
6988,2024-08-20,2,1,101,11727,4223,14,53897,30556.5,During-Disruption
6989,2024-07-11,2,1,104,11725,4630,14,27017,30314.5,During-Disruption
6990,2023-04-23,1,1,103,8483,2413,4,39592,22897.5,Pre-Disruption
6991,2023-05-21,1,1,104,8601,2747,6,67994,23484.5,Pre-Disruption
6992,2024-12-30,1,3,101,8460,2542,5,17443,22265.0,During-Disruption
6993,2024-08-11,2,3,102,11884,4356,14,60765,30898.0,During-Disruption
6994,2024-02-15,2,4,103,11945,4438,14,18147,31413.5,During-Disruption
6995,2024-01-12,4,1,101,1400,1855,3,23424,4143.0,During-Disruption
6996,2025-01-20,1,1,101,8642,2866,5,60726,22587.0,Post-Disruption
6997,2024-09-18,2,3,103,11731,4481,12,61194,30973.5,During-Disruption
6998,2025-09-21,2,2,102,11934,4403,15,60825,30450.0,Post-Disruption
6999,2024-12-03,2,1,104,11716,4041,13,33156,29811.0,During-Disruption
7000,2024-04-06,3,1,103,6188,3287,7,47863,16305.0,During-Disruption
7001,2023-01-12,1,1,101,8451,2228,6,39849,21959.5,Pre-Disruption
7002,2024-04-21,1,1,103,8563,2894,6,39323,22979.5,During-Disruption
7003,2025-07-27,2,1,103,11731,4202,12,35373,30110.5,Post-Disruption
7004,2024-02-05,1,4,102,8597,2760,6,77797,23251.5,During-Disruption
7005,2025-03-18,1,1,102,8600,2526,5,25212,23423.0,Post-Disruption
7006,2023-06-26,1,4,104,8506,2253,6,62452,21828.0,Pre-Disruption
7007,2023-02-26,1,3,103,8695,2689,6,75914,23448.5,Pre-Disruption
7008,2024-03-23,2,1,102,11727,4416,12,41799,31034.5,During-Disruption
7009,2023-07-22,1,3,102,8686,2559,5,22877,23264.0,Pre-Disruption
7010,2025-01-07,2,2,101,11818,4548,13,49860,31238.0,Post-Disruption
7011,2023-07-21,2,1,102,11730,4204,15,66036,31235.0,Pre-Disruption
7012,2023-12-29,2,1,103,11853,4279,15,68677,30408.5,During-Disruption
7013,2025-06-10,4,2,103,1659,1654,1,49401,5663.5,Post-Disruption
7014,2024-03-29,1,2,101,8506,2422,5,24522,21961.0,During-Disruption
7015,2023-12-22,4,2,101,1650,1707,2,58935,4648.0,During-Disruption
7016,2023-08-04,2,1,101,11806,4683,14,29751,31293.0,Pre-Disruption
7017,2025-08-29,3,1,103,6216,3501,6,81802,16616.0,Post-Disruption
7018,2024-07-08,2,1,103,11944,4508,12,80672,31150.0,During-Disruption
7019,2025-06-05,2,1,104,11778,4005,15,54692,30536.0,Post-Disruption
7020,2023-01-23,3,2,102,6328,3406,9,23360,16327.0,Pre-Disruption
7021,2023-06-04,3,4,101,6122,3070,8,62723,16361.0,Pre-Disruption
7022,2023-09-06,1,2,102,8596,2467,7,35889,22462.0,Pre-Disruption
7023,2025-01-18,1,3,102,8587,2392,4,43092,22332.5,Post-Disruption
7024,2025-03-15,2,2,104,11916,4179,12,72941,31325.0,Post-Disruption
7025,2023-05-14,4,2,103,1646,1669,4,70884,5710.0,Pre-Disruption
7026,2023-11-17,1,2,102,8553,2229,6,43895,22787.5,During-Disruption
7027,2024-01-25,2,1,101,11894,4118,14,68156,30297.0,During-Disruption
7028,2024-03-09,3,4,101,6215,3409,9,40401,17223.5,During-Disruption
7029,2025-11-11,3,1,103,6295,3359,7,41274,16786.5,Post-Disruption
7030,2025-05-22,2,1,103,11754,4637,13,78609,31185.0,Post-Disruption
7031,2025-05-07,2,1,103,11874,4457,15,16531,31098.0,Post-Disruption
7032,2023-02-20,4,1,101,1543,2166,3,15243,4758.5,Pre-Disruption
7033,2023-06-25,2,3,103,11916,4038,15,38813,30955.0,Pre-Disruption
7034,2025-05-19,3,1,104,6356,3161,9,20453,17182.0,Post-Disruption
7035,2023-09-10,1,3,104,8526,2383,4,61144,23048.0,Pre-Disruption
7036,2025-08-23,2,1,101,11872,4519,14,42034,30643.0,Post-Disruption
7037,2025-01-08,1,1,104,8493,2727,6,56941,21976.5,Post-Disruption
7038,2023-10-29,1,1,102,8618,2585,6,15008,22473.0,Pre-Disruption
7039,2024-07-01,3,2,103,6151,3475,9,20001,17148.5,During-Disruption
7040,2024-12-16,2,3,104,11718,4252,13,84239,30748.0,During-Disruption
7041,2025-02-17,2,1,103,11936,4010,15,47880,31125.0,Post-Disruption
7042,2023-09-25,1,1,104,8570,2799,6,40517,21972.0,Pre-Disruption
7043,2025-10-06,2,4,103,11974,4210,12,16342,30448.0,Post-Disruption
7044,2024-07-04,2,1,101,11994,4515,14,48533,30875.0,During-Disruption
7045,2023-11-10,2,1,102,11859,4642,14,61559,30824.5,During-Disruption
7046,2023-07-03,1,1,103,8639,2559,6,60567,23233.5,Pre-Disruption
7047,2024-12-13,3,1,102,6164,2967,9,15679,16997.0,During-Disruption
7048,2023-05-08,3,1,103,6316,3326,7,54867,17598.0,Pre-Disruption
7049,2024-11-30,1,1,101,8446,2208,4,61980,22725.0,During-Disruption
7050,2024-01-21,1,4,102,8473,2736,4,74806,22176.5,During-Disruption
7051,2023-09-28,2,2,104,11863,4576,13,49862,30902.5,Pre-Disruption
7052,2025-03-21,2,3,102,11897,4615,13,22309,30490.5,Post-Disruption
7053,2024-02-19,3,2,103,6247,2965,7,24300,17366.5,During-Disruption
7054,2023-07-17,2,2,102,11785,4694,12,17140,31168.5,Pre-Disruption
7055,2025-12-15,1,3,101,8408,2372,4,26692,21600.0,Post-Disruption
7056,2025-04-10,1,4,102,8652,2221,6,20683,22515.0,Post-Disruption
7057,2024-09-19,1,1,102,8631,2241,7,68365,23193.5,During-Disruption
7058,2024-08-26,1,1,102,8646,2403,7,62080,22580.0,During-Disruption
7059,2025-12-16,2,3,104,11700,4154,15,84788,30236.0,Post-Disruption
7060,2025-10-06,1,4,102,8666,2722,4,84040,22270.0,Post-Disruption
7061,2023-03-12,4,4,103,1504,2061,2,22360,4295.0,Pre-Disruption
7062,2025-06-29,3,2,103,6333,2977,6,26871,17027.5,Post-Disruption
7063,2024-08-16,3,1,102,6356,3003,6,16859,16538.0,During-Disruption
7064,2024-08-22,4,1,102,1480,1877,1,66198,4774.0,During-Disruption
7065,2024-05-28,2,4,104,11822,4648,12,34130,30440.0,During-Disruption
7066,2023-03-25,3,1,101,6271,2956,9,22399,17583.5,Pre-Disruption
7067,2025-09-20,1,1,103,8672,2538,6,79589,22381.0,Post-Disruption
7068,2025-12-02,1,4,104,8646,2473,5,61327,22769.0,Post-Disruption
7069,2025-04-18,3,1,103,6293,3579,6,59877,16677.5,Post-Disruption
7070,2024-08-28,1,3,103,8511,2884,5,55693,23068.5,During-Disruption
7071,2025-03-20,4,2,102,1422,2032,2,60567,4313.0,Post-Disruption
7072,2023-05-13,2,1,103,11901,4609,12,16044,30505.5,Pre-Disruption
7073,2025-12-24,3,1,101,6205,3290,8,19892,17300.5,Post-Disruption
7074,2023-10-17,1,1,101,8493,2541,6,73443,22161.5,Pre-Disruption
7075,2024-01-11,2,2,101,11724,4259,15,77801,30523.0,During-Disruption
7076,2025-02-07,1,1,104,8544,2884,7,78909,22914.0,Post-Disruption
7077,2024-04-11,3,1,101,6118,3073,8,55936,16983.0,During-Disruption
7078,2024-04-15,1,4,101,8609,2394,4,39223,22800.5,During-Disruption
7079,2023-05-29,2,1,103,11781,4440,15,69952,30234.5,Pre-Disruption
7080,2023-03-29,1,1,104,8445,2471,4,73133,22553.5,Pre-Disruption
7081,2024-01-31,1,1,102,8434,2506,4,78913,21654.0,During-Disruption
7082,2025-02-28,2,1,104,11901,4307,12,62243,31510.5,Post-Disruption
7083,2025-05-14,1,4,104,8422,2848,4,76908,22672.0,Post-Disruption
7084,2023-01-24,3,1,102,6399,3494,7,25759,16795.5,Pre-Disruption
7085,2025-08-13,1,1,102,8664,2755,5,42803,22972.0,Post-Disruption
7086,2023-11-07,1,4,102,8586,2406,4,32588,22782.0,During-Disruption
7087,2024-10-25,2,2,103,11997,4116,14,27491,31777.5,During-Disruption
7088,2024-03-13,1,1,103,8589,2204,5,22046,22112.5,During-Disruption
7089,2024-12-06,1,4,103,8639,2698,4,18043,23350.5,During-Disruption
7090,2024-02-26,3,3,101,6226,3525,6,59019,16844.0,During-Disruption
7091,2023-11-17,1,1,102,8690,2500,7,44096,23511.0,During-Disruption
7092,2024-08-09,1,2,103,8510,2624,7,65508,22428.0,During-Disruption
7093,2025-08-04,1,4,103,8442,2289,7,22912,22727.0,Post-Disruption
7094,2025-04-28,2,1,104,11833,4027,13,46772,30384.5,Post-Disruption
7095,2023-02-11,2,3,103,11712,4543,13,45378,31066.0,Pre-Disruption
7096,2025-07-27,1,4,102,8410,2416,7,26172,22075.0,Post-Disruption
7097,2024-01-22,3,2,102,6201,2970,9,19026,16214.5,During-Disruption
7098,2025-06-28,1,1,101,8596,2229,4,40415,22392.0,Post-Disruption
7099,2024-12-16,2,1,101,11754,4255,14,32427,31191.0,During-Disruption
7100,2024-03-06,1,2,104,8582,2870,7,69187,23039.0,During-Disruption
7101,2024-07-07,2,1,101,11718,4395,12,43727,30614.0,During-Disruption
7102,2025-03-10,4,4,102,1661,2120,2,53217,5671.5,Post-Disruption
7103,2024-03-01,2,1,101,11708,4322,15,46480,30209.0,During-Disruption
7104,2023-01-26,4,1,101,1547,1969,2,73807,5276.5,Pre-Disruption
7105,2024-01-20,1,3,103,8424,2355,4,34501,21916.0,During-Disruption
7106,2023-02-25,1,2,102,8471,2413,7,17055,21784.5,Pre-Disruption
7107,2024-09-25,1,1,104,8456,2865,5,76267,21779.0,During-Disruption
7108,2023-04-16,1,1,101,8421,2282,4,47781,21794.5,Pre-Disruption
7109,2025-04-28,1,2,101,8435,2604,7,64945,22951.5,Post-Disruption
7110,2024-10-31,1,4,104,8578,2812,6,17149,22550.0,During-Disruption
7111,2024-01-11,2,2,104,11767,4009,14,28608,30258.5,During-Disruption
7112,2025-01-12,1,1,102,8400,2479,7,16804,22488.0,Post-Disruption
7113,2025-08-24,1,1,104,8447,2480,7,27641,21840.5,Post-Disruption
7114,2023-11-04,1,3,101,8551,2891,4,28785,23073.5,During-Disruption
7115,2023-04-01,3,4,102,6296,2989,7,43974,16955.0,Pre-Disruption
7116,2025-03-12,1,1,102,8457,2328,5,75631,22400.5,Post-Disruption
7117,2023-04-20,3,3,104,6147,3208,9,81295,17073.5,Pre-Disruption
7118,2024-08-07,2,1,102,11933,4484,14,84396,31354.5,During-Disruption
7119,2023-12-06,2,2,101,11887,4106,13,29859,31695.5,During-Disruption
7120,2025-09-05,1,3,101,8513,2704,7,33025,22743.5,Post-Disruption
7121,2023-12-22,1,1,101,8489,2482,5,65964,22593.5,During-Disruption
7122,2023-06-17,2,2,102,11868,4106,12,65968,30860.0,Pre-Disruption
7123,2024-07-10,1,1,104,8576,2354,7,45727,23061.0,During-Disruption
7124,2025-06-23,1,1,101,8591,2431,6,60731,23194.5,Post-Disruption
7125,2023-04-15,1,2,103,8532,2648,6,50953,22386.0,Pre-Disruption
7126,2023-05-30,3,1,104,6271,3279,6,81097,16560.5,Pre-Disruption
7127,2023-05-26,2,2,102,11717,4332,12,80773,31173.5,Pre-Disruption
7128,2024-12-16,2,1,101,11950,4595,14,26325,30798.0,During-Disruption
7129,2025-05-23,2,2,102,11811,4075,14,61206,30416.5,Post-Disruption
7130,2023-10-26,3,1,101,6139,3160,6,38851,16793.5,Pre-Disruption
7131,2024-10-07,2,3,102,11801,4336,14,82743,30944.5,During-Disruption
7132,2024-12-23,2,2,103,11873,4229,14,80031,31350.5,During-Disruption
7133,2025-12-07,4,4,102,1595,1820,2,34033,5405.5,Post-Disruption
7134,2024-09-29,3,4,102,6171,3592,8,79755,16478.5,During-Disruption
7135,2023-08-27,1,1,102,8581,2597,4,52481,22372.5,Pre-Disruption
7136,2025-10-27,1,1,101,8640,2611,5,20578,23208.0,Post-Disruption
7137,2024-04-08,3,2,104,6388,3529,7,79717,17167.0,During-Disruption
7138,2024-03-28,3,2,102,6212,3528,8,42492,16946.0,During-Disruption
7139,2025-02-22,2,1,104,11862,4400,13,75832,31077.0,Post-Disruption
7140,2025-06-15,2,1,101,11738,4497,15,37559,30751.0,Post-Disruption
7141,2024-01-06,2,2,102,11934,4615,12,65387,31386.0,During-Disruption
7142,2024-05-01,2,4,101,11770,4173,12,60765,30776.0,During-Disruption
7143,2023-06-14,2,4,104,11918,4300,14,21390,30469.0,Pre-Disruption
7144,2023-07-11,1,1,101,8404,2302,6,27416,22770.0,Pre-Disruption
7145,2024-12-30,4,1,101,1640,2120,1,20194,5158.0,During-Disruption
7146,2023-08-02,3,1,104,6264,3063,6,61039,17293.0,Pre-Disruption
7147,2024-07-27,2,1,101,11700,4004,14,83376,30235.0,During-Disruption
7148,2025-08-14,1,3,104,8583,2800,4,60875,23368.5,Post-Disruption
7149,2024-01-16,1,3,104,8407,2377,6,45765,22729.5,During-Disruption
7150,2024-11-03,2,1,102,11807,4026,13,69920,31314.5,During-Disruption
7151,2025-03-08,2,1,102,11884,4686,15,47556,30814.0,Post-Disruption
7152,2023-08-27,2,1,101,11983,4160,15,57275,30701.5,Pre-Disruption
7153,2024-11-30,1,4,101,8553,2314,7,41760,22394.5,During-Disruption
7154,2024-05-19,2,1,101,11733,4377,13,67320,29866.5,During-Disruption
7155,2023-07-21,3,1,103,6121,2996,8,54847,16062.5,Pre-Disruption
7156,2025-07-08,1,3,103,8547,2877,6,58169,23152.5,Post-Disruption
7157,2023-02-06,2,3,102,11850,4135,14,69359,31208.0,Pre-Disruption
7158,2024-10-05,3,4,104,6166,3287,6,62148,16014.0,During-Disruption
7159,2025-02-03,2,1,103,11777,4163,15,36344,31201.5,Post-Disruption
7160,2024-12-06,2,2,103,11931,4414,14,51124,30998.5,During-Disruption
7161,2024-06-28,2,1,104,11738,4680,14,64136,31123.0,During-Disruption
7162,2024-06-23,4,4,101,1564,1735,2,56786,5158.0,During-Disruption
7163,2025-10-13,1,3,101,8498,2357,6,64469,22351.0,Post-Disruption
7164,2024-01-29,2,3,103,11828,4397,15,15766,30109.0,During-Disruption
7165,2025-04-12,1,1,103,8418,2565,6,17478,22805.0,Post-Disruption
7166,2025-12-01,1,3,104,8670,2501,5,35282,23434.0,Post-Disruption
7167,2024-08-19,1,1,104,8400,2548,7,77138,22309.0,During-Disruption
7168,2024-01-28,1,1,103,8686,2593,4,82969,22288.0,During-Disruption
7169,2024-11-30,4,1,104,1579,1923,3,37104,5181.5,During-Disruption
7170,2024-03-16,4,2,101,1655,1649,3,48785,5540.5,During-Disruption
7171,2025-07-06,1,1,102,8573,2523,6,77395,22790.5,Post-Disruption
7172,2023-11-16,2,4,103,11749,4513,14,63005,29900.5,During-Disruption
7173,2024-07-06,2,3,102,11719,4462,13,28901,31264.5,During-Disruption
7174,2025-12-30,3,1,104,6204,2974,7,17161,16855.0,Post-Disruption
7175,2024-07-21,2,2,102,11889,4500,15,22111,31268.5,During-Disruption
7176,2025-07-07,1,1,103,8638,2387,5,77775,22610.0,Post-Disruption
7177,2023-08-24,3,1,104,6142,3028,8,52121,16098.0,Pre-Disruption
7178,2025-09-13,3,2,102,6104,3392,9,36339,16305.0,Post-Disruption
7179,2025-10-29,2,4,101,11947,4096,12,62717,30983.5,Post-Disruption
7180,2023-03-01,4,1,103,1465,1964,4,57273,4188.5,Pre-Disruption
7181,2025-06-11,4,3,103,1650,2100,3,79863,5731.0,Post-Disruption
7182,2023-08-13,2,3,103,11827,4164,14,30966,30225.5,Pre-Disruption
7183,2024-11-30,2,1,103,11884,4176,12,48927,30876.0,During-Disruption
7184,2024-08-04,4,2,104,1587,2228,3,65816,5661.5,During-Disruption
7185,2025-09-20,1,3,101,8582,2472,7,60545,22910.0,Post-Disruption
7186,2023-06-18,1,1,101,8470,2526,5,38825,22479.0,Pre-Disruption
7187,2025-12-21,1,4,102,8465,2598,5,82805,22294.5,Post-Disruption
7188,2023-01-14,3,3,103,6349,3462,9,20455,16566.5,Pre-Disruption
7189,2023-06-13,3,1,103,6254,3310,9,47347,17389.0,Pre-Disruption
7190,2025-01-26,1,4,102,8478,2263,7,73319,22340.0,Post-Disruption
7191,2025-11-17,4,1,104,1418,2046,1,41122,5199.0,Post-Disruption
7192,2024-03-21,3,4,101,6368,3240,7,31239,17438.0,During-Disruption
7193,2024-12-16,3,1,103,6144,3128,6,80511,16359.0,During-Disruption
7194,2025-09-02,1,3,102,8661,2704,4,47539,22612.5,Post-Disruption
7195,2025-03-29,2,1,101,11921,4628,14,30061,31208.5,Post-Disruption
7196,2023-04-14,2,3,102,11828,4249,13,19034,30096.0,Pre-Disruption
7197,2025-01-11,2,1,102,11805,4069,12,21087,30256.5,Post-Disruption
7198,2024-03-01,2,1,104,11950,4511,15,31896,30504.0,During-Disruption
7199,2024-09-30,3,1,101,6220,3244,9,43188,17393.0,During-Disruption
7200,2025-04-29,1,4,103,8629,2746,7,17444,23327.5,Post-Disruption
7201,2025-02-07,3,1,101,6380,3172,8,24001,17645.0,Post-Disruption
7202,2023-10-04,1,2,104,8626,2755,4,67061,22631.0,Pre-Disruption
7203,2025-12-24,1,3,103,8674,2544,5,43475,23447.0,Post-Disruption
7204,2025-06-18,1,4,101,8537,2659,5,40078,23197.5,Post-Disruption
7205,2023-07-07,1,1,104,8572,2306,6,15221,23360.0,Pre-Disruption
7206,2023-04-15,1,4,103,8670,2687,7,76503,22696.0,Pre-Disruption
7207,2024-06-29,3,1,103,6314,2943,9,53831,17297.0,During-Disruption
7208,2024-01-15,2,3,102,11927,4501,12,22022,30607.5,During-Disruption
7209,2023-04-20,2,3,102,11806,4424,13,44695,30660.0,Pre-Disruption
7210,2024-06-28,2,1,104,11858,4048,13,36845,31135.0,During-Disruption
7211,2023-12-20,1,1,103,8535,2259,7,58789,22603.5,During-Disruption
7212,2025-01-12,1,1,101,8650,2457,7,71242,22306.0,Post-Disruption
7213,2023-11-13,2,1,103,11729,4576,13,18445,30555.5,During-Disruption
7214,2025-12-24,2,4,104,11797,4113,13,75781,31395.5,Post-Disruption
7215,2023-11-29,3,1,101,6196,3248,7,72133,16995.0,During-Disruption
7216,2024-08-14,2,4,103,11956,4397,12,38356,31224.0,During-Disruption
7217,2025-02-21,3,1,101,6371,3573,6,15897,16508.5,Post-Disruption
7218,2024-06-23,2,4,102,11710,4469,15,51677,30406.0,During-Disruption
7219,2025-01-04,4,3,101,1567,2275,3,48344,5777.5,Post-Disruption
7220,2024-09-12,1,3,102,8610,2214,7,28986,22084.0,During-Disruption
7221,2024-09-10,2,1,101,11871,4548,13,16244,30958.5,During-Disruption
7222,2025-06-27,2,2,102,11819,4137,14,31573,30830.5,Post-Disruption
7223,2025-09-18,4,1,104,1584,1864,1,27146,5854.0,Post-Disruption
7224,2023-04-09,1,1,101,8438,2757,7,43757,22901.0,Pre-Disruption
7225,2023-11-13,2,2,103,11956,4617,12,70201,30810.0,During-Disruption
7226,2023-05-03,1,3,104,8678,2280,6,37857,23187.0,Pre-Disruption
7227,2025-03-09,2,1,104,11929,4302,12,42642,31406.5,Post-Disruption
7228,2024-04-01,1,2,101,8514,2473,5,59315,23212.0,During-Disruption
7229,2024-06-05,1,2,104,8490,2312,5,59620,22517.0,During-Disruption
7230,2024-06-03,2,1,102,11760,4408,12,84230,31101.0,During-Disruption
7231,2025-07-05,1,2,102,8502,2564,7,69570,22324.0,Post-Disruption
7232,2024-12-17,1,3,101,8614,2440,5,33016,22624.0,During-Disruption
7233,2023-11-11,1,1,104,8501,2288,6,16338,22172.5,During-Disruption
7234,2024-12-09,1,3,103,8542,2894,7,64877,21987.0,During-Disruption
7235,2024-12-10,4,2,101,1489,1871,1,61913,5043.5,During-Disruption
7236,2025-11-09,2,3,101,11817,4254,14,60862,31395.5,Post-Disruption
7237,2024-07-13,3,1,104,6238,3388,6,17585,17128.0,During-Disruption
7238,2025-08-26,2,3,102,11939,4244,15,74101,31635.5,Post-Disruption
7239,2023-12-22,4,1,104,1535,1698,2,42541,5649.5,During-Disruption
7240,2025-12-13,2,1,103,11704,4570,13,62818,31191.0,Post-Disruption
7241,2025-06-08,2,1,103,11908,4072,13,29101,31363.0,Post-Disruption
7242,2025-03-03,2,4,103,11786,4623,13,71348,31045.0,Post-Disruption
7243,2023-09-22,3,3,103,6376,3576,8,32673,16977.0,Pre-Disruption
7244,2025-09-08,2,1,101,11820,4287,14,31865,30728.0,Post-Disruption
7245,2025-03-12,1,1,103,8644,2410,7,26928,22281.0,Post-Disruption
7246,2023-02-12,1,1,103,8489,2733,7,39980,22041.5,Pre-Disruption
7247,2025-05-11,2,1,103,11839,4082,15,78420,30528.5,Post-Disruption
7248,2023-12-16,2,2,104,11811,4241,12,51469,31245.5,During-Disruption
7249,2025-06-30,1,2,102,8639,2211,5,69906,23168.5,Post-Disruption
7250,2023-01-01,1,4,102,8671,2716,5,51774,22350.5,Pre-Disruption
7251,2024-08-06,2,4,102,11842,4115,15,23908,30456.0,During-Disruption
7252,2024-03-07,3,2,103,6306,3246,9,82393,17250.0,During-Disruption
7253,2023-02-22,1,1,104,8518,2219,6,39859,22192.0,Pre-Disruption
7254,2025-07-28,1,1,101,8483,2335,5,70206,22471.5,Post-Disruption
7255,2024-06-03,3,2,104,6350,3345,7,57515,17097.0,During-Disruption
7256,2023-05-27,2,1,101,11977,4437,13,75884,30701.5,Pre-Disruption
7257,2024-09-20,1,2,104,8562,2769,6,82897,22556.0,During-Disruption
7258,2023-10-26,3,4,102,6241,3072,9,25161,17096.5,Pre-Disruption
7259,2025-02-27,2,4,102,11730,4516,14,23801,30198.0,Post-Disruption
7260,2025-04-29,2,1,103,11790,4158,15,47417,31238.0,Post-Disruption
7261,2023-06-27,4,1,102,1527,2004,4,74457,4959.5,Pre-Disruption
7262,2025-04-21,4,3,102,1666,2111,4,41982,5691.0,Post-Disruption
7263,2025-05-27,1,3,102,8435,2851,7,77784,22223.5,Post-Disruption
7264,2025-01-28,1,1,104,8679,2203,5,15125,22494.5,Post-Disruption
7265,2025-12-27,1,3,102,8612,2786,6,40307,23302.0,Post-Disruption
7266,2024-03-20,1,2,101,8632,2303,5,50098,22543.0,During-Disruption
7267,2024-12-08,1,1,103,8627,2572,4,60085,23039.5,During-Disruption
7268,2024-08-24,1,1,104,8697,2848,5,16621,23412.5,During-Disruption
7269,2023-05-25,4,4,101,1636,1881,4,72675,4745.0,Pre-Disruption
7270,2023-10-02,3,2,104,6120,3182,9,26007,17117.0,Pre-Disruption
7271,2024-05-23,2,1,102,11795,4476,15,77688,30103.5,During-Disruption
7272,2025-01-22,2,3,104,11750,4234,13,77760,29984.0,Post-Disruption
7273,2024-04-21,1,3,104,8461,2377,7,22101,22564.5,During-Disruption
7274,2024-10-27,1,4,103,8552,2537,4,21788,23359.0,During-Disruption
7275,2024-07-21,1,1,104,8623,2701,5,71239,22669.5,During-Disruption
7276,2024-06-14,3,4,104,6241,3121,7,52958,17244.5,During-Disruption
7277,2023-06-08,1,1,103,8440,2655,4,80363,22315.0,Pre-Disruption
7278,2024-11-11,3,2,104,6265,3258,7,50097,16215.5,During-Disruption
7279,2023-01-23,2,2,104,11889,4409,15,67813,30761.5,Pre-Disruption
7280,2025-12-06,1,1,101,8696,2804,7,38216,23647.0,Post-Disruption
7281,2024-06-08,1,1,101,8444,2757,4,15136,23083.0,During-Disruption
7282,2024-12-29,2,4,104,11907,4461,12,54614,30506.5,During-Disruption
7283,2023-05-24,4,2,104,1495,1790,2,26769,4492.5,Pre-Disruption
7284,2024-10-29,3,1,102,6374,3044,7,22429,17614.0,During-Disruption
7285,2024-11-11,1,1,101,8692,2543,5,35069,22254.0,During-Disruption
7286,2025-08-30,2,1,102,11934,4615,15,76544,30588.0,Post-Disruption
7287,2025-03-09,1,1,104,8606,2775,4,60354,22113.0,Post-Disruption
7288,2023-03-26,4,4,102,1425,1756,4,62935,4780.5,Pre-Disruption
7289,2024-02-20,3,3,102,6306,3207,6,43768,16953.0,During-Disruption
7290,2024-11-24,2,4,103,11840,4127,14,37532,31043.0,During-Disruption
7291,2024-04-26,2,1,103,11786,4023,12,16399,30344.0,During-Disruption
7292,2024-03-31,2,2,104,11797,4124,14,84356,31242.5,During-Disruption
7293,2025-04-06,1,1,101,8422,2374,4,50327,22497.0,Post-Disruption
7294,2023-10-24,1,3,104,8649,2300,7,42510,22695.5,Pre-Disruption
7295,2025-08-07,1,1,101,8649,2250,5,60985,22538.5,Post-Disruption
7296,2024-11-10,4,1,103,1547,1857,2,56305,4858.5,During-Disruption
7297,2024-01-13,2,2,101,11753,4660,13,60879,30051.5,During-Disruption
7298,2024-02-25,1,1,102,8438,2367,6,76563,22193.0,During-Disruption
7299,2023-04-15,3,2,102,6317,3004,7,72813,16830.5,Pre-Disruption
7300,2023-11-26,1,2,103,8636,2780,7,67120,22319.0,During-Disruption
7301,2024-03-14,1,3,104,8676,2234,7,80148,22197.0,During-Disruption
7302,2024-01-17,1,4,101,8624,2627,4,24205,22249.0,During-Disruption
7303,2023-05-18,2,1,104,11843,4674,13,75708,30478.5,Pre-Disruption
7304,2025-07-31,2,1,101,11987,4338,15,68320,31400.5,Post-Disruption
7305,2025-04-22,2,3,103,11910,4152,13,76439,31157.0,Post-Disruption
7306,2023-09-27,3,2,102,6253,3405,6,20246,17159.5,Pre-Disruption
7307,2024-01-31,1,1,102,8658,2279,6,29115,23222.0,During-Disruption
7308,2025-07-01,3,3,101,6326,2930,9,56856,17514.0,Post-Disruption
7309,2024-04-08,1,1,104,8481,2424,7,50037,22154.5,During-Disruption
7310,2024-03-25,3,1,103,6187,3108,7,37824,16112.5,During-Disruption
7311,2023-01-20,2,1,103,11703,4179,14,55914,31029.5,Pre-Disruption
7312,2023-08-27,2,1,104,11872,4418,15,42650,31120.0,Pre-Disruption
7313,2024-02-22,2,1,102,11731,4496,14,32287,30612.5,During-Disruption
7314,2025-11-20,2,1,104,11933,4304,13,29127,31235.5,Post-Disruption
7315,2023-07-05,1,1,102,8625,2855,4,73038,23114.5,Pre-Disruption
7316,2023-09-10,3,1,101,6305,3213,9,29926,17434.5,Pre-Disruption
7317,2023-01-19,1,1,103,8501,2533,6,53732,22573.5,Pre-Disruption
7318,2024-12-12,1,2,101,8457,2263,4,56128,22859.5,During-Disruption
7319,2023-08-11,2,1,104,11968,4307,14,81106,31255.0,Pre-Disruption
7320,2023-01-03,3,1,104,6249,2939,7,30521,17065.5,Pre-Disruption
7321,2025-05-03,1,1,101,8651,2442,4,59573,22842.5,Post-Disruption
7322,2023-08-16,4,1,104,1443,1960,4,40917,5210.5,Pre-Disruption
7323,2025-07-01,4,1,104,1429,1844,4,19165,5184.5,Post-Disruption
7324,2024-05-13,2,1,104,11711,4608,12,55435,30951.5,During-Disruption
7325,2024-06-04,2,2,103,11713,4144,14,19964,30566.5,During-Disruption
7326,2024-12-02,3,2,103,6391,3467,6,83195,16985.5,During-Disruption
7327,2025-07-05,1,4,102,8444,2229,5,24191,21926.0,Post-Disruption
7328,2023-10-18,2,2,103,11899,4619,15,19191,30426.5,Pre-Disruption
7329,2025-12-12,4,1,101,1423,2027,1,48557,4610.5,Post-Disruption
7330,2024-12-15,4,1,101,1650,1981,4,57358,5503.0,During-Disruption
7331,2025-08-05,4,3,103,1518,2052,1,52216,5723.0,Post-Disruption
7332,2024-10-09,1,1,101,8477,2815,6,44686,22900.5,During-Disruption
7333,2025-10-24,1,1,104,8641,2380,7,84141,23417.5,Post-Disruption
7334,2024-11-14,1,1,103,8602,2697,4,42491,22795.0,During-Disruption
7335,2025-05-19,2,2,102,11936,4638,12,36073,31039.0,Post-Disruption
7336,2025-12-06,1,4,102,8693,2397,5,79731,22719.5,Post-Disruption
7337,2023-04-04,1,4,103,8486,2542,7,64548,22932.0,Pre-Disruption
7338,2025-07-28,2,1,101,11909,4032,12,16489,31338.5,Post-Disruption
7339,2024-07-13,3,1,103,6375,3233,7,23081,16879.5,During-Disruption
7340,2023-08-01,3,3,103,6196,3133,6,38625,16191.0,Pre-Disruption
7341,2024-03-11,3,2,102,6101,3447,9,62602,16848.5,During-Disruption
7342,2025-05-01,1,1,104,8628,2729,4,25233,22290.0,Post-Disruption
7343,2024-05-22,1,3,104,8642,2627,7,20021,22736.0,During-Disruption
7344,2025-04-15,3,2,103,6357,3165,9,39722,17219.5,Post-Disruption
7345,2024-10-12,2,4,102,11741,4294,13,79249,30239.5,During-Disruption
7346,2023-07-24,2,2,102,11912,4439,12,81223,31270.0,Pre-Disruption
7347,2024-01-16,1,1,103,8695,2760,7,54007,23224.5,During-Disruption
7348,2023-03-18,1,2,103,8402,2769,4,60945,22532.0,Pre-Disruption
7349,2025-03-26,2,3,103,11715,4331,14,60289,30174.5,Post-Disruption
7350,2025-02-06,3,2,104,6378,3050,8,36906,16605.0,Post-Disruption
7351,2024-02-14,4,2,103,1501,2246,1,56290,4905.5,During-Disruption
7352,2023-04-16,2,4,102,11776,4300,13,24382,30435.0,Pre-Disruption
7353,2024-07-04,2,2,103,11901,4344,14,84477,31156.5,During-Disruption
7354,2025-04-05,3,1,102,6154,3210,9,72301,16996.0,Post-Disruption
7355,2023-03-29,2,2,102,11908,4635,12,36306,31101.0,Pre-Disruption
7356,2025-05-30,2,2,101,11780,4182,15,44420,30139.0,Post-Disruption
7357,2024-06-23,4,1,102,1643,1746,4,70389,4695.5,During-Disruption
7358,2023-09-02,3,1,101,6334,3520,8,70645,17493.0,Pre-Disruption
7359,2024-07-31,4,3,103,1513,1749,4,65414,4775.5,During-Disruption
7360,2025-09-08,1,1,101,8466,2466,4,52077,21925.0,Post-Disruption
7361,2024-12-17,2,3,104,11996,4489,13,44522,31367.0,During-Disruption
7362,2023-05-22,3,1,104,6139,3030,8,55251,16883.5,Pre-Disruption
7363,2025-06-11,1,4,104,8620,2346,6,54970,23459.0,Post-Disruption
7364,2023-12-18,3,1,103,6202,3502,6,74938,16254.0,During-Disruption
7365,2024-06-28,1,1,102,8694,2574,5,24216,22830.0,During-Disruption
7366,2025-07-01,3,1,104,6152,3384,7,38086,15970.0,Post-Disruption
7367,2023-06-01,2,2,101,11995,4503,15,25174,31773.5,Pre-Disruption
7368,2024-10-14,1,1,103,8451,2703,5,81833,22300.5,During-Disruption
7369,2025-08-15,2,1,103,11736,4218,12,27945,30233.0,Post-Disruption
7370,2025-02-01,2,2,101,11766,4494,13,76758,30336.0,Post-Disruption
7371,2024-09-15,2,1,101,11861,4545,13,40128,30337.5,During-Disruption
7372,2024-10-17,2,2,103,11905,4010,15,33385,31498.5,During-Disruption
7373,2024-03-25,3,3,103,6151,3160,9,42941,16852.5,During-Disruption
7374,2024-12-21,2,3,102,11908,4070,12,20808,31664.0,During-Disruption
7375,2023-02-12,2,1,103,11701,4163,13,28276,30199.5,Pre-Disruption
7376,2023-09-21,1,2,101,8528,2460,5,75080,22479.0,Pre-Disruption
7377,2025-10-23,4,1,103,1577,2295,3,21568,4481.5,Post-Disruption
7378,2024-08-18,1,4,103,8563,2844,5,62827,22058.5,During-Disruption
7379,2025-11-05,2,4,101,11721,4410,14,26451,30115.5,Post-Disruption
7380,2025-12-18,3,1,102,6326,3315,9,15598,16944.0,Post-Disruption
7381,2025-10-09,1,1,103,8481,2544,7,64463,21879.5,Post-Disruption
7382,2023-06-26,2,1,104,11863,4233,15,59747,31318.5,Pre-Disruption
7383,2023-03-04,1,1,104,8402,2214,6,73813,22612.0,Pre-Disruption
7384,2025-08-15,3,2,101,6271,3516,8,84493,16958.5,Post-Disruption
7385,2025-09-29,2,2,101,11817,4353,14,81715,30060.5,Post-Disruption
7386,2024-07-14,3,1,101,6243,3382,7,23979,17160.5,During-Disruption
7387,2025-08-12,3,2,104,6351,3337,9,79838,17713.5,Post-Disruption
7388,2025-04-29,2,4,101,11965,4019,14,64505,30683.5,Post-Disruption
7389,2024-08-26,3,2,104,6269,3371,9,79773,16193.5,During-Disruption
7390,2024-08-28,2,1,102,11912,4161,14,34887,31613.0,During-Disruption
7391,2025-04-09,1,2,101,8680,2838,6,75893,23307.0,Post-Disruption
7392,2025-01-15,2,2,103,11926,4033,15,47279,31152.0,Post-Disruption
7393,2024-07-11,4,4,102,1661,1714,2,69924,5272.5,During-Disruption
7394,2023-03-05,2,1,104,11954,4429,12,20238,31323.0,Pre-Disruption
7395,2025-07-30,1,1,101,8407,2220,6,50272,22005.5,Post-Disruption
7396,2023-09-06,1,2,103,8440,2366,7,75424,22002.0,Pre-Disruption
7397,2025-07-28,2,2,104,11956,4295,15,36950,30906.0,Post-Disruption
7398,2023-06-06,1,3,102,8530,2371,6,41374,22407.0,Pre-Disruption
7399,2025-01-04,2,1,103,11751,4163,15,29309,31176.5,Post-Disruption
7400,2025-09-11,2,2,102,11801,4216,12,70071,30400.5,Post-Disruption
7401,2025-12-25,2,1,101,11918,4198,13,47315,31447.0,Post-Disruption
7402,2024-10-23,1,1,103,8643,2249,6,47106,22736.5,During-Disruption
7403,2025-11-09,2,2,101,11974,4497,15,43210,31463.0,Post-Disruption
7404,2023-02-02,3,1,104,6169,3341,9,48034,16359.5,Pre-Disruption
7405,2024-07-11,4,1,104,1446,1929,4,60384,4431.0,During-Disruption
7406,2023-03-14,2,3,102,11816,4329,13,57889,30164.0,Pre-Disruption
7407,2025-04-04,1,2,101,8477,2493,7,78059,22585.5,Post-Disruption
7408,2025-12-14,4,1,101,1404,1879,3,63424,4085.0,Post-Disruption
7409,2023-03-02,3,2,103,6353,3263,7,34425,17688.5,Pre-Disruption
7410,2023-09-29,1,1,104,8506,2770,5,43736,22730.0,Pre-Disruption
7411,2023-09-03,1,1,101,8643,2372,6,73983,22899.5,Pre-Disruption
7412,2024-09-19,1,1,101,8572,2353,7,69447,22276.0,During-Disruption
7413,2024-12-05,1,1,101,8435,2691,6,30484,22527.5,During-Disruption
7414,2024-10-23,1,4,104,8572,2794,5,48320,22059.0,During-Disruption
7415,2023-11-06,4,1,104,1579,1866,4,33936,5108.5,During-Disruption
7416,2024-05-09,2,3,104,11966,4639,14,17100,31790.0,During-Disruption
7417,2023-12-04,2,3,102,11954,4697,12,21243,31553.0,During-Disruption
7418,2024-08-01,3,4,104,6172,3317,7,77268,16630.0,During-Disruption
7419,2023-01-10,3,1,104,6156,3171,9,51188,16905.0,Pre-Disruption
7420,2023-02-18,3,4,104,6165,3342,6,61114,16396.5,Pre-Disruption
7421,2024-09-14,4,4,103,1531,2112,3,32773,4904.5,During-Disruption
7422,2024-12-31,2,1,103,11959,4411,15,26744,31665.5,During-Disruption
7423,2025-03-05,4,1,101,1523,1614,4,70434,5574.5,Post-Disruption
7424,2025-08-28,3,1,103,6191,2979,6,29213,17119.5,Post-Disruption
7425,2023-05-13,1,2,102,8673,2885,4,29465,22847.5,Pre-Disruption
7426,2023-03-24,2,2,102,11840,4543,13,51812,31563.0,Pre-Disruption
7427,2023-02-26,2,1,101,11931,4550,12,30322,30878.5,Pre-Disruption
7428,2024-01-11,4,3,101,1469,1839,4,15807,5366.5,During-Disruption
7429,2023-12-15,1,1,102,8574,2784,7,84021,22234.0,During-Disruption
7430,2023-09-28,2,3,102,11785,4604,14,64172,31175.5,Pre-Disruption
7431,2023-04-21,1,1,102,8652,2288,5,61520,22421.0,Pre-Disruption
7432,2025-05-18,1,2,101,8429,2453,6,20814,22523.5,Post-Disruption
7433,2025-06-05,1,1,102,8554,2338,7,56811,22819.0,Post-Disruption
7434,2023-03-17,2,1,101,11899,4289,14,48470,31231.5,Pre-Disruption
7435,2023-11-25,3,3,102,6255,3205,6,17355,17045.5,During-Disruption
7436,2023-05-02,1,1,102,8644,2371,6,59836,23105.0,Pre-Disruption
7437,2023-02-10,2,2,103,11719,4525,15,63325,30576.5,Pre-Disruption
7438,2025-07-10,1,4,102,8602,2527,4,70753,22537.0,Post-Disruption
7439,2024-10-03,1,1,101,8551,2352,7,19852,21963.5,During-Disruption
7440,2025-11-12,2,3,102,11776,4177,13,52384,31365.0,Post-Disruption
7441,2023-10-06,1,1,104,8571,2806,5,71800,22707.5,Pre-Disruption
7442,2025-02-01,2,1,103,11949,4415,12,21778,30929.5,Post-Disruption
7443,2024-04-13,1,1,102,8585,2510,5,34567,22585.5,During-Disruption
7444,2023-01-09,1,4,102,8527,2789,5,65434,23025.5,Pre-Disruption
7445,2023-01-13,2,1,104,11710,4243,13,54821,30988.0,Pre-Disruption
7446,2025-07-12,2,4,104,11941,4408,13,43948,31504.5,Post-Disruption
7447,2025-07-11,1,4,104,8580,2419,7,37643,22390.0,Post-Disruption
7448,2025-12-11,2,1,104,11964,4435,12,27247,31543.0,Post-Disruption
7449,2025-12-10,3,2,104,6294,3083,6,75948,16366.0,Post-Disruption
7450,2024-10-14,3,3,104,6345,3526,9,28609,17584.5,During-Disruption
7451,2024-09-12,1,1,102,8499,2323,6,40439,22845.5,During-Disruption
7452,2023-07-15,2,1,101,11751,4237,14,35112,31104.5,Pre-Disruption
7453,2024-02-21,2,1,102,11774,4619,13,38079,30870.0,During-Disruption
7454,2024-10-25,1,3,102,8532,2605,4,21531,21882.0,During-Disruption
7455,2023-05-28,3,3,102,6355,3458,6,33262,16425.5,Pre-Disruption
7456,2025-09-27,4,1,103,1608,1797,1,46795,5834.0,Post-Disruption
7457,2023-12-30,3,1,101,6242,3462,8,72176,16442.0,During-Disruption
7458,2024-02-06,3,4,101,6167,3481,7,62625,16310.5,During-Disruption
7459,2024-08-28,3,1,103,6153,2986,6,37679,16901.5,During-Disruption
7460,2023-08-17,2,3,101,11966,4074,14,57865,30465.0,Pre-Disruption
7461,2024-06-20,2,1,103,11941,4332,15,51685,31237.5,During-Disruption
7462,2023-09-25,3,3,102,6146,3330,6,47252,17080.0,Pre-Disruption
7463,2025-10-31,2,4,101,11814,4369,15,64203,30753.0,Post-Disruption
7464,2023-05-06,1,1,102,8595,2243,4,49550,22301.5,Pre-Disruption
7465,2023-11-02,1,1,104,8693,2496,6,81470,23368.5,During-Disruption
7466,2024-09-19,3,1,102,6229,3365,8,62688,16186.5,During-Disruption
7467,2024-11-19,1,1,101,8444,2449,4,45369,22454.0,During-Disruption
7468,2025-11-03,2,1,102,11854,4421,13,62938,31175.0,Post-Disruption
7469,2023-10-08,4,2,102,1481,2072,2,75875,5222.5,Pre-Disruption
7470,2024-03-18,3,1,103,6366,3172,8,71422,17247.0,During-Disruption
7471,2025-04-16,4,1,101,1556,1772,4,62913,5619.0,Post-Disruption
7472,2024-01-24,2,3,102,11724,4235,15,59263,30066.0,During-Disruption
7473,2024-09-08,1,2,103,8581,2245,4,78991,23063.5,During-Disruption
7474,2023-05-27,3,1,101,6273,3291,9,82208,17579.5,Pre-Disruption
7475,2024-06-04,1,2,104,8696,2854,7,35018,23576.0,During-Disruption
7476,2024-09-21,2,3,102,11740,4232,15,73483,30372.0,During-Disruption
7477,2024-03-09,1,2,102,8687,2616,6,28886,22795.5,During-Disruption
7478,2023-05-24,1,1,102,8448,2465,4,61475,22848.0,Pre-Disruption
7479,2023-10-16,2,1,102,11961,4189,12,35250,31224.5,Pre-Disruption
7480,2023-01-14,1,3,102,8643,2382,4,24331,23216.5,Pre-Disruption
7481,2023-09-14,2,3,104,11756,4356,14,81545,30954.0,Pre-Disruption
7482,2025-05-07,3,2,104,6105,3038,8,39904,16378.5,Post-Disruption
7483,2025-07-31,1,1,101,8446,2746,6,56434,21895.0,Post-Disruption
7484,2024-04-08,1,2,101,8462,2704,6,55994,21910.0,During-Disruption
7485,2023-09-27,2,3,103,11766,4481,13,74754,31258.0,Pre-Disruption
7486,2024-09-14,2,1,103,11882,4351,15,15165,30421.0,During-Disruption
7487,2023-03-13,4,1,103,1561,1941,1,18679,5528.5,Pre-Disruption
7488,2023-03-15,1,2,104,8696,2843,6,42304,23672.0,Pre-Disruption
7489,2023-12-21,3,3,101,6204,2972,6,77274,16459.0,During-Disruption
7490,2024-05-11,2,1,101,11962,4162,13,46415,31355.0,During-Disruption
7491,2025-09-14,2,2,104,11756,4222,14,18037,31169.0,Post-Disruption
7492,2024-08-02,1,2,101,8415,2384,5,20088,22646.5,During-Disruption
7493,2025-06-28,2,2,102,11758,4094,14,16698,31165.0,Post-Disruption
7494,2024-01-08,1,2,101,8565,2883,4,49831,22569.5,During-Disruption
7495,2023-12-28,1,2,101,8649,2508,7,16191,22905.5,During-Disruption
7496,2023-04-03,2,1,102,11733,4147,13,22175,31039.5,Pre-Disruption
7497,2023-11-20,3,1,103,6145,3218,9,53560,16575.5,During-Disruption
7498,2024-01-19,3,2,103,6398,3078,7,76751,17677.0,During-Disruption
7499,2024-07-28,2,1,103,11746,4653,14,78205,30367.0,During-Disruption
7500,2025-01-05,2,2,104,11951,4290,15,54443,31050.5,Post-Disruption
7501,2025-01-06,2,2,102,11865,4621,12,64032,31419.5,Post-Disruption
7502,2023-12-12,4,1,102,1531,2096,1,39896,4702.5,During-Disruption
7503,2024-12-19,2,2,104,11769,4300,15,60330,29981.5,During-Disruption
7504,2025-02-19,1,2,102,8459,2360,4,44124,22234.5,Post-Disruption
7505,2025-10-16,1,1,101,8604,2260,4,57999,23454.0,Post-Disruption
7506,2024-10-25,2,1,103,11937,4071,14,36354,30893.5,During-Disruption
7507,2024-08-22,2,4,102,11805,4436,15,74021,30668.5,During-Disruption
7508,2023-01-11,1,1,102,8583,2681,7,65892,23149.5,Pre-Disruption
7509,2023-07-06,3,2,103,6106,3014,7,32498,16588.0,Pre-Disruption
7510,2024-12-26,3,1,104,6130,3105,8,69905,17022.0,During-Disruption
7511,2025-11-04,2,1,103,11915,4333,12,69689,31382.5,Post-Disruption
7512,2025-02-16,1,1,104,8697,2505,5,70963,23404.5,Post-Disruption
7513,2024-02-15,1,3,104,8685,2753,7,65594,23409.5,During-Disruption
7514,2025-08-13,4,1,101,1525,2131,2,84006,5400.5,Post-Disruption
7515,2024-08-07,3,1,103,6150,3503,9,78746,16930.0,During-Disruption
7516,2025-12-11,1,3,102,8589,2779,4,71218,23359.5,Post-Disruption
7517,2025-11-17,1,1,104,8450,2334,6,62107,23091.0,Post-Disruption
7518,2024-07-30,2,1,101,11931,4577,14,81965,31237.5,During-Disruption
7519,2025-11-06,1,1,103,8577,2350,4,73598,23096.5,Post-Disruption
7520,2025-09-15,2,1,104,11857,4547,13,36270,30391.5,Post-Disruption
7521,2025-01-12,4,2,101,1546,1739,2,73326,5525.0,Post-Disruption
7522,2023-07-23,1,1,102,8650,2606,6,48676,23284.0,Pre-Disruption
7523,2025-12-12,1,1,104,8531,2689,5,53459,21900.5,Post-Disruption
7524,2025-08-31,3,4,104,6336,3104,6,15630,17743.0,Post-Disruption
7525,2025-07-28,1,4,102,8411,2494,7,30665,22046.5,Post-Disruption
7526,2025-12-13,4,3,102,1542,2181,2,22159,5138.0,Post-Disruption
7527,2025-11-20,2,4,102,11817,4670,14,23142,30820.5,Post-Disruption
7528,2025-12-17,4,2,104,1460,1783,3,16291,4428.0,Post-Disruption
7529,2023-04-15,1,2,101,8580,2217,4,65907,22901.0,Pre-Disruption
7530,2023-09-10,1,2,101,8664,2582,6,33613,22983.0,Pre-Disruption
7531,2023-10-22,2,3,102,11728,4570,12,16811,30837.0,Pre-Disruption
7532,2024-10-29,2,2,101,11962,4620,13,58275,31830.0,During-Disruption
7533,2024-07-02,1,1,102,8599,2842,5,54682,22803.5,During-Disruption
7534,2024-09-22,4,3,102,1504,2141,2,15769,4907.0,During-Disruption
7535,2025-12-26,3,3,103,6178,3407,6,80813,16589.0,Post-Disruption
7536,2023-10-26,2,3,101,11843,4191,14,40378,31477.5,Pre-Disruption
7537,2023-04-11,1,1,104,8598,2397,4,83844,22767.0,Pre-Disruption
7538,2025-12-15,3,1,103,6205,3141,7,62624,16542.5,Post-Disruption
7539,2023-11-28,3,1,102,6188,2990,7,75246,16350.0,During-Disruption
7540,2025-04-15,2,2,103,11965,4001,13,44456,30472.5,Post-Disruption
7541,2024-01-28,4,1,102,1650,2208,2,40229,4812.0,During-Disruption
7542,2025-05-23,1,1,102,8551,2664,5,63743,22262.5,Post-Disruption
7543,2024-01-16,1,1,102,8595,2484,4,54971,22489.5,During-Disruption
7544,2023-04-02,1,1,101,8525,2203,5,41175,21989.5,Pre-Disruption
7545,2024-03-22,3,3,102,6142,3137,6,57124,16813.0,During-Disruption
7546,2023-04-19,2,4,102,11872,4551,12,30009,31530.0,Pre-Disruption
7547,2023-11-13,1,1,101,8453,2638,5,47644,22832.5,During-Disruption
7548,2024-03-17,1,2,101,8652,2589,5,82488,22243.0,During-Disruption
7549,2023-08-06,1,1,102,8698,2528,7,51823,22452.0,Pre-Disruption
7550,2024-11-03,1,1,101,8595,2440,5,61702,22441.5,During-Disruption
7551,2023-10-05,2,3,104,11992,4614,12,63728,31009.0,Pre-Disruption
7552,2025-10-05,1,3,104,8616,2694,6,17065,22915.0,Post-Disruption
7553,2024-07-22,1,3,102,8568,2260,4,26161,22521.0,During-Disruption
7554,2025-10-06,3,1,103,6321,2961,7,51691,17469.5,Post-Disruption
7555,2025-05-24,2,4,101,11827,4451,12,16383,31193.5,Post-Disruption
7556,2024-04-10,3,1,103,6115,3176,8,64020,16690.5,During-Disruption
7557,2025-04-18,1,1,104,8436,2358,6,64173,22677.0,Post-Disruption
7558,2025-01-23,1,1,102,8695,2438,6,71148,22890.5,Post-Disruption
7559,2025-04-17,2,3,104,11924,4042,12,80004,31611.0,Post-Disruption
7560,2023-01-30,1,1,101,8513,2612,6,29315,21859.5,Pre-Disruption
7561,2023-12-25,1,1,101,8421,2638,6,24480,22154.5,During-Disruption
7562,2023-03-27,3,2,102,6398,3213,6,51538,16529.0,Pre-Disruption
7563,2025-01-16,4,1,101,1461,1751,2,26552,4767.5,Post-Disruption
7564,2023-11-09,1,1,101,8581,2279,6,17310,22539.5,During-Disruption
7565,2023-12-31,1,1,101,8684,2336,7,60472,22636.0,During-Disruption
7566,2025-06-23,4,1,103,1415,2049,4,29944,5391.5,Post-Disruption
7567,2024-11-28,1,2,102,8676,2585,4,73298,22320.0,During-Disruption
7568,2023-05-11,2,2,102,11836,4676,14,58100,30546.0,Pre-Disruption
7569,2025-03-13,4,1,102,1682,1982,1,36248,5835.0,Post-Disruption
7570,2025-02-27,4,1,101,1526,1764,2,69900,5777.0,Post-Disruption
7571,2023-12-17,2,3,101,11785,4301,12,36342,31260.5,During-Disruption
7572,2023-06-29,1,2,101,8606,2247,4,62283,22971.0,Pre-Disruption
7573,2025-02-12,1,2,102,8550,2326,7,59327,22153.0,Post-Disruption
7574,2024-05-24,3,1,103,6150,3267,8,62531,16134.0,During-Disruption
7575,2023-12-31,4,1,104,1630,2247,1,51134,5182.0,During-Disruption
7576,2025-09-07,2,4,102,11779,4031,15,56491,30974.5,Post-Disruption
7577,2023-12-19,3,2,102,6230,3406,7,16376,17285.0,During-Disruption
7578,2025-03-10,3,1,103,6235,3512,6,31258,16304.5,Post-Disruption
7579,2024-02-16,2,1,104,11869,4076,12,57617,31030.5,During-Disruption
7580,2025-01-04,3,1,104,6262,3100,6,69922,17002.0,Post-Disruption
7581,2025-09-07,2,1,101,11898,4067,13,47793,30530.0,Post-Disruption
7582,2023-04-28,2,4,104,11926,4027,15,26990,31696.0,Pre-Disruption
7583,2024-04-26,1,4,101,8447,2599,5,49341,22801.5,During-Disruption
7584,2023-07-11,3,1,102,6352,2956,6,30647,17611.0,Pre-Disruption
7585,2024-08-13,2,1,103,11802,4202,15,80732,31445.0,During-Disruption
7586,2024-08-12,1,3,102,8435,2766,4,84743,21634.5,During-Disruption
7587,2024-10-20,3,1,104,6105,2982,9,33062,16231.5,During-Disruption
7588,2023-04-17,2,2,102,11898,4617,12,25172,31240.0,Pre-Disruption
7589,2024-01-17,4,2,103,1411,1850,4,20994,5205.5,During-Disruption
7590,2025-02-21,1,2,103,8502,2541,6,25035,21820.0,Post-Disruption
7591,2024-01-25,2,3,101,11886,4422,13,36974,30444.0,During-Disruption
7592,2023-09-01,1,3,102,8577,2638,4,44053,23180.5,Pre-Disruption
7593,2024-08-07,4,4,103,1570,2013,4,18218,5180.0,During-Disruption
7594,2025-05-18,1,1,103,8576,2332,4,27665,21951.0,Post-Disruption
7595,2024-04-12,2,4,103,11788,4428,15,22248,30582.0,During-Disruption
7596,2025-05-15,3,1,103,6303,3443,7,77478,16942.5,Post-Disruption
7597,2025-07-22,1,1,104,8610,2809,6,17001,23277.0,Post-Disruption
7598,2024-08-26,4,1,102,1612,1867,1,64174,4771.0,During-Disruption
7599,2025-10-11,3,2,102,6120,3006,9,76775,16012.0,Post-Disruption
7600,2025-05-09,1,1,102,8487,2265,5,73557,22852.5,Post-Disruption
7601,2023-01-13,1,3,104,8412,2251,6,23147,22403.0,Pre-Disruption
7602,2023-10-26,1,2,104,8519,2487,5,33712,23023.5,Pre-Disruption
7603,2025-12-10,1,1,103,8577,2431,5,70455,22282.5,Post-Disruption
7604,2025-02-25,3,3,104,6228,3062,6,70579,17130.0,Post-Disruption
7605,2023-05-29,4,4,101,1450,1840,2,66290,5238.0,Pre-Disruption
7606,2023-05-02,1,2,104,8441,2589,4,19235,22046.5,Pre-Disruption
7607,2024-06-21,2,1,103,11794,4021,14,38890,30311.0,During-Disruption
7608,2024-01-11,2,4,102,11941,4686,12,53297,31477.5,During-Disruption
7609,2023-03-23,1,3,104,8460,2692,5,78470,22124.0,Pre-Disruption
7610,2024-05-06,1,1,102,8627,2883,5,82172,22625.5,During-Disruption
7611,2023-12-22,1,1,102,8676,2720,7,32322,22718.0,During-Disruption
7612,2025-07-13,2,1,101,11717,4361,13,44897,30697.5,Post-Disruption
7613,2025-12-03,2,4,101,11943,4058,12,31204,31558.5,Post-Disruption
7614,2025-10-01,3,1,104,6146,3384,8,35504,16835.0,Post-Disruption
7615,2023-05-03,1,1,102,8417,2828,7,37386,22496.5,Pre-Disruption
7616,2024-12-08,3,4,103,6300,3000,8,36710,17035.0,During-Disruption
7617,2023-11-26,2,1,102,11952,4339,13,72511,31085.0,During-Disruption
7618,2025-09-17,3,4,102,6291,3385,9,81902,16645.5,Post-Disruption
7619,2023-11-19,2,1,101,11748,4688,12,38618,30384.0,During-Disruption
7620,2025-02-08,3,2,101,6193,2915,7,28322,16692.5,Post-Disruption
7621,2024-03-08,3,1,101,6336,3397,6,77628,17398.0,During-Disruption
7622,2024-12-10,2,4,101,11921,4120,14,78968,31564.5,During-Disruption
7623,2025-03-04,1,3,104,8566,2413,7,57245,22503.0,Post-Disruption
7624,2024-12-12,4,4,104,1653,1929,1,23697,5245.5,During-Disruption
7625,2024-06-22,3,2,102,6156,2983,6,81373,16339.0,During-Disruption
7626,2024-08-23,4,1,104,1405,1780,2,65091,4589.5,During-Disruption
7627,2023-09-14,3,1,103,6337,3285,6,19308,16392.5,Pre-Disruption
7628,2025-05-20,2,1,102,11920,4322,15,15558,30935.0,Post-Disruption
7629,2025-06-17,1,2,102,8623,2753,6,74427,22768.5,Post-Disruption
7630,2025-03-19,1,4,103,8477,2647,6,80105,22788.5,Post-Disruption
7631,2024-11-07,4,1,102,1419,1672,4,30254,4213.5,During-Disruption
7632,2023-09-28,1,3,103,8664,2454,7,39982,22334.0,Pre-Disruption
7633,2024-07-03,1,4,101,8603,2899,6,83642,23322.5,During-Disruption
7634,2024-07-21,3,1,101,6241,3189,7,45012,16123.5,During-Disruption
7635,2025-09-12,3,4,101,6179,3399,6,73064,16929.5,Post-Disruption
7636,2023-12-25,1,1,103,8609,2807,4,19261,22866.5,During-Disruption
7637,2025-03-08,1,3,104,8655,2787,5,71499,23332.5,Post-Disruption
7638,2025-06-05,2,1,104,11739,4001,14,84121,31059.5,Post-Disruption
7639,2023-07-30,1,1,102,8601,2582,6,50262,22246.5,Pre-Disruption
7640,2023-10-14,3,1,101,6185,3589,7,24693,16098.5,Pre-Disruption
7641,2025-01-12,1,4,101,8442,2311,5,71672,21908.0,Post-Disruption
7642,2025-11-12,3,3,102,6335,3103,9,23221,17634.5,Post-Disruption
7643,2023-10-23,3,1,101,6169,2925,9,75178,16011.5,Pre-Disruption
7644,2023-01-06,2,4,101,11830,4107,14,48446,30456.0,Pre-Disruption
7645,2024-07-03,1,2,103,8531,2876,6,39799,23007.5,During-Disruption
7646,2024-11-11,2,4,102,11947,4566,12,28851,30533.5,During-Disruption
7647,2025-03-05,2,1,103,11854,4273,14,71776,31565.0,Post-Disruption
7648,2023-07-22,1,1,101,8629,2741,6,21319,23119.5,Pre-Disruption
7649,2023-11-21,3,2,101,6188,2916,6,62711,16973.0,During-Disruption
7650,2025-04-04,2,1,102,11928,4463,15,51949,31643.0,Post-Disruption
7651,2023-09-01,3,1,101,6126,3197,7,51327,16676.0,Pre-Disruption
7652,2023-11-23,1,1,104,8637,2792,4,18466,22186.5,During-Disruption
7653,2025-09-13,1,1,103,8574,2595,4,76792,23427.0,Post-Disruption
7654,2025-12-06,4,1,103,1691,1626,3,32831,5184.5,Post-Disruption
7655,2025-01-30,2,4,104,11760,4182,13,79463,30429.0,Post-Disruption
7656,2025-11-02,2,1,102,11869,4515,14,49717,31639.5,Post-Disruption
7657,2025-06-25,2,1,102,11962,4674,13,62742,31025.0,Post-Disruption
7658,2023-12-31,1,2,101,8515,2648,4,19509,22682.5,During-Disruption
7659,2023-03-14,3,2,102,6274,3231,7,64926,16504.0,Pre-Disruption
7660,2025-12-05,1,3,104,8620,2783,6,40666,23477.0,Post-Disruption
7661,2023-10-01,2,3,102,11827,4455,13,64630,30758.5,Pre-Disruption
7662,2023-07-27,2,1,101,11704,4587,13,73505,30051.0,Pre-Disruption
7663,2023-05-04,4,1,104,1585,2019,2,84496,5163.5,Pre-Disruption
7664,2025-10-30,2,3,101,11871,4239,14,47357,30480.5,Post-Disruption
7665,2024-06-26,1,4,103,8598,2711,4,32700,23263.0,During-Disruption
7666,2023-03-01,2,2,103,11930,4289,15,15014,30893.0,Pre-Disruption
7667,2025-06-17,1,1,102,8687,2638,4,62859,22460.5,Post-Disruption
7668,2025-06-04,1,1,104,8514,2722,5,64274,22643.0,Post-Disruption
7669,2025-02-20,1,1,104,8410,2770,7,82454,21949.0,Post-Disruption
7670,2024-03-17,2,3,104,11803,4258,13,67195,30739.5,During-Disruption
7671,2025-06-29,1,1,101,8574,2467,5,25492,22022.0,Post-Disruption
7672,2025-10-22,2,1,104,11819,4112,12,28643,31132.5,Post-Disruption
7673,2025-04-11,4,1,102,1636,2184,3,74163,5002.0,Post-Disruption
7674,2025-10-04,3,1,103,6335,3304,7,31324,16887.5,Post-Disruption
7675,2024-09-17,1,1,102,8437,2601,5,44917,22185.5,During-Disruption
7676,2025-09-24,1,1,103,8671,2435,5,83303,22186.5,Post-Disruption
7677,2025-01-03,2,3,103,11950,4005,12,42127,31843.0,Post-Disruption
7678,2023-04-01,3,1,102,6126,3500,9,60055,16894.0,Pre-Disruption
7679,2023-06-16,1,2,103,8522,2313,4,31942,23093.0,Pre-Disruption
7680,2025-08-16,3,1,103,6255,3264,9,25866,16404.5,Post-Disruption
7681,2023-07-26,2,1,101,11916,4320,14,25135,30675.0,Pre-Disruption
7682,2025-12-24,2,2,102,11893,4310,13,29858,31729.5,Post-Disruption
7683,2024-05-30,4,1,102,1560,1767,2,81124,4984.0,During-Disruption
7684,2025-01-16,3,3,102,6227,2951,6,49121,17107.5,Post-Disruption
7685,2023-11-02,3,2,103,6277,3199,6,32973,16226.5,During-Disruption
7686,2024-01-30,1,3,104,8525,2261,7,72402,22521.5,During-Disruption
7687,2023-07-06,2,1,104,11873,4083,13,51483,31184.5,Pre-Disruption
7688,2024-09-14,2,1,103,11734,4352,15,39783,30637.0,During-Disruption
7689,2024-12-30,1,2,104,8638,2868,5,33769,22557.0,During-Disruption
7690,2023-08-28,2,1,104,11740,4502,13,75628,30049.0,Pre-Disruption
7691,2024-06-16,1,1,103,8585,2858,4,48077,22251.5,During-Disruption
7692,2023-05-21,1,2,102,8582,2674,5,37936,22989.0,Pre-Disruption
7693,2023-05-19,1,1,101,8660,2834,6,82197,22159.0,Pre-Disruption
7694,2024-04-03,3,1,102,6133,3402,6,17185,16937.5,During-Disruption
7695,2023-03-11,4,2,102,1586,2293,3,50206,5826.0,Pre-Disruption
7696,2024-01-20,2,4,102,11836,4098,14,24972,31588.0,During-Disruption
7697,2024-09-21,2,4,101,11901,4305,15,36184,31137.5,During-Disruption
7698,2023-07-17,1,1,102,8542,2514,7,49656,22033.0,Pre-Disruption
7699,2023-07-24,4,2,104,1508,2041,4,61590,5646.0,Pre-Disruption
7700,2024-07-21,2,1,101,11856,4246,12,79134,31252.0,During-Disruption
7701,2025-09-08,3,1,104,6354,3164,7,30854,17004.0,Post-Disruption
7702,2025-03-15,3,3,101,6280,3468,8,35941,17410.0,Post-Disruption
7703,2025-05-08,1,1,104,8618,2624,7,30397,22558.0,Post-Disruption
7704,2025-05-31,2,1,102,11727,4057,15,24862,30586.5,Post-Disruption
7705,2025-08-31,4,4,102,1550,2083,2,35069,4507.0,Post-Disruption
7706,2024-10-01,1,3,102,8499,2523,7,47258,22675.5,During-Disruption
7707,2023-11-21,2,3,104,11702,4185,14,60660,30079.0,During-Disruption
7708,2024-03-17,4,4,104,1432,2098,1,26275,5545.0,During-Disruption
7709,2025-03-14,1,3,103,8598,2261,7,58000,23125.0,Post-Disruption
7710,2023-10-15,3,1,104,6168,3492,7,82754,16481.0,Pre-Disruption
7711,2023-08-14,4,2,101,1489,1845,3,73873,4390.5,Pre-Disruption
7712,2025-12-23,3,1,102,6116,3386,8,46695,16759.0,Post-Disruption
7713,2025-08-24,1,1,101,8433,2572,4,21680,22929.5,Post-Disruption
7714,2025-07-26,1,3,103,8663,2714,6,73809,22967.5,Post-Disruption
7715,2024-07-13,1,1,103,8459,2250,4,28760,22463.5,During-Disruption
7716,2024-12-14,3,1,104,6283,3516,8,51713,16715.5,During-Disruption
7717,2024-05-12,3,1,102,6298,2998,7,15194,16390.0,During-Disruption
7718,2025-04-28,2,1,101,11940,4322,12,19251,31198.0,Post-Disruption
7719,2025-07-14,1,4,103,8631,2791,6,35589,23195.5,Post-Disruption
7720,2023-03-01,1,2,103,8610,2640,6,18530,23040.0,Pre-Disruption
7721,2023-09-14,3,2,101,6151,3303,9,82236,16869.5,Pre-Disruption
7722,2024-07-30,3,2,103,6218,3316,7,63456,16453.0,During-Disruption
7723,2023-08-27,4,2,101,1614,2282,4,76407,5954.0,Pre-Disruption
7724,2023-02-07,3,3,102,6248,3054,9,18890,17070.0,Pre-Disruption
7725,2023-01-25,3,2,104,6275,3441,8,72118,17001.5,Pre-Disruption
7726,2024-02-14,3,4,101,6368,3510,6,19692,17400.0,During-Disruption
7727,2024-04-05,2,4,102,11704,4145,14,60043,30736.0,During-Disruption
7728,2025-09-14,2,4,101,11815,4234,14,67969,30641.5,Post-Disruption
7729,2023-12-23,4,2,103,1602,2073,2,32370,4571.0,During-Disruption
7730,2024-01-18,2,4,102,11736,4398,13,73106,30550.0,During-Disruption
7731,2024-07-22,1,1,101,8453,2810,6,83774,22591.5,During-Disruption
7732,2025-12-07,1,4,102,8687,2659,5,73062,23458.5,Post-Disruption
7733,2024-03-08,1,4,101,8683,2632,7,23574,23442.5,During-Disruption
7734,2023-02-25,2,4,101,11785,4256,14,21492,30900.5,Pre-Disruption
7735,2024-07-30,1,3,102,8444,2638,7,73134,22030.0,During-Disruption
7736,2023-09-25,1,1,102,8683,2736,6,74332,23390.5,Pre-Disruption
7737,2023-03-10,2,1,102,11769,4174,15,43334,30262.5,Pre-Disruption
7738,2025-06-20,1,1,103,8441,2690,4,34978,21781.5,Post-Disruption
7739,2025-03-03,3,3,104,6371,3182,8,58079,17704.5,Post-Disruption
7740,2023-09-14,2,1,101,11840,4604,12,84930,31119.0,Pre-Disruption
7741,2024-11-02,2,1,101,11758,4561,12,59924,31102.0,During-Disruption
7742,2024-05-04,1,2,102,8639,2418,6,32032,22936.5,During-Disruption
7743,2025-01-15,1,2,101,8446,2355,5,76901,22000.0,Post-Disruption
7744,2023-02-18,2,4,104,11866,4056,14,60342,30407.0,Pre-Disruption
7745,2023-11-12,3,2,104,6209,3410,8,40408,16159.5,During-Disruption
7746,2024-02-17,3,3,101,6225,3237,7,30005,17433.5,During-Disruption
7747,2024-03-09,1,2,101,8698,2471,7,56160,22837.0,During-Disruption
7748,2025-10-22,2,3,102,11808,4183,13,49279,30145.0,Post-Disruption
7749,2024-02-24,1,1,104,8564,2490,7,42164,23278.0,During-Disruption
7750,2025-04-23,4,1,101,1658,1901,1,15130,5875.0,Post-Disruption
7751,2025-07-04,4,4,104,1475,2178,3,76174,5612.5,Post-Disruption
7752,2024-03-09,2,2,101,11706,4246,13,26810,30022.0,During-Disruption
7753,2024-10-04,2,2,103,11885,4015,13,44633,31363.5,During-Disruption
7754,2023-02-26,3,1,104,6375,3234,9,61376,17756.5,Pre-Disruption
7755,2025-08-21,3,1,103,6178,3110,6,62568,16498.0,Post-Disruption
7756,2025-09-03,2,2,102,11764,4585,14,67313,31156.0,Post-Disruption
7757,2023-02-15,4,1,104,1514,1972,2,74990,4891.0,Pre-Disruption
7758,2024-02-21,2,1,101,11901,4405,15,55480,30916.5,During-Disruption
7759,2025-04-27,2,1,101,11841,4529,12,63421,30271.5,Post-Disruption
7760,2023-05-19,3,2,103,6197,2921,6,67740,16668.5,Pre-Disruption
7761,2023-09-04,2,2,104,11916,4617,15,82831,30650.0,Pre-Disruption
7762,2023-08-18,3,4,104,6173,3018,6,77002,16933.5,Pre-Disruption
7763,2025-03-02,1,2,104,8692,2727,7,57560,22778.0,Post-Disruption
7764,2024-09-28,1,4,102,8533,2383,7,18267,22542.5,During-Disruption
7765,2024-01-09,1,2,104,8661,2714,7,81212,22285.5,During-Disruption
7766,2025-01-07,2,2,102,11983,4491,12,56982,31942.5,Post-Disruption
7767,2025-12-24,2,1,101,11801,4505,14,22482,31431.5,Post-Disruption
7768,2023-03-29,4,1,103,1605,2234,3,53281,4881.5,Pre-Disruption
7769,2024-12-13,2,2,103,11840,4436,13,64952,30962.0,During-Disruption
7770,2024-08-23,3,1,104,6112,3004,9,82405,15953.0,During-Disruption
7771,2024-06-22,1,3,103,8648,2302,5,32315,23439.0,During-Disruption
7772,2023-08-02,3,2,104,6222,3107,7,77830,17388.0,Pre-Disruption
7773,2023-03-15,2,4,101,11709,4660,13,81341,30841.5,Pre-Disruption
7774,2023-03-02,2,4,101,11779,4046,15,77707,30366.5,Pre-Disruption
7775,2024-11-28,1,1,101,8566,2503,5,25038,22211.0,During-Disruption
7776,2023-01-12,2,1,103,11798,4166,15,30773,30860.0,Pre-Disruption
7777,2025-03-24,2,2,104,11906,4493,12,72113,31099.0,Post-Disruption
7778,2023-02-01,2,1,102,11850,4086,15,59841,30915.0,Pre-Disruption
7779,2025-09-27,4,1,101,1436,1825,4,58438,5284.0,Post-Disruption
7780,2023-08-25,3,3,101,6363,3019,9,46698,16723.5,Pre-Disruption
7781,2024-07-11,4,4,102,1404,1847,3,16615,5306.0,During-Disruption
7782,2024-10-08,2,3,102,11925,4504,12,55316,31044.5,During-Disruption
7783,2025-09-13,4,2,103,1426,1952,4,49265,5166.0,Post-Disruption
7784,2025-03-30,3,1,101,6223,3043,8,16916,17283.5,Post-Disruption
7785,2024-04-17,1,2,103,8698,2549,7,75177,22274.0,During-Disruption
7786,2023-04-22,2,1,101,11734,4514,12,28783,30879.0,Pre-Disruption
7787,2024-01-18,1,2,103,8636,2516,4,57606,22233.0,During-Disruption
7788,2023-01-17,1,1,103,8501,2225,5,55835,22581.5,Pre-Disruption
7789,2024-05-07,1,4,102,8476,2729,6,43982,22261.0,During-Disruption
7790,2025-07-14,1,3,104,8481,2521,7,72653,22328.5,Post-Disruption
7791,2023-04-27,3,2,104,6245,3195,9,43571,17528.5,Pre-Disruption
7792,2025-05-29,2,4,104,11892,4130,14,50838,30988.0,Post-Disruption
7793,2023-04-25,1,1,101,8623,2216,6,73791,22978.5,Pre-Disruption
7794,2025-03-24,3,1,102,6152,3481,7,62779,16241.0,Post-Disruption
7795,2024-10-05,3,3,102,6184,3084,7,79135,17306.0,During-Disruption
7796,2023-12-02,4,4,102,1528,1648,2,30549,5614.0,During-Disruption
7797,2025-07-10,2,2,101,11910,4075,13,52115,30805.0,Post-Disruption
7798,2023-05-27,2,1,103,11963,4527,12,20592,30932.5,Pre-Disruption
7799,2023-05-02,1,3,103,8582,2205,6,60872,23121.0,Pre-Disruption
7800,2023-03-22,1,1,104,8671,2233,5,27505,23467.5,Pre-Disruption
7801,2024-11-15,1,2,104,8626,2258,7,20377,22127.0,During-Disruption
7802,2024-10-23,2,1,101,11711,4066,15,80611,30587.5,During-Disruption
7803,2024-01-10,4,4,101,1492,1854,2,70652,4424.0,During-Disruption
7804,2023-03-04,1,1,104,8589,2602,5,78040,22654.5,Pre-Disruption
7805,2024-05-18,1,4,103,8485,2356,7,75347,22867.5,During-Disruption
7806,2024-10-29,1,1,103,8676,2231,5,80211,23042.0,During-Disruption
7807,2024-03-24,3,1,102,6392,2909,8,70942,17528.0,During-Disruption
7808,2025-05-17,1,4,104,8660,2574,4,79332,22223.0,Post-Disruption
7809,2024-11-10,2,1,104,11897,4348,15,54107,30451.5,During-Disruption
7810,2024-04-05,1,2,103,8409,2788,4,67190,21746.5,During-Disruption
7811,2024-04-03,2,1,102,11787,4531,13,69155,30385.5,During-Disruption
7812,2024-04-08,1,3,104,8436,2355,4,75385,21998.0,During-Disruption
7813,2025-06-30,2,1,103,11922,4026,13,60659,30435.0,Post-Disruption
7814,2024-01-14,1,1,103,8574,2352,5,27850,22881.0,During-Disruption
7815,2025-10-22,3,2,103,6308,3184,9,56476,16447.0,Post-Disruption
7816,2023-12-30,2,1,102,11748,4627,14,68551,30160.0,During-Disruption
7817,2023-03-13,3,1,102,6123,3149,6,62527,17303.5,Pre-Disruption
7818,2024-09-29,2,3,103,11805,4428,12,67066,30962.5,During-Disruption
7819,2023-12-03,1,2,102,8662,2756,5,30444,22300.0,During-Disruption
7820,2023-07-14,1,1,102,8605,2485,6,39871,22958.5,Pre-Disruption
7821,2025-10-08,2,2,102,11868,4505,13,16988,31223.0,Post-Disruption
7822,2024-10-14,2,4,102,11857,4293,15,59429,30181.5,During-Disruption
7823,2023-01-07,2,1,101,11940,4443,15,61857,31403.0,Pre-Disruption
7824,2025-06-23,3,2,104,6222,3187,8,38781,17264.0,Post-Disruption
7825,2025-09-05,3,3,104,6119,3205,6,76232,17164.5,Post-Disruption
7826,2024-07-19,3,1,102,6155,2970,8,45711,16488.5,During-Disruption
7827,2024-09-07,1,1,103,8679,2362,4,39543,23029.5,During-Disruption
7828,2024-07-26,2,1,104,11807,4480,12,66407,31393.5,During-Disruption
7829,2024-08-21,1,3,102,8539,2787,4,56405,22942.5,During-Disruption
7830,2025-02-08,2,1,104,11790,4342,13,75214,31010.0,Post-Disruption
7831,2023-08-30,1,3,103,8670,2716,5,55171,23590.0,Pre-Disruption
7832,2025-02-04,1,2,102,8609,2306,6,61121,22099.5,Post-Disruption
7833,2024-01-19,3,1,103,6275,3530,7,81690,17484.5,During-Disruption
7834,2024-01-26,2,2,104,11760,4608,13,52566,31159.0,During-Disruption
7835,2025-06-14,1,4,101,8683,2892,7,43581,23334.5,Post-Disruption
7836,2024-11-18,1,1,103,8402,2697,6,69003,21898.0,During-Disruption
7837,2023-02-16,2,1,102,11971,4000,12,37919,31487.5,Pre-Disruption
7838,2024-09-10,4,2,102,1563,2197,3,29396,4691.5,During-Disruption
7839,2024-04-08,2,1,103,11708,4475,13,75061,30897.0,During-Disruption
7840,2023-05-03,4,1,101,1411,2052,1,34249,4754.5,Pre-Disruption
7841,2023-05-14,1,1,104,8473,2264,7,20188,23005.5,Pre-Disruption
7842,2025-04-20,2,1,104,11937,4484,14,39670,31273.5,Post-Disruption
7843,2025-04-28,3,1,104,6399,3514,9,58215,17087.5,Post-Disruption
7844,2024-08-29,2,3,104,11807,4421,12,68641,31275.5,During-Disruption
7845,2023-01-23,1,4,104,8412,2735,5,54452,21894.0,Pre-Disruption
7846,2024-07-19,2,1,102,11933,4150,15,60545,31133.5,During-Disruption
7847,2025-02-04,2,1,102,11944,4390,13,72799,30944.0,Post-Disruption
7848,2025-08-22,3,1,103,6191,3314,8,17017,17425.5,Post-Disruption
7849,2023-08-23,3,1,103,6297,2906,6,31556,17619.5,Pre-Disruption
7850,2025-09-22,3,1,104,6215,3415,7,77968,16199.5,Post-Disruption
7851,2025-12-18,2,1,104,11830,4693,12,34129,31283.0,Post-Disruption
7852,2025-04-05,1,4,104,8552,2665,6,77302,23279.0,Post-Disruption
7853,2023-08-04,2,1,101,11820,4103,14,27669,30844.0,Pre-Disruption
7854,2024-10-18,3,1,103,6207,3363,8,79703,16290.5,During-Disruption
7855,2025-07-23,4,1,102,1415,2163,2,64600,4694.5,Post-Disruption
7856,2023-11-07,1,1,104,8698,2793,5,80723,22911.0,During-Disruption
7857,2024-07-10,2,4,103,11755,4559,15,26539,30621.5,During-Disruption
7858,2025-08-29,1,1,101,8502,2550,5,77968,22875.0,Post-Disruption
7859,2023-09-14,1,4,101,8607,2565,5,79833,22521.5,Pre-Disruption
7860,2024-06-16,2,1,104,11850,4181,15,29865,31291.0,During-Disruption
7861,2023-02-21,2,2,102,11961,4242,15,80449,31854.5,Pre-Disruption
7862,2025-12-26,1,4,103,8442,2419,6,19553,21979.0,Post-Disruption
7863,2023-10-27,3,1,102,6399,3107,7,18446,17232.5,Pre-Disruption
7864,2024-11-02,3,1,104,6217,3538,7,77927,17110.5,During-Disruption
7865,2025-02-16,4,3,104,1678,1781,2,57052,5821.0,Post-Disruption
7866,2025-04-11,1,1,101,8543,2628,6,59156,22874.5,Post-Disruption
7867,2023-08-20,2,2,101,11927,4034,14,26413,30568.5,Pre-Disruption
7868,2025-09-01,2,1,103,11903,4674,15,67219,31437.5,Post-Disruption
7869,2025-12-27,1,1,104,8628,2620,5,30587,23109.0,Post-Disruption
7870,2023-01-28,2,1,104,11964,4202,12,23112,31583.0,Pre-Disruption
7871,2025-12-10,3,4,103,6236,3061,6,44374,16417.0,Post-Disruption
7872,2024-08-13,1,1,102,8639,2607,7,80164,23431.5,During-Disruption
7873,2025-02-23,4,1,101,1585,1948,4,63635,5117.5,Post-Disruption
7874,2024-09-11,3,2,104,6250,2903,7,67858,16947.0,During-Disruption
7875,2024-08-08,3,1,104,6390,3260,9,49417,17289.0,During-Disruption
7876,2025-09-28,3,1,102,6209,3489,9,66793,16094.5,Post-Disruption
7877,2023-07-03,1,1,102,8439,2863,5,34157,22219.5,Pre-Disruption
7878,2025-11-12,3,3,102,6241,3257,7,67992,17224.5,Post-Disruption
7879,2023-05-09,1,2,101,8412,2827,6,29344,21924.0,Pre-Disruption
7880,2023-10-18,3,1,103,6152,2935,9,64607,17114.0,Pre-Disruption
7881,2024-05-15,1,1,104,8479,2534,4,54688,22559.5,During-Disruption
7882,2023-07-05,1,2,101,8632,2490,6,49129,22516.0,Pre-Disruption
7883,2024-04-23,2,3,102,11738,4284,12,16813,30477.0,During-Disruption
7884,2024-05-06,1,1,104,8626,2235,7,22652,22923.0,During-Disruption
7885,2024-05-27,2,1,104,11820,4323,14,83075,30248.0,During-Disruption
7886,2025-12-26,2,1,101,11764,4462,14,27802,30636.0,Post-Disruption
7887,2024-04-11,3,2,102,6395,3294,7,73358,16842.5,During-Disruption
7888,2023-10-12,2,4,102,11904,4566,15,83871,31305.0,Pre-Disruption
7889,2024-08-23,1,1,103,8534,2248,5,57452,22404.0,During-Disruption
7890,2023-07-08,1,1,102,8444,2662,7,46697,23092.0,Pre-Disruption
7891,2025-09-15,2,1,101,11977,4312,15,61788,31452.5,Post-Disruption
7892,2025-06-08,2,1,103,11834,4354,15,63517,31552.0,Post-Disruption
7893,2024-01-23,3,1,103,6151,3242,9,37397,16345.5,During-Disruption
7894,2023-08-29,1,4,103,8628,2254,5,74605,22397.0,Pre-Disruption
7895,2024-02-21,1,1,103,8467,2511,7,55341,23151.5,During-Disruption
7896,2023-06-25,1,3,103,8597,2459,7,67709,23244.5,Pre-Disruption
7897,2024-01-22,1,1,101,8466,2841,6,83151,22290.0,During-Disruption
7898,2025-05-02,1,3,104,8402,2287,5,46205,22722.0,Post-Disruption
7899,2024-10-24,3,2,102,6157,3219,8,21698,17308.5,During-Disruption
7900,2024-03-27,1,1,104,8655,2589,6,61106,23621.5,During-Disruption
7901,2023-10-04,2,4,104,11964,4269,15,72200,31715.0,Pre-Disruption
7902,2023-08-01,2,1,102,11715,4459,13,64184,30353.5,Pre-Disruption
7903,2023-02-10,1,2,102,8667,2560,5,36630,22533.5,Pre-Disruption
7904,2023-10-21,3,4,104,6201,3025,9,83379,16181.5,Pre-Disruption
7905,2024-08-22,2,1,102,11986,4184,14,50165,30857.0,During-Disruption
7906,2024-06-24,2,2,103,11921,4364,15,22009,31578.5,During-Disruption
7907,2024-03-26,3,3,102,6120,3441,6,76036,16774.0,During-Disruption
7908,2025-12-20,1,4,102,8420,2207,4,17738,22822.0,Post-Disruption
7909,2025-02-28,3,3,103,6191,3553,9,70842,17135.5,Post-Disruption
7910,2023-11-30,2,1,103,11983,4413,15,62365,31459.5,During-Disruption
7911,2025-06-09,2,2,103,11832,4131,14,64644,31416.0,Post-Disruption
7912,2023-02-13,3,3,102,6274,3255,7,73076,16369.0,Pre-Disruption
7913,2023-05-24,3,2,103,6312,3222,7,22295,16398.0,Pre-Disruption
7914,2023-11-29,2,4,103,11847,4101,15,72238,30445.5,During-Disruption
7915,2025-09-24,3,1,101,6331,3365,9,48037,17172.5,Post-Disruption
7916,2023-02-24,2,1,101,11864,4428,15,67023,31085.0,Pre-Disruption
7917,2025-05-19,2,2,102,11844,4074,13,28902,31436.0,Post-Disruption
7918,2025-03-07,1,4,103,8697,2299,7,69168,23121.5,Post-Disruption
7919,2023-11-21,1,1,102,8622,2435,6,72286,22138.0,During-Disruption
7920,2023-03-21,3,4,101,6161,3168,7,77353,16908.5,Pre-Disruption
7921,2025-11-20,1,4,101,8495,2766,4,65713,22174.5,Post-Disruption
7922,2025-09-11,1,4,103,8511,2453,4,32127,22439.5,Post-Disruption
7923,2024-07-11,3,4,102,6186,3228,9,40948,17451.0,During-Disruption
7924,2025-05-14,1,4,101,8654,2498,7,33663,22832.0,Post-Disruption
7925,2024-12-17,1,3,104,8512,2569,5,66642,23115.0,During-Disruption
7926,2024-04-16,2,2,103,11953,4670,14,20702,30705.5,During-Disruption
7927,2023-03-15,2,1,102,11731,4258,12,39776,30811.5,Pre-Disruption
7928,2024-08-11,3,1,104,6163,3127,9,42915,16096.5,During-Disruption
7929,2024-07-17,2,1,103,11853,4376,13,23328,31110.5,During-Disruption
7930,2024-04-11,2,1,103,11704,4144,15,41672,30331.0,During-Disruption
7931,2024-08-21,3,1,101,6309,2979,7,55528,16692.5,During-Disruption
7932,2025-09-18,2,4,102,11791,4038,12,65331,30778.5,Post-Disruption
7933,2025-01-06,2,2,101,11921,4096,14,40596,31582.5,Post-Disruption
7934,2025-09-20,3,1,104,6289,3145,8,66116,17542.5,Post-Disruption
7935,2023-09-05,2,3,104,11759,4332,12,58822,31348.5,Pre-Disruption
7936,2023-03-08,1,1,104,8604,2787,6,45894,22812.0,Pre-Disruption
7937,2024-07-26,1,1,104,8611,2602,5,44446,23205.5,During-Disruption
7938,2024-12-03,2,4,104,11957,4277,14,56375,31052.5,During-Disruption
7939,2024-04-14,1,1,102,8488,2207,7,55375,22943.0,During-Disruption
7940,2024-05-07,2,2,102,11935,4363,12,59458,31698.5,During-Disruption
7941,2024-10-24,3,1,103,6295,3351,6,42202,16515.5,During-Disruption
7942,2023-10-13,2,2,103,11882,4251,15,65790,30757.0,Pre-Disruption
7943,2023-11-08,1,3,102,8650,2217,4,34119,22379.0,During-Disruption
7944,2023-11-05,3,1,103,6323,3289,7,27530,16783.5,During-Disruption
7945,2025-02-13,1,4,101,8570,2441,5,25420,22388.0,Post-Disruption
7946,2025-08-22,3,1,102,6297,3152,7,20842,17699.5,Post-Disruption
7947,2024-03-31,2,2,101,11948,4003,15,53237,30874.0,During-Disruption
7948,2023-05-12,1,4,104,8580,2572,4,26495,22151.0,Pre-Disruption
7949,2025-07-18,4,4,104,1676,2024,3,73121,5154.0,Post-Disruption
7950,2025-08-22,1,1,103,8674,2378,7,22560,22718.0,Post-Disruption
7951,2025-07-17,4,1,102,1560,1611,2,80621,5463.0,Post-Disruption
7952,2023-05-01,1,3,104,8647,2492,4,68342,23270.5,Pre-Disruption
7953,2024-09-25,1,1,103,8587,2458,4,17083,23404.5,During-Disruption
7954,2025-06-15,1,1,101,8418,2628,7,59275,21716.0,Post-Disruption
7955,2025-02-10,1,3,102,8643,2796,5,31372,22337.5,Post-Disruption
7956,2025-11-28,3,2,103,6212,3194,9,72934,16266.0,Post-Disruption
7957,2024-07-19,2,1,104,11977,4332,15,61482,31036.5,During-Disruption
7958,2024-05-26,3,1,101,6150,3011,8,39607,15884.0,During-Disruption
7959,2023-10-16,1,4,101,8522,2405,5,26923,21888.0,Pre-Disruption
7960,2023-07-19,2,2,103,11937,4221,14,81107,31812.5,Pre-Disruption
7961,2024-06-11,2,3,102,11761,4529,15,22235,30821.5,During-Disruption
7962,2025-07-05,2,1,103,11773,4012,15,30936,30310.5,Post-Disruption
7963,2025-12-21,2,1,104,11944,4269,12,43856,31428.0,Post-Disruption
7964,2025-03-09,2,1,102,11731,4552,12,25833,30463.5,Post-Disruption
7965,2025-12-01,1,2,104,8552,2239,4,48846,22381.0,Post-Disruption
7966,2023-01-12,3,1,101,6243,3404,8,62592,16722.5,Pre-Disruption
7967,2025-04-12,3,2,101,6114,3500,9,79691,15824.0,Post-Disruption
7968,2025-04-20,2,3,104,11973,4612,13,28330,31855.5,Post-Disruption
7969,2024-10-04,1,3,104,8644,2414,7,47898,23493.0,During-Disruption
7970,2023-04-16,1,1,101,8678,2503,5,33929,22904.0,Pre-Disruption
7971,2024-11-21,1,3,103,8454,2721,6,22452,22627.0,During-Disruption
7972,2024-06-11,1,2,103,8441,2320,5,52508,21841.5,During-Disruption
7973,2025-04-25,1,1,103,8451,2509,6,26327,23047.5,Post-Disruption
7974,2025-06-11,3,1,104,6110,3574,7,76918,16336.0,Post-Disruption
7975,2024-01-22,2,2,104,11787,4663,13,45496,30123.5,During-Disruption
7976,2024-04-25,2,1,101,11926,4304,14,22481,31268.0,During-Disruption
7977,2024-02-12,1,1,102,8513,2625,5,57301,23030.5,During-Disruption
7978,2025-06-16,4,1,103,1424,2058,4,27759,4832.0,Post-Disruption
7979,2024-12-11,1,1,103,8491,2795,4,59766,22918.5,During-Disruption
7980,2024-09-30,3,4,103,6186,3101,6,34999,16480.0,During-Disruption
7981,2025-11-10,4,3,101,1480,2161,3,35474,4718.0,Post-Disruption
7982,2025-03-25,3,2,102,6349,3560,7,50624,17347.5,Post-Disruption
7983,2025-07-06,4,4,102,1649,2011,3,20880,5208.5,Post-Disruption
7984,2023-07-22,2,2,102,11909,4219,14,68594,30458.5,Pre-Disruption
7985,2024-02-21,1,3,103,8408,2354,5,43117,22356.0,During-Disruption
7986,2024-02-20,1,1,104,8498,2808,4,20413,22925.0,During-Disruption
7987,2023-03-26,1,2,103,8435,2523,7,22656,23049.5,Pre-Disruption
7988,2023-06-16,1,1,102,8456,2810,4,67761,22526.0,Pre-Disruption
7989,2024-01-19,2,1,101,11762,4339,13,27337,30505.0,During-Disruption
7990,2024-04-12,1,1,102,8675,2589,4,16118,23405.5,During-Disruption
7991,2025-12-31,3,1,103,6312,3085,8,27506,16309.0,Post-Disruption
7992,2025-03-20,1,1,104,8419,2333,6,68900,21950.5,Post-Disruption
7993,2025-09-23,2,1,102,11946,4146,14,70007,31354.0,Post-Disruption
7994,2024-04-17,4,3,104,1405,1712,4,47743,5102.5,During-Disruption
7995,2025-09-19,1,1,102,8472,2728,4,49668,22252.0,Post-Disruption
7996,2023-10-02,3,3,104,6206,3332,7,48850,17338.0,Pre-Disruption
7997,2025-11-09,3,2,104,6192,3286,9,35167,16058.0,Post-Disruption
7998,2024-05-04,1,2,102,8684,2565,5,66793,23165.0,During-Disruption
7999,2023-11-22,2,1,101,11918,4033,14,41458,31487.0,During-Disruption
8000,2024-06-12,1,4,103,8448,2261,6,33184,22465.0,During-Disruption
8001,2025-06-10,3,1,103,6394,3343,8,59123,17302.0,Post-Disruption
8002,2023-03-30,2,2,102,11987,4195,12,34733,31628.5,Pre-Disruption
8003,2024-04-30,2,2,104,11876,4086,13,24200,30204.0,During-Disruption
8004,2024-12-08,3,1,103,6398,3534,7,73381,17569.0,During-Disruption
8005,2023-12-16,1,1,104,8507,2453,7,61017,22487.5,During-Disruption
8006,2024-01-22,3,1,101,6383,3026,6,64585,17601.5,During-Disruption
8007,2023-03-28,3,4,102,6164,3061,7,58744,16999.0,Pre-Disruption
8008,2023-11-03,3,3,101,6153,3215,9,43911,16931.5,During-Disruption
8009,2024-03-15,3,4,104,6398,3071,9,70696,17300.0,During-Disruption
8010,2025-01-09,2,1,104,11729,4398,15,67462,30824.5,Post-Disruption
8011,2023-09-21,4,1,102,1645,1930,4,67715,5504.5,Pre-Disruption
8012,2025-09-03,1,1,104,8609,2558,6,44200,22881.5,Post-Disruption
8013,2025-01-04,2,4,102,11920,4251,13,31767,31609.0,Post-Disruption
8014,2024-02-25,1,1,102,8569,2208,7,72611,22668.5,During-Disruption
8015,2024-05-07,4,1,101,1613,1838,4,61713,5610.5,During-Disruption
8016,2024-09-24,3,4,103,6168,2934,9,59580,16568.0,During-Disruption
8017,2025-09-19,3,2,103,6333,3515,7,63948,17351.5,Post-Disruption
8018,2024-02-15,1,2,104,8414,2582,4,47424,22318.0,During-Disruption
8019,2023-06-22,3,1,103,6233,3568,7,54757,17129.5,Pre-Disruption
8020,2023-01-04,3,1,104,6305,3585,8,29595,16475.5,Pre-Disruption
8021,2025-05-03,2,4,103,11723,4200,12,38431,30594.5,Post-Disruption
8022,2025-09-12,1,2,101,8484,2432,4,76968,21771.0,Post-Disruption
8023,2025-11-26,2,1,103,11841,4627,12,59949,30153.5,Post-Disruption
8024,2024-08-05,1,1,104,8539,2695,6,55037,23204.5,During-Disruption
8025,2025-11-20,2,1,104,11821,4076,13,26481,31127.5,Post-Disruption
8026,2024-01-16,1,2,103,8699,2417,7,37407,22545.5,During-Disruption
8027,2025-10-31,1,1,102,8578,2573,4,51135,22552.0,Post-Disruption
8028,2023-12-10,1,2,101,8607,2252,6,59135,22666.5,During-Disruption
8029,2023-06-15,1,2,102,8565,2795,6,43794,22233.5,Pre-Disruption
8030,2024-11-30,1,3,103,8440,2457,6,57331,21926.0,During-Disruption
8031,2023-12-08,4,1,102,1521,1731,4,43284,4914.5,During-Disruption
8032,2025-11-08,2,3,103,11743,4394,13,80000,29871.5,Post-Disruption
8033,2025-09-06,1,2,104,8474,2794,6,39229,22015.0,Post-Disruption
8034,2024-06-28,2,1,102,11971,4248,13,42586,31022.5,During-Disruption
8035,2025-10-30,2,4,101,11865,4397,12,62135,31491.5,Post-Disruption
8036,2023-07-11,4,1,102,1649,1668,4,27461,5686.5,Pre-Disruption
8037,2023-11-16,1,2,104,8485,2853,4,49654,21771.5,During-Disruption
8038,2024-08-02,1,1,104,8536,2622,5,22704,22128.0,During-Disruption
8039,2024-04-19,4,2,104,1438,2251,4,67031,4914.0,During-Disruption
8040,2024-09-28,1,2,102,8486,2539,6,31544,22182.0,During-Disruption
8041,2024-03-02,1,1,104,8554,2573,4,23516,22262.0,During-Disruption
8042,2025-12-18,1,2,104,8559,2473,5,64789,22088.5,Post-Disruption
8043,2023-04-07,1,2,102,8463,2456,6,17042,22050.5,Pre-Disruption
8044,2024-05-10,4,3,102,1622,2115,1,75953,4906.0,During-Disruption
8045,2024-10-22,1,1,103,8545,2467,5,61654,22473.5,During-Disruption
8046,2023-01-09,4,1,102,1603,1956,3,38993,4821.5,Pre-Disruption
8047,2024-04-01,4,2,104,1466,1907,3,64236,5328.0,During-Disruption
8048,2023-09-30,2,1,101,11704,4601,15,80472,30329.0,Pre-Disruption
8049,2025-07-28,1,2,104,8458,2726,6,77778,21861.0,Post-Disruption
8050,2025-10-28,1,1,104,8475,2847,5,45141,21695.5,Post-Disruption
8051,2023-07-27,2,1,104,11959,4693,13,47707,31341.5,Pre-Disruption
8052,2025-11-22,2,3,102,11947,4490,14,54150,31835.5,Post-Disruption
8053,2023-07-23,2,3,101,11715,4638,14,59078,29867.5,Pre-Disruption
8054,2024-06-01,2,2,104,11774,4637,14,77741,30406.0,During-Disruption
8055,2024-05-31,4,4,102,1575,1797,4,49255,5199.5,During-Disruption
8056,2024-03-18,2,3,103,11835,4350,14,51204,30649.5,During-Disruption
8057,2024-11-19,2,2,101,11976,4217,15,32087,30868.0,During-Disruption
8058,2025-04-29,3,4,101,6381,2907,8,35653,17542.5,Post-Disruption
8059,2025-04-12,1,2,102,8567,2430,7,22098,22286.5,Post-Disruption
8060,2023-12-05,1,2,103,8429,2292,6,46391,21932.5,During-Disruption
8061,2024-01-22,1,1,104,8668,2856,7,79353,23273.0,During-Disruption
8062,2025-11-14,1,4,103,8400,2215,4,48492,22456.0,Post-Disruption
8063,2024-05-20,2,1,101,11870,4624,14,47858,30352.0,During-Disruption
8064,2024-11-10,1,1,102,8528,2395,7,33153,22473.0,During-Disruption
8065,2024-11-20,2,1,103,11867,4463,15,73690,30816.5,During-Disruption
8066,2025-06-03,4,1,104,1460,1804,2,70722,4539.0,Post-Disruption
8067,2024-09-14,1,1,103,8516,2779,5,51972,22560.0,During-Disruption
8068,2025-06-11,2,3,103,11822,4126,13,19780,30440.0,Post-Disruption
8069,2025-08-10,1,2,102,8659,2359,5,23872,22990.5,Post-Disruption
8070,2025-02-22,1,1,102,8625,2700,4,16291,23009.5,Post-Disruption
8071,2024-05-09,2,3,101,11991,4465,15,66837,31601.5,During-Disruption
8072,2025-11-27,4,2,102,1585,2097,1,24974,4602.5,Post-Disruption
8073,2025-01-16,1,2,103,8484,2647,5,42127,22253.0,Post-Disruption
8074,2024-03-12,1,1,104,8617,2663,5,66471,22962.5,During-Disruption
8075,2023-12-11,1,4,101,8542,2541,5,54834,22353.0,During-Disruption
8076,2024-07-03,1,1,102,8489,2707,5,76846,23167.5,During-Disruption
8077,2025-03-30,1,1,103,8667,2863,5,64056,23579.5,Post-Disruption
8078,2024-06-24,2,1,103,11775,4283,12,64455,30850.5,During-Disruption
8079,2023-05-24,1,3,101,8468,2350,4,65778,21807.0,Pre-Disruption
8080,2024-08-10,2,2,101,11997,4574,15,31087,31696.5,During-Disruption
8081,2024-10-18,2,1,102,11859,4695,12,45134,31588.5,During-Disruption
8082,2023-12-11,2,1,102,11707,4212,14,49021,30417.5,During-Disruption
8083,2024-11-26,1,2,104,8618,2784,5,31026,22642.0,During-Disruption
8084,2023-09-25,4,2,101,1487,1921,4,74694,4374.5,Pre-Disruption
8085,2023-06-18,1,1,101,8540,2865,5,24118,21855.0,Pre-Disruption
8086,2023-02-02,3,3,103,6128,3087,8,82534,16409.0,Pre-Disruption
8087,2024-01-12,1,4,104,8412,2771,5,24634,22748.0,During-Disruption
8088,2024-01-28,2,1,102,11762,4182,14,28207,29962.0,During-Disruption
8089,2024-05-03,1,2,104,8574,2583,6,63272,22933.0,During-Disruption
8090,2024-12-22,1,1,104,8615,2224,7,22296,23267.5,During-Disruption
8091,2025-08-03,1,3,103,8634,2736,6,75179,23364.0,Post-Disruption
8092,2025-11-18,1,1,101,8486,2513,6,54620,22606.0,Post-Disruption
8093,2023-02-08,3,1,101,6173,2937,7,76119,16078.5,Pre-Disruption
8094,2025-11-06,2,3,101,11993,4301,15,81396,31438.5,Post-Disruption
8095,2025-12-15,1,3,102,8468,2568,7,57238,22499.0,Post-Disruption
8096,2023-08-14,2,1,101,11768,4099,14,78028,30901.0,Pre-Disruption
8097,2023-03-08,3,1,104,6322,3287,7,31864,17547.0,Pre-Disruption
8098,2025-04-14,3,1,104,6384,3558,9,61700,17390.0,Post-Disruption
8099,2025-11-12,1,2,101,8521,2645,6,29757,22996.5,Post-Disruption
8100,2025-09-25,3,3,104,6362,3369,6,40436,17556.0,Post-Disruption
8101,2023-08-25,1,2,102,8620,2254,5,72451,23119.0,Pre-Disruption
8102,2025-08-14,2,2,101,11863,4495,14,77431,30959.5,Post-Disruption
8103,2025-07-07,2,3,102,11962,4583,15,30640,30760.0,Post-Disruption
8104,2024-04-17,3,2,101,6191,3026,8,74420,17101.5,During-Disruption
8105,2024-07-06,4,2,102,1665,1920,3,82698,5388.5,During-Disruption
8106,2024-11-25,4,2,102,1473,1667,1,64698,5650.5,During-Disruption
8107,2023-11-13,1,4,102,8489,2595,5,26054,23003.5,During-Disruption
8108,2024-08-20,4,1,104,1695,1752,1,41552,4837.5,During-Disruption
8109,2025-02-06,1,1,102,8528,2348,4,38199,21982.0,Post-Disruption
8110,2025-06-04,1,1,103,8448,2602,4,50454,22177.0,Post-Disruption
8111,2024-07-14,2,3,102,11785,4225,13,68037,30989.5,During-Disruption
8112,2023-09-15,2,1,102,11843,4691,12,71867,30869.5,Pre-Disruption
8113,2025-01-26,2,1,102,11834,4309,15,66270,31492.0,Post-Disruption
8114,2023-05-03,2,4,102,11814,4418,13,23585,31502.0,Pre-Disruption
8115,2023-12-08,4,4,101,1676,2114,4,41413,6089.0,During-Disruption
8116,2025-12-18,1,4,104,8465,2488,5,58616,22702.5,Post-Disruption
8117,2023-09-17,1,1,104,8586,2400,7,19633,23248.0,Pre-Disruption
8118,2023-04-05,4,4,104,1600,2118,3,61255,4841.0,Pre-Disruption
8119,2023-02-10,1,1,101,8537,2866,4,64327,22538.5,Pre-Disruption
8120,2023-09-11,2,1,102,11751,4167,15,52533,30857.5,Pre-Disruption
8121,2023-01-07,2,1,102,11912,4674,15,19319,30926.0,Pre-Disruption
8122,2024-12-28,2,2,104,11857,4336,12,20405,31085.5,During-Disruption
8123,2023-03-10,2,1,103,11989,4294,12,47493,31331.5,Pre-Disruption
8124,2024-06-25,1,2,102,8605,2579,5,40769,22249.5,During-Disruption
8125,2023-03-30,3,3,102,6235,2910,7,48285,16931.5,Pre-Disruption
8126,2023-08-01,1,1,102,8474,2556,7,56175,22869.0,Pre-Disruption
8127,2025-04-13,2,1,101,11768,4130,13,17599,30764.0,Post-Disruption
8128,2023-09-23,1,1,102,8448,2404,4,42319,22839.0,Pre-Disruption
8129,2025-06-30,2,4,104,11901,4435,13,36071,31403.5,Post-Disruption
8130,2023-10-20,2,1,102,11761,4315,13,57768,30341.5,Pre-Disruption
8131,2023-11-29,4,1,104,1566,2203,2,48895,5719.0,During-Disruption
8132,2025-10-01,3,1,103,6304,3213,8,25747,17270.0,Post-Disruption
8133,2023-02-16,2,4,101,11848,4485,13,33745,31227.0,Pre-Disruption
8134,2024-09-13,4,1,103,1520,1710,4,41557,5681.0,During-Disruption
8135,2024-03-02,2,1,102,11796,4289,12,38497,30152.0,During-Disruption
8136,2023-07-29,2,1,103,11752,4246,13,54733,31232.0,Pre-Disruption
8137,2025-06-06,2,4,102,11708,4411,15,29344,30192.0,Post-Disruption
8138,2023-06-03,2,1,104,11950,4572,14,40225,30397.0,Pre-Disruption
8139,2024-02-19,3,2,102,6223,3349,7,77000,16451.5,During-Disruption
8140,2025-02-07,1,1,101,8521,2821,5,23456,22904.5,Post-Disruption
8141,2025-09-09,2,4,103,11898,4420,14,26437,31385.0,Post-Disruption
8142,2024-08-01,3,2,102,6194,3299,9,67093,17345.0,During-Disruption
8143,2025-01-09,4,2,104,1429,2055,4,76119,5363.5,Post-Disruption
8144,2023-06-12,3,1,103,6191,3024,9,18810,16219.5,Pre-Disruption
8145,2025-11-04,2,1,101,11783,4259,15,49842,31399.5,Post-Disruption
8146,2023-07-14,2,1,102,11714,4534,12,59115,31098.0,Pre-Disruption
8147,2024-06-25,1,2,101,8542,2279,7,67818,21983.0,During-Disruption
8148,2023-12-25,2,4,104,11908,4271,14,67529,31542.0,During-Disruption
8149,2025-04-29,4,1,103,1422,2164,4,26304,5238.0,Post-Disruption
8150,2024-03-02,4,4,103,1543,2017,2,30715,5788.5,During-Disruption
8151,2024-05-11,3,1,103,6186,3301,7,46205,17443.0,During-Disruption
8152,2025-04-07,1,4,104,8592,2252,5,24484,22488.0,Post-Disruption
8153,2024-04-30,3,1,102,6272,3171,7,41223,17535.0,During-Disruption
8154,2023-11-26,4,1,102,1662,1827,1,24817,5572.0,During-Disruption
8155,2025-06-07,1,1,102,8694,2891,5,70351,23499.0,Post-Disruption
8156,2025-09-17,2,3,101,11749,4370,13,43500,30802.5,Post-Disruption
8157,2023-09-16,3,3,104,6147,3091,8,23380,17359.5,Pre-Disruption
8158,2023-10-19,2,1,103,11748,4022,12,84041,30282.0,Pre-Disruption
8159,2023-05-23,4,2,104,1567,2151,4,83756,4529.5,Pre-Disruption
8160,2025-01-16,2,1,104,11866,4335,14,68984,31077.0,Post-Disruption
8161,2024-09-18,3,1,104,6181,3129,7,32087,16107.5,During-Disruption
8162,2023-03-31,3,1,103,6162,3429,7,30793,17231.0,Pre-Disruption
8163,2024-12-20,2,2,103,11927,4487,13,24601,30741.5,During-Disruption
8164,2024-04-25,3,2,101,6313,3063,6,81375,16298.5,During-Disruption
8165,2023-03-25,2,3,104,11829,4422,13,33949,30587.5,Pre-Disruption
8166,2024-11-03,2,3,102,11853,4359,14,81069,31196.5,During-Disruption
8167,2024-05-31,1,1,101,8641,2368,6,27760,22747.5,During-Disruption
8168,2024-04-29,1,3,103,8495,2712,4,63813,22912.5,During-Disruption
8169,2025-02-20,3,1,103,6331,3247,7,60662,17404.5,Post-Disruption
8170,2023-04-14,4,3,101,1637,1798,2,16341,5303.5,Pre-Disruption
8171,2023-12-05,1,1,102,8417,2411,5,74972,22556.5,During-Disruption
8172,2024-11-17,1,3,104,8645,2881,4,42192,22984.5,During-Disruption
8173,2025-06-18,1,2,104,8459,2351,4,18537,21993.5,Post-Disruption
8174,2024-08-29,2,1,102,11829,4576,13,38413,30710.5,During-Disruption
8175,2023-08-11,4,2,104,1448,2129,3,48440,5408.0,Pre-Disruption
8176,2025-10-29,2,1,103,11865,4089,12,18079,30982.5,Post-Disruption
8177,2025-12-12,2,1,101,11867,4013,12,49151,30802.5,Post-Disruption
8178,2024-05-17,2,2,102,11952,4018,14,71951,30381.0,During-Disruption
8179,2025-04-01,1,3,101,8463,2281,6,70612,22894.5,Post-Disruption
8180,2024-09-15,3,1,104,6132,3520,7,46111,16233.0,During-Disruption
8181,2023-06-14,2,1,104,11757,4518,13,50055,30779.5,Pre-Disruption
8182,2025-11-16,2,2,103,11763,4001,13,81164,30780.5,Post-Disruption
8183,2025-12-29,3,2,103,6224,3162,7,22477,17313.0,Post-Disruption
8184,2023-01-19,3,1,104,6160,3439,9,46618,16729.0,Pre-Disruption
8185,2025-11-11,3,4,104,6348,3389,6,79288,17662.0,Post-Disruption
8186,2025-09-15,4,2,103,1537,1936,3,47478,5478.5,Post-Disruption
8187,2024-03-25,4,1,103,1465,1885,4,39731,5333.5,During-Disruption
8188,2024-07-05,2,1,102,11878,4253,15,50612,31352.0,During-Disruption
8189,2025-12-07,1,1,103,8685,2796,7,58100,22866.5,Post-Disruption
8190,2024-11-25,2,2,102,11980,4484,13,51028,30649.0,During-Disruption
8191,2024-08-09,3,1,102,6270,3100,8,83851,16750.0,During-Disruption
8192,2024-12-21,1,4,101,8642,2491,5,18783,22614.0,During-Disruption
8193,2023-04-17,1,1,103,8519,2477,6,38254,22984.5,Pre-Disruption
8194,2025-02-14,1,2,102,8591,2534,5,74110,22107.5,Post-Disruption
8195,2025-06-16,3,1,101,6286,3489,8,82534,16561.0,Post-Disruption
8196,2023-12-02,2,4,101,11926,4410,13,71024,30536.0,During-Disruption
8197,2024-08-29,1,3,103,8665,2409,4,50824,23308.5,During-Disruption
8198,2025-04-17,1,1,103,8591,2837,5,59703,22440.5,Post-Disruption
8199,2024-08-24,3,4,101,6339,2909,8,73533,16386.5,During-Disruption
8200,2024-02-07,1,1,102,8493,2439,7,43724,22153.5,During-Disruption
8201,2024-06-23,1,2,103,8525,2369,5,64294,22791.5,During-Disruption
8202,2025-12-31,2,3,101,11798,4680,12,76305,30039.0,Post-Disruption
8203,2023-01-24,2,3,101,11942,4472,12,41416,30544.0,Pre-Disruption
8204,2024-09-15,1,4,102,8419,2671,5,43358,22780.5,During-Disruption
8205,2025-12-15,2,4,104,11816,4695,15,54615,30656.0,Post-Disruption
8206,2025-09-12,1,4,102,8498,2428,6,71612,22632.0,Post-Disruption
8207,2023-08-11,3,1,101,6254,3307,8,60187,16741.0,Pre-Disruption
8208,2023-06-28,1,1,102,8584,2598,6,38110,21983.0,Pre-Disruption
8209,2025-03-10,1,2,103,8402,2402,7,57892,22910.0,Post-Disruption
8210,2024-03-09,3,3,101,6256,3583,8,34646,17500.0,During-Disruption
8211,2025-03-03,3,2,102,6274,3492,9,29582,17042.0,Post-Disruption
8212,2025-06-02,1,1,102,8468,2248,4,59092,22169.0,Post-Disruption
8213,2024-05-06,1,3,102,8420,2888,4,70715,22034.0,During-Disruption
8214,2025-03-20,3,4,102,6397,2994,7,35743,17133.5,Post-Disruption
8215,2025-08-18,3,1,101,6217,3017,9,76210,16579.5,Post-Disruption
8216,2024-02-24,1,1,102,8676,2809,6,36999,23257.0,During-Disruption
8217,2024-10-10,2,1,103,11829,4073,13,62001,31068.5,During-Disruption
8218,2024-04-20,1,1,104,8605,2236,7,81604,22653.5,During-Disruption
8219,2023-06-19,2,2,104,11896,4329,15,37441,31488.0,Pre-Disruption
8220,2023-06-23,1,4,104,8534,2625,4,84901,22613.0,Pre-Disruption
8221,2024-04-14,1,1,103,8602,2386,5,33281,22418.0,During-Disruption
8222,2023-12-11,1,2,104,8434,2583,5,24708,22413.0,During-Disruption
8223,2024-03-20,2,2,101,11729,4458,14,79071,30168.5,During-Disruption
8224,2025-11-07,2,1,101,11956,4308,12,60619,30496.0,Post-Disruption
8225,2025-12-29,2,2,103,11881,4425,15,33372,31424.5,Post-Disruption
8226,2024-09-19,1,3,103,8607,2591,4,36172,23399.5,During-Disruption
8227,2024-08-14,1,3,101,8528,2530,7,68042,23101.0,During-Disruption
8228,2024-06-10,3,1,103,6162,3307,7,57543,16992.0,During-Disruption
8229,2024-03-31,1,3,103,8476,2506,4,79186,22295.0,During-Disruption
8230,2025-03-21,3,1,101,6114,2970,8,62718,16171.0,Post-Disruption
8231,2023-07-07,1,1,101,8458,2643,7,80537,22027.0,Pre-Disruption
8232,2025-10-17,2,1,102,11850,4148,13,84706,31598.0,Post-Disruption
8233,2024-12-11,2,1,102,11807,4436,12,33189,30174.5,During-Disruption
8234,2024-06-12,4,1,104,1506,1861,3,26247,4365.0,During-Disruption
8235,2024-03-09,1,1,103,8538,2851,4,56889,22321.0,During-Disruption
8236,2023-10-15,1,2,101,8679,2556,7,25622,22830.5,Pre-Disruption
8237,2024-05-13,2,2,104,11771,4304,14,49150,31180.5,During-Disruption
8238,2023-10-30,4,1,102,1510,2142,4,63318,5549.0,Pre-Disruption
8239,2023-03-28,4,1,103,1625,1754,2,36226,4790.5,Pre-Disruption
8240,2025-04-09,2,2,104,11805,4115,14,81847,30605.5,Post-Disruption
8241,2024-03-13,2,1,103,11858,4626,12,34363,30710.0,During-Disruption
8242,2024-06-24,2,1,104,11849,4050,13,63712,31258.5,During-Disruption
8243,2025-11-11,2,3,103,11713,4071,12,68055,30331.5,Post-Disruption
8244,2025-04-12,2,1,103,11704,4639,13,32951,31069.0,Post-Disruption
8245,2025-03-07,3,1,101,6226,3042,6,40558,16450.0,Post-Disruption
8246,2024-07-13,3,1,103,6372,3066,9,21963,16449.0,During-Disruption
8247,2025-01-31,2,1,102,11910,4069,15,28268,30738.0,Post-Disruption
8248,2024-04-11,2,4,101,11916,4495,13,44688,31006.0,During-Disruption
8249,2024-11-05,2,1,103,11778,4519,13,56685,30150.0,During-Disruption
8250,2024-11-15,2,2,102,11792,4162,14,80604,30377.0,During-Disruption
8251,2023-05-18,2,3,102,11937,4574,13,67921,30847.5,Pre-Disruption
8252,2024-07-31,1,1,104,8633,2486,5,70579,22347.5,During-Disruption
8253,2024-12-10,1,1,101,8576,2433,6,69615,23162.0,During-Disruption
8254,2023-08-16,2,3,101,11954,4343,13,77625,31721.0,Pre-Disruption
8255,2023-10-08,3,4,104,6231,3152,6,48204,17106.5,Pre-Disruption
8256,2024-11-14,1,1,104,8664,2456,7,34049,23452.0,During-Disruption
8257,2025-04-07,2,1,104,11991,4505,14,64959,31047.5,Post-Disruption
8258,2024-03-06,1,3,101,8578,2670,6,69975,22759.0,During-Disruption
8259,2025-11-29,1,1,102,8545,2488,5,45579,23265.5,Post-Disruption
8260,2023-10-29,4,1,102,1542,2219,4,23107,5498.0,Pre-Disruption
8261,2024-06-16,3,1,103,6119,3448,8,29662,16568.5,During-Disruption
8262,2025-02-07,1,1,101,8457,2704,4,38992,22179.5,Post-Disruption
8263,2024-03-19,3,1,101,6395,3422,7,30730,17030.5,During-Disruption
8264,2025-11-22,1,1,104,8465,2283,7,55509,22613.5,Post-Disruption
8265,2023-09-17,4,3,101,1412,2158,2,84052,4480.0,Pre-Disruption
8266,2025-01-08,1,2,101,8461,2544,5,77146,23070.5,Post-Disruption
8267,2025-03-06,1,1,102,8445,2578,4,35156,22497.5,Post-Disruption
8268,2023-03-11,2,1,101,11792,4131,12,43033,30421.0,Pre-Disruption
8269,2025-09-09,3,3,102,6322,3110,6,50677,17485.0,Post-Disruption
8270,2024-04-25,1,1,102,8422,2794,6,25286,22708.0,During-Disruption
8271,2023-01-24,3,1,101,6166,2976,9,64773,17173.0,Pre-Disruption
8272,2025-08-22,1,1,102,8513,2339,6,59803,23257.5,Post-Disruption
8273,2025-01-15,4,1,104,1605,1727,2,67804,5584.5,Post-Disruption
8274,2025-04-24,1,4,102,8465,2265,7,38614,22030.5,Post-Disruption
8275,2023-11-21,4,2,101,1449,2262,4,18922,4526.5,During-Disruption
8276,2025-03-08,2,1,104,11840,4566,13,81917,31232.0,Post-Disruption
8277,2023-01-18,2,3,104,11957,4146,13,32955,31108.5,Pre-Disruption
8278,2023-02-13,4,1,101,1433,1666,3,15331,5201.5,Pre-Disruption
8279,2023-06-04,4,1,103,1695,2071,1,51439,5635.5,Pre-Disruption
8280,2025-05-16,2,1,102,11952,4150,12,38224,31519.0,Post-Disruption
8281,2025-07-10,1,2,102,8468,2203,5,45455,22020.0,Post-Disruption
8282,2025-01-12,2,1,103,11888,4017,12,38437,30890.0,Post-Disruption
8283,2023-08-13,2,1,104,11852,4523,15,29905,30514.0,Pre-Disruption
8284,2023-08-05,2,1,103,11902,4255,14,16396,30602.0,Pre-Disruption
8285,2023-01-31,2,1,101,11776,4508,12,55147,30442.0,Pre-Disruption
8286,2025-12-18,1,2,103,8590,2234,5,65531,22487.0,Post-Disruption
8287,2025-06-16,3,3,104,6127,3454,7,55307,16664.5,Post-Disruption
8288,2025-07-23,3,3,101,6312,3489,6,48494,16482.0,Post-Disruption
8289,2024-03-20,1,2,101,8455,2706,5,21562,21672.5,During-Disruption
8290,2024-06-13,2,4,101,11811,4322,13,50284,30725.5,During-Disruption
8291,2025-01-07,2,1,102,11942,4452,15,51709,30927.0,Post-Disruption
8292,2025-05-23,2,1,102,11853,4358,14,75551,30463.5,Post-Disruption
8293,2024-07-19,1,1,101,8554,2251,6,68034,22632.0,During-Disruption
8294,2023-03-17,2,1,103,11981,4528,12,40342,31735.5,Pre-Disruption
8295,2024-06-30,1,1,102,8670,2232,7,16203,22293.0,During-Disruption
8296,2023-09-24,2,1,104,11749,4327,15,81349,31200.5,Pre-Disruption
8297,2023-11-13,3,1,102,6167,3335,9,46293,17128.5,During-Disruption
8298,2023-01-25,3,2,103,6231,3318,9,74774,17300.5,Pre-Disruption
8299,2023-06-09,1,4,102,8557,2276,5,79137,23115.5,Pre-Disruption
8300,2024-08-18,2,1,103,11964,4579,12,58140,31198.0,During-Disruption
8301,2025-06-18,4,1,103,1569,1649,3,60713,4461.5,Post-Disruption
8302,2024-05-16,1,3,102,8669,2641,6,65616,23139.5,During-Disruption
8303,2025-10-09,3,1,103,6319,3569,9,22256,17157.5,Post-Disruption
8304,2024-12-03,3,1,103,6139,3097,8,21910,16693.5,During-Disruption
8305,2023-01-01,3,1,104,6388,3362,6,67484,17951.0,Pre-Disruption
8306,2025-01-10,1,3,101,8478,2576,6,62593,22886.0,Post-Disruption
8307,2023-11-16,1,3,101,8638,2745,5,59282,22339.0,During-Disruption
8308,2024-01-17,4,2,102,1459,2035,4,66811,4316.5,During-Disruption
8309,2025-06-16,1,1,103,8636,2471,6,75690,23363.0,Post-Disruption
8310,2024-12-17,1,1,102,8475,2775,4,64476,22580.5,During-Disruption
8311,2023-11-03,2,1,102,11738,4154,14,61752,30327.0,During-Disruption
8312,2024-01-26,1,4,101,8598,2520,4,18040,22414.0,During-Disruption
8313,2025-09-16,3,2,103,6204,3168,7,82822,16660.0,Post-Disruption
8314,2023-10-25,2,1,102,11769,4551,14,65210,29998.5,Pre-Disruption
8315,2023-08-21,3,2,102,6381,3059,9,39890,16486.5,Pre-Disruption
8316,2023-09-28,3,1,101,6157,3222,6,65729,16184.5,Pre-Disruption
8317,2025-12-19,1,4,101,8578,2213,5,48406,22084.0,Post-Disruption
8318,2024-11-07,1,3,101,8621,2575,7,53617,23509.5,During-Disruption
8319,2024-12-06,3,1,102,6243,3019,7,48124,17094.5,During-Disruption
8320,2023-08-22,2,3,103,11726,4313,14,22253,30645.0,Pre-Disruption
8321,2025-04-24,4,1,101,1560,1947,2,62818,4774.0,Post-Disruption
8322,2024-05-05,3,1,101,6250,2945,7,38600,16628.0,During-Disruption
8323,2024-05-17,1,2,103,8572,2545,4,54385,22395.0,During-Disruption
8324,2025-06-08,3,2,102,6310,3368,6,80832,17564.0,Post-Disruption
8325,2024-08-14,1,1,102,8421,2581,7,71424,21654.5,During-Disruption
8326,2025-01-15,1,2,103,8697,2821,7,38088,22950.5,Post-Disruption
8327,2024-03-03,3,2,101,6132,3270,6,40039,16130.0,During-Disruption
8328,2024-11-27,3,1,104,6208,3358,8,64132,17395.0,During-Disruption
8329,2024-10-07,2,1,103,11746,4218,13,27461,30702.0,During-Disruption
8330,2025-01-01,1,2,104,8495,2320,6,77783,22214.5,Post-Disruption
8331,2025-03-10,1,1,102,8524,2488,6,34889,22288.0,Post-Disruption
8332,2023-12-30,1,4,102,8694,2711,7,46483,23412.0,During-Disruption
8333,2023-07-21,1,1,104,8424,2757,4,63042,21607.0,Pre-Disruption
8334,2025-05-31,1,1,101,8481,2537,5,79801,22794.5,Post-Disruption
8335,2023-05-26,2,1,104,11757,4380,14,39421,31089.5,Pre-Disruption
8336,2025-04-15,4,2,101,1425,2105,3,41212,5517.5,Post-Disruption
8337,2024-09-30,1,2,103,8696,2765,6,73050,22792.0,During-Disruption
8338,2023-05-15,1,1,102,8443,2587,6,82738,21713.5,Pre-Disruption
8339,2024-09-17,3,1,102,6184,3465,6,31390,17163.0,During-Disruption
8340,2023-03-05,3,3,104,6121,2903,8,63610,16581.5,Pre-Disruption
8341,2024-05-05,4,1,103,1625,2191,4,34578,4832.5,During-Disruption
8342,2023-02-10,1,1,104,8436,2400,4,74158,21802.0,Pre-Disruption
8343,2025-10-23,1,1,104,8500,2401,5,29577,22106.0,Post-Disruption
8344,2025-07-01,2,1,104,11841,4255,14,84283,30822.5,Post-Disruption
8345,2025-09-01,2,1,101,11703,4198,12,76962,30724.5,Post-Disruption
8346,2024-01-03,2,1,102,11723,4072,12,24990,30732.5,During-Disruption
8347,2025-07-06,2,1,102,11890,4687,14,78774,31186.0,Post-Disruption
8348,2025-10-24,1,3,104,8668,2418,4,81093,23349.0,Post-Disruption
8349,2023-09-01,2,1,101,11726,4432,14,43997,30928.0,Pre-Disruption
8350,2025-06-20,2,3,102,11780,4406,15,33173,30758.0,Post-Disruption
8351,2023-06-15,2,2,101,11820,4092,15,29564,31136.0,Pre-Disruption
8352,2025-11-15,2,1,103,11768,4663,12,59013,31362.0,Post-Disruption
8353,2025-11-06,2,2,101,11771,4079,15,67020,31382.5,Post-Disruption
8354,2024-12-28,1,1,101,8645,2407,4,44532,22602.5,During-Disruption
8355,2024-04-27,1,1,103,8645,2291,7,58565,23174.5,During-Disruption
8356,2024-06-26,2,4,102,11952,4531,13,30691,30527.0,During-Disruption
8357,2025-07-19,1,2,102,8472,2252,6,31538,22158.0,Post-Disruption
8358,2024-02-04,2,4,101,11973,4082,13,53680,30597.5,During-Disruption
8359,2024-09-10,3,3,101,6115,2973,6,27268,15809.5,During-Disruption
8360,2025-05-28,1,1,103,8578,2609,6,62612,22852.0,Post-Disruption
8361,2023-04-11,1,1,103,8439,2643,5,22179,22882.5,Pre-Disruption
8362,2025-05-29,4,1,102,1438,1729,3,15187,4822.0,Post-Disruption
8363,2025-04-09,1,3,102,8455,2383,7,33448,22758.5,Post-Disruption
8364,2025-01-28,1,4,103,8632,2777,6,80457,22598.0,Post-Disruption
8365,2023-06-12,1,2,101,8453,2864,5,40950,21901.5,Pre-Disruption
8366,2024-05-16,3,1,103,6271,3264,7,73239,16192.5,During-Disruption
8367,2024-06-30,1,1,102,8588,2395,5,43558,23267.0,During-Disruption
8368,2024-01-16,2,3,101,11742,4014,12,34246,30075.0,During-Disruption
8369,2025-05-19,2,4,104,11703,4209,13,62481,31061.5,Post-Disruption
8370,2025-06-23,1,1,104,8660,2334,5,39465,22694.0,Post-Disruption
8371,2025-09-28,1,1,103,8457,2583,4,60449,22204.5,Post-Disruption
8372,2024-08-31,3,1,102,6136,3374,9,33299,16657.0,During-Disruption
8373,2023-11-03,2,1,101,11934,4593,13,32371,31333.0,During-Disruption
8374,2023-02-24,1,3,104,8664,2782,6,59216,22734.0,Pre-Disruption
8375,2025-09-09,1,1,101,8414,2703,7,58266,21656.0,Post-Disruption
8376,2023-11-29,2,2,101,11787,4476,15,63529,31358.5,During-Disruption
8377,2023-05-07,3,1,101,6198,3196,8,39228,16533.0,Pre-Disruption
8378,2024-12-05,1,1,101,8504,2581,6,25687,22992.0,During-Disruption
8379,2023-08-31,2,1,103,11916,4443,12,50476,31302.0,Pre-Disruption
8380,2024-08-22,1,3,101,8590,2883,5,27623,22128.0,During-Disruption
8381,2024-05-17,1,2,104,8614,2322,6,60474,23333.0,During-Disruption
8382,2024-08-26,1,1,104,8597,2488,4,44283,23240.5,During-Disruption
8383,2023-10-30,3,1,103,6204,3109,6,44708,16067.0,Pre-Disruption
8384,2023-08-23,2,1,104,11726,4493,15,83466,30577.0,Pre-Disruption
8385,2025-11-27,3,1,101,6281,3475,6,58166,16441.5,Post-Disruption
8386,2023-05-19,3,2,104,6182,3289,6,23964,17241.0,Pre-Disruption
8387,2023-07-14,3,2,102,6258,2962,6,44355,17135.0,Pre-Disruption
8388,2024-10-08,1,1,101,8629,2608,7,32202,23326.5,During-Disruption
8389,2023-01-01,1,3,103,8634,2719,6,63483,22483.0,Pre-Disruption
8390,2024-07-14,4,2,102,1687,1844,1,32390,5806.5,During-Disruption
8391,2024-12-13,3,1,104,6117,3064,7,63261,16241.5,During-Disruption
8392,2024-02-17,3,1,102,6383,2992,9,33480,17689.5,During-Disruption
8393,2024-06-21,1,3,104,8470,2483,6,84627,22156.0,During-Disruption
8394,2024-03-04,1,2,104,8614,2323,4,80166,22465.0,During-Disruption
8395,2023-08-23,3,1,104,6216,3466,9,39743,16085.0,Pre-Disruption
8396,2023-12-15,1,2,103,8499,2389,6,82434,22395.5,During-Disruption
8397,2024-01-31,2,1,102,11787,4654,14,33535,31061.5,During-Disruption
8398,2024-02-20,2,3,103,11852,4316,13,29449,30697.0,During-Disruption
8399,2025-07-04,1,4,104,8694,2808,4,61525,22366.0,Post-Disruption
8400,2025-12-10,1,2,101,8576,2396,5,70613,22320.0,Post-Disruption
8401,2023-03-22,1,3,101,8531,2484,7,78826,22119.5,Pre-Disruption
8402,2023-02-05,1,1,103,8521,2792,4,81968,22659.5,Pre-Disruption
8403,2025-12-26,2,2,101,11910,4108,15,70801,31159.0,Post-Disruption
8404,2024-10-02,1,3,102,8467,2408,7,39150,22980.5,During-Disruption
8405,2025-05-31,1,1,101,8456,2314,4,49315,22999.0,Post-Disruption
8406,2025-01-26,3,2,101,6112,3405,8,52128,16850.0,Post-Disruption
8407,2024-09-14,2,4,104,11892,4330,15,57364,30259.0,During-Disruption
8408,2024-04-12,1,1,102,8462,2403,7,17980,22724.0,During-Disruption
8409,2023-12-22,3,1,102,6252,3566,6,21642,16977.0,During-Disruption
8410,2024-12-09,4,2,101,1422,1914,3,20102,5128.0,During-Disruption
8411,2025-10-16,1,3,104,8429,2464,5,80384,22359.5,Post-Disruption
8412,2025-06-20,2,4,101,11888,4288,12,70261,31703.0,Post-Disruption
8413,2024-11-03,2,2,101,11808,4581,15,56336,30914.0,During-Disruption
8414,2024-03-14,1,3,103,8459,2890,4,48851,21734.5,During-Disruption
8415,2024-06-14,3,3,104,6165,3380,7,64923,16975.5,During-Disruption
8416,2023-05-07,4,1,103,1565,2279,2,76864,4955.5,Pre-Disruption
8417,2023-07-24,4,3,101,1540,1605,4,71771,4838.0,Pre-Disruption
8418,2023-01-29,1,1,101,8451,2843,6,17007,21723.5,Pre-Disruption
8419,2024-03-20,1,1,104,8579,2340,5,54690,22570.5,During-Disruption
8420,2025-08-23,4,1,102,1431,1881,1,44930,4826.5,Post-Disruption
8421,2024-04-08,2,1,101,11913,4289,14,57812,30805.5,During-Disruption
8422,2023-05-31,1,1,101,8664,2404,5,32121,22430.0,Pre-Disruption
8423,2023-08-28,3,1,103,6116,3592,6,67591,17000.0,Pre-Disruption
8424,2023-09-23,1,1,103,8525,2758,4,75918,22511.5,Pre-Disruption
8425,2025-07-01,1,1,104,8481,2531,7,69369,22285.5,Post-Disruption
8426,2024-05-11,3,1,103,6139,3547,9,37077,15873.5,During-Disruption
8427,2024-11-15,1,3,102,8503,2602,4,73963,22881.5,During-Disruption
8428,2023-06-07,1,4,101,8618,2432,7,43183,23510.0,Pre-Disruption
8429,2023-06-21,1,3,103,8581,2231,7,33856,22644.5,Pre-Disruption
8430,2024-05-08,2,1,102,11855,4191,13,22096,31110.5,During-Disruption
8431,2025-08-27,1,3,101,8577,2606,6,22402,22960.5,Post-Disruption
8432,2024-11-06,2,1,101,11717,4602,13,68895,30342.5,During-Disruption
8433,2024-10-20,2,1,102,11840,4582,14,21269,31522.0,During-Disruption
8434,2025-06-21,3,2,101,6260,3197,7,63953,16424.0,Post-Disruption
8435,2024-10-27,1,2,102,8613,2234,4,48317,22660.5,During-Disruption
8436,2024-01-02,3,3,102,6321,3119,9,83755,16315.5,During-Disruption
8437,2024-07-03,1,2,103,8661,2817,5,49298,23502.5,During-Disruption
8438,2024-10-04,2,1,104,11744,4331,14,60614,30587.0,During-Disruption
8439,2023-09-12,2,4,102,11886,4051,15,82662,31007.0,Pre-Disruption
8440,2023-07-27,1,2,103,8640,2216,7,36019,23548.0,Pre-Disruption
8441,2024-03-25,3,3,101,6324,2908,7,27219,16420.0,During-Disruption
8442,2023-04-05,1,3,103,8447,2379,7,25517,21939.5,Pre-Disruption
8443,2025-04-18,1,1,102,8510,2202,6,74111,22642.0,Post-Disruption
8444,2024-04-22,1,1,103,8482,2477,5,72456,23178.0,During-Disruption
8445,2024-11-13,2,1,104,11803,4693,14,37194,30877.5,During-Disruption
8446,2025-01-31,1,1,101,8473,2366,4,38777,21898.5,Post-Disruption
8447,2023-07-09,1,1,103,8454,2450,4,27348,22147.0,Pre-Disruption
8448,2024-12-11,1,1,101,8401,2473,7,44185,21908.5,During-Disruption
8449,2025-01-25,2,4,102,11941,4592,15,79600,30962.5,Post-Disruption
8450,2025-04-15,2,4,104,11957,4026,14,75875,31490.5,Post-Disruption
8451,2023-05-13,1,3,104,8409,2317,4,18075,21974.5,Pre-Disruption
8452,2023-02-24,1,1,103,8475,2551,6,47242,22428.5,Pre-Disruption
8453,2024-05-24,2,1,101,11957,4194,15,17791,31291.5,During-Disruption
8454,2024-10-31,3,2,101,6220,3552,8,44310,16989.0,During-Disruption
8455,2024-02-14,3,1,103,6314,3172,9,65908,16870.0,During-Disruption
8456,2025-09-13,3,3,103,6344,3216,6,63863,17328.0,Post-Disruption
8457,2025-01-03,1,4,103,8579,2601,5,81299,23003.5,Post-Disruption
8458,2023-09-16,4,1,103,1699,2128,3,36696,5958.5,Pre-Disruption
8459,2023-10-26,1,3,104,8689,2895,7,71150,23239.5,Pre-Disruption
8460,2024-07-14,4,1,103,1472,1647,2,78920,4974.0,During-Disruption
8461,2023-10-24,1,2,101,8608,2215,5,48296,22047.0,Pre-Disruption
8462,2023-12-28,2,1,102,11940,4469,12,45836,30779.0,During-Disruption
8463,2024-08-11,1,1,101,8572,2482,7,70247,22036.0,During-Disruption
8464,2023-05-07,1,3,103,8404,2213,6,50044,22567.0,Pre-Disruption
8465,2023-07-16,3,3,104,6316,3247,7,50739,17726.0,Pre-Disruption
8466,2023-08-09,3,2,103,6313,3266,9,74265,16889.5,Pre-Disruption
8467,2025-09-21,4,1,102,1437,1827,4,75390,4218.5,Post-Disruption
8468,2023-04-01,2,2,103,11760,4627,13,35770,30535.0,Pre-Disruption
8469,2024-02-15,2,3,102,11794,4372,12,75814,31158.0,During-Disruption
8470,2023-01-08,1,4,103,8632,2740,7,37986,22842.0,Pre-Disruption
8471,2024-06-27,4,4,104,1676,2139,1,30520,5600.0,During-Disruption
8472,2024-04-12,2,3,101,11735,4404,13,49870,30375.5,During-Disruption
8473,2023-11-16,3,2,102,6100,3307,7,16743,16463.0,During-Disruption
8474,2023-09-26,2,2,101,11849,4557,12,39115,30244.5,Pre-Disruption
8475,2023-03-02,2,1,103,11914,4059,12,73790,30373.0,Pre-Disruption
8476,2025-03-07,4,1,101,1445,2259,1,21897,4683.5,Post-Disruption
8477,2024-07-06,1,3,104,8464,2251,6,78497,23014.0,During-Disruption
8478,2025-07-14,1,3,104,8405,2349,4,73823,21583.5,Post-Disruption
8479,2024-10-22,1,2,101,8480,2855,4,22489,22155.0,During-Disruption
8480,2024-12-16,3,1,101,6288,3560,6,19185,16512.0,During-Disruption
8481,2025-02-17,1,1,104,8550,2371,6,64319,22496.0,Post-Disruption
8482,2023-07-13,1,1,102,8547,2517,7,38520,23016.5,Pre-Disruption
8483,2024-04-26,1,1,102,8427,2860,6,63511,22126.5,During-Disruption
8484,2025-05-04,2,1,104,11864,4615,15,57547,31435.0,Post-Disruption
8485,2024-05-12,2,4,104,11834,4488,12,45859,31097.0,During-Disruption
8486,2023-07-31,1,1,102,8653,2850,4,62805,22603.5,Pre-Disruption
8487,2024-10-26,4,2,101,1611,2231,3,76078,4795.5,During-Disruption
8488,2024-10-31,4,1,101,1679,2148,3,51145,5951.5,During-Disruption
8489,2023-08-09,1,4,103,8479,2883,5,78699,22011.5,Pre-Disruption
8490,2023-09-30,3,4,102,6368,3023,8,34866,17320.0,Pre-Disruption
8491,2023-10-06,2,1,104,11714,4277,14,22776,30311.0,Pre-Disruption
8492,2025-03-26,1,4,103,8486,2411,4,73184,22557.0,Post-Disruption
8493,2023-10-03,1,2,101,8622,2626,4,45188,23006.0,Pre-Disruption
8494,2025-10-01,2,1,102,11790,4458,12,33219,30951.0,Post-Disruption
8495,2024-05-28,2,2,103,11965,4532,14,78801,31187.5,During-Disruption
8496,2025-07-11,1,1,101,8505,2856,5,36565,23257.5,Post-Disruption
8497,2024-10-03,3,2,104,6352,3191,6,49225,17366.0,During-Disruption
8498,2024-05-19,2,4,101,11898,4141,13,43250,31438.0,During-Disruption
8499,2024-08-12,2,3,101,11755,4676,13,73726,31025.5,During-Disruption
8500,2025-02-10,1,1,102,8638,2587,6,30932,22741.0,Post-Disruption
8501,2025-01-09,2,1,104,11917,4645,14,66658,31310.5,Post-Disruption
8502,2024-11-05,1,1,102,8611,2377,4,31177,22398.5,During-Disruption
8503,2025-10-10,2,1,104,11888,4084,15,79397,30371.0,Post-Disruption
8504,2023-05-08,3,1,103,6201,3104,8,50526,17308.5,Pre-Disruption
8505,2024-05-17,3,1,101,6242,3449,7,39910,16743.0,During-Disruption
8506,2025-06-20,1,3,102,8684,2534,6,21571,22574.0,Post-Disruption
8507,2024-06-26,2,3,104,11769,4388,14,54210,30436.5,During-Disruption
8508,2024-05-06,4,1,102,1464,1765,2,51607,4719.0,During-Disruption
8509,2025-11-10,2,1,101,11897,4535,14,59945,31177.5,Post-Disruption
8510,2024-12-14,1,1,101,8415,2729,6,59963,22864.5,During-Disruption
8511,2025-03-01,2,1,103,11962,4671,12,38198,30581.0,Post-Disruption
8512,2024-02-20,1,1,104,8459,2421,5,31716,22955.5,During-Disruption
8513,2023-05-28,3,1,104,6109,3513,9,64958,16485.5,Pre-Disruption
8514,2025-08-27,2,2,103,11707,4327,15,82677,29783.5,Post-Disruption
8515,2023-01-29,1,4,103,8489,2800,7,79694,22240.5,Pre-Disruption
8516,2023-11-04,1,1,104,8436,2869,6,80554,21760.0,During-Disruption
8517,2023-06-11,1,3,104,8483,2799,5,38747,23021.5,Pre-Disruption
8518,2025-05-18,4,1,102,1633,2013,4,33496,5810.5,Post-Disruption
8519,2025-05-01,1,4,104,8649,2332,6,50623,22255.5,Post-Disruption
8520,2023-03-02,2,1,102,11939,4178,15,81763,31835.5,Pre-Disruption
8521,2023-05-05,4,1,102,1503,1888,1,77410,4807.5,Pre-Disruption
8522,2025-12-30,1,1,102,8610,2826,6,43784,22916.0,Post-Disruption
8523,2025-04-17,2,1,102,11924,4348,15,60597,30854.0,Post-Disruption
8524,2024-04-10,2,2,101,11978,4286,14,33416,31830.0,During-Disruption
8525,2023-08-31,2,4,103,11865,4363,13,67982,30312.5,Pre-Disruption
8526,2024-04-17,1,3,103,8445,2282,6,34947,21644.5,During-Disruption
8527,2025-08-16,1,1,104,8401,2436,5,41011,22614.5,Post-Disruption
8528,2024-06-16,2,2,103,11875,4437,15,34691,30728.5,During-Disruption
8529,2024-05-08,4,2,103,1672,1838,1,29933,5456.0,During-Disruption
8530,2025-06-17,1,3,101,8517,2644,7,49924,22941.5,Post-Disruption
8531,2023-03-23,1,3,102,8671,2265,7,23348,23271.5,Pre-Disruption
8532,2025-05-05,1,2,102,8572,2859,5,65816,21991.0,Post-Disruption
8533,2025-05-28,3,2,102,6251,3013,9,61366,17477.5,Post-Disruption
8534,2025-07-11,1,3,103,8592,2388,6,41906,22725.0,Post-Disruption
8535,2023-01-12,3,1,103,6191,3495,7,55226,16707.5,Pre-Disruption
8536,2024-03-24,1,1,104,8560,2475,4,75455,23076.0,During-Disruption
8537,2025-01-31,4,2,101,1505,2211,3,82271,5460.5,Post-Disruption
8538,2023-01-26,2,4,101,11928,4301,12,68902,31650.0,Pre-Disruption
8539,2024-05-22,2,1,104,11802,4545,15,46429,30988.0,During-Disruption
8540,2023-03-03,1,4,104,8531,2790,4,29265,22180.5,Pre-Disruption
8541,2023-08-17,3,1,104,6356,3542,9,55918,17785.0,Pre-Disruption
8542,2024-08-29,1,1,102,8688,2783,6,81650,23445.0,During-Disruption
8543,2025-11-24,1,1,102,8500,2850,6,55553,22386.0,Post-Disruption
8544,2025-06-09,1,4,102,8420,2885,5,55539,22481.0,Post-Disruption
8545,2025-01-30,3,1,102,6348,3379,8,67991,17344.0,Post-Disruption
8546,2024-08-17,3,1,104,6291,3325,9,54457,17608.5,During-Disruption
8547,2025-11-14,2,1,104,11772,4016,13,27857,31143.0,Post-Disruption
8548,2025-11-21,2,2,104,11867,4046,15,60766,30832.5,Post-Disruption
8549,2025-11-01,1,4,102,8461,2229,4,70538,22611.5,Post-Disruption
8550,2023-01-01,3,1,102,6270,3291,7,26523,16678.0,Pre-Disruption
8551,2023-05-13,3,3,103,6220,2939,9,23369,17306.0,Pre-Disruption
8552,2023-03-27,2,4,104,11915,4667,15,22739,31572.5,Pre-Disruption
8553,2024-05-30,2,1,101,11873,4283,14,45100,31272.5,During-Disruption
8554,2023-06-24,4,3,101,1423,1658,2,70198,5299.5,Pre-Disruption
8555,2025-02-01,3,1,103,6237,3229,9,44872,17092.5,Post-Disruption
8556,2025-11-10,2,1,102,11798,4262,14,52246,30939.0,Post-Disruption
8557,2025-09-23,1,2,104,8456,2523,4,75930,22457.0,Post-Disruption
8558,2024-07-31,2,3,102,11946,4023,13,38781,30439.0,During-Disruption
8559,2023-02-18,2,1,102,11871,4353,13,80553,31443.5,Pre-Disruption
8560,2024-06-11,1,1,101,8600,2253,5,70458,22694.0,During-Disruption
8561,2023-05-25,1,4,101,8506,2883,5,52919,21952.0,Pre-Disruption
8562,2025-01-31,2,3,104,11747,4304,15,83022,30040.5,Post-Disruption
8563,2025-07-17,2,1,104,11985,4318,12,25854,31420.5,Post-Disruption
8564,2025-03-04,2,1,102,11745,4044,14,81270,30293.5,Post-Disruption
8565,2023-11-15,1,1,102,8519,2561,7,41021,22882.5,During-Disruption
8566,2024-11-28,3,1,103,6159,3360,9,78021,17064.5,During-Disruption
8567,2025-04-26,2,2,102,11846,4006,13,21269,30494.0,Post-Disruption
8568,2025-02-21,1,2,103,8503,2458,7,59412,21991.5,Post-Disruption
8569,2023-02-11,1,1,102,8467,2287,4,41250,23139.5,Pre-Disruption
8570,2024-06-12,3,3,102,6261,3088,9,21849,16967.5,During-Disruption
8571,2023-10-19,3,1,102,6314,3354,9,79464,16850.0,Pre-Disruption
8572,2025-08-26,1,2,104,8517,2741,6,31821,22237.5,Post-Disruption
8573,2023-04-07,4,1,104,1636,2116,4,39048,6003.0,Pre-Disruption
8574,2023-03-15,1,1,104,8617,2559,4,78702,22202.5,Pre-Disruption
8575,2025-12-27,4,1,103,1523,1968,2,24698,4505.5,Post-Disruption
8576,2025-01-27,1,2,103,8516,2399,5,76553,23141.0,Post-Disruption
8577,2023-07-27,1,1,104,8662,2206,4,56379,22783.0,Pre-Disruption
8578,2024-02-14,2,1,103,11869,4678,13,72334,31109.5,During-Disruption
8579,2023-11-27,1,1,104,8595,2585,5,34433,23133.5,During-Disruption
8580,2023-12-10,2,1,101,11849,4682,15,19025,30640.5,During-Disruption
8581,2025-09-15,3,1,104,6345,3295,6,68034,17297.5,Post-Disruption
8582,2025-02-09,3,2,101,6381,3439,8,66516,16768.5,Post-Disruption
8583,2023-03-15,2,1,102,11890,4619,15,24816,30366.0,Pre-Disruption
8584,2023-09-11,2,2,103,11873,4146,12,35565,31394.5,Pre-Disruption
8585,2025-08-16,1,4,103,8480,2483,7,71558,22019.0,Post-Disruption
8586,2025-03-30,1,2,104,8571,2298,4,70156,22493.5,Post-Disruption
8587,2025-09-12,2,3,102,11863,4587,13,64702,30991.5,Post-Disruption
8588,2023-11-28,1,3,102,8696,2803,6,27235,23353.0,During-Disruption
8589,2025-01-16,3,4,102,6210,3406,9,63778,17476.0,Post-Disruption
8590,2025-04-15,2,1,102,11906,4473,13,17095,31090.0,Post-Disruption
8591,2024-03-30,1,3,103,8469,2346,4,44319,22857.5,During-Disruption
8592,2023-11-09,2,4,104,11797,4575,15,82378,30597.5,During-Disruption
8593,2025-10-14,1,1,104,8404,2702,6,21535,22788.0,Post-Disruption
8594,2023-08-16,2,1,101,11884,4049,14,80124,31674.0,Pre-Disruption
8595,2025-04-13,3,4,103,6303,3421,9,17943,16925.5,Post-Disruption
8596,2025-05-07,2,2,101,11711,4224,13,25580,30965.5,Post-Disruption
8597,2025-03-28,1,1,102,8638,2281,6,57051,22439.0,Post-Disruption
8598,2025-10-14,3,3,104,6379,3081,9,61150,16514.5,Post-Disruption
8599,2024-06-11,1,1,101,8514,2721,7,65273,22035.0,During-Disruption
8600,2025-08-07,3,1,103,6309,3259,9,65204,17296.5,Post-Disruption
8601,2024-03-02,2,2,104,11832,4234,12,48290,31539.0,During-Disruption
8602,2023-02-11,2,2,103,11922,4325,14,53984,30626.0,Pre-Disruption
8603,2024-04-09,3,3,104,6280,3366,9,82801,17048.0,During-Disruption
8604,2023-10-05,3,1,103,6127,3346,6,29407,16817.5,Pre-Disruption
8605,2025-04-15,1,3,103,8592,2745,4,56172,23320.0,Post-Disruption
8606,2023-01-19,1,1,104,8655,2242,4,65985,23155.5,Pre-Disruption
8607,2023-03-07,3,2,103,6210,3281,7,83406,17411.0,Pre-Disruption
8608,2023-06-16,1,1,103,8593,2332,5,49053,22516.5,Pre-Disruption
8609,2025-10-16,2,1,102,11823,4402,15,46147,30781.5,Post-Disruption
8610,2024-02-07,3,4,104,6190,3524,7,72327,16707.0,During-Disruption
8611,2024-02-13,2,1,101,11835,4369,14,61964,30411.5,During-Disruption
8612,2023-04-22,3,3,104,6382,2953,8,83015,17478.0,Pre-Disruption
8613,2024-08-19,3,1,104,6328,3553,9,61166,16468.0,During-Disruption
8614,2024-10-12,2,1,102,11844,4560,15,75323,31398.0,During-Disruption
8615,2025-11-28,3,1,101,6341,3058,8,15209,16550.5,Post-Disruption
8616,2023-04-15,2,3,101,11730,4137,15,56852,30930.0,Pre-Disruption
8617,2023-11-20,2,1,101,11960,4532,15,65394,30478.0,During-Disruption
8618,2025-09-18,2,2,103,11759,4253,15,35396,30625.5,Post-Disruption
8619,2024-03-04,3,2,103,6188,3201,7,45338,16145.0,During-Disruption
8620,2024-09-26,3,1,103,6200,3518,9,62353,16335.0,During-Disruption
8621,2024-12-30,1,1,101,8697,2273,7,37283,22965.5,During-Disruption
8622,2025-06-07,1,1,104,8678,2731,4,69290,22687.0,Post-Disruption
8623,2025-12-20,4,4,104,1520,1876,1,69660,4336.0,Post-Disruption
8624,2024-01-28,2,1,101,11942,4420,15,53802,30469.0,During-Disruption
8625,2023-07-23,1,1,101,8476,2256,5,71828,22718.0,Pre-Disruption
8626,2023-09-15,2,1,102,11972,4568,12,55203,31358.0,Pre-Disruption
8627,2024-04-30,4,2,103,1457,1668,1,56380,4590.5,During-Disruption
8628,2024-03-21,3,2,103,6346,3097,9,79801,17116.0,During-Disruption
8629,2025-10-20,3,4,103,6195,3051,7,62865,16867.5,Post-Disruption
8630,2023-12-08,1,4,102,8444,2387,7,51943,21616.0,During-Disruption
8631,2023-05-13,3,1,102,6390,3562,6,39430,17796.0,Pre-Disruption
8632,2024-03-18,2,1,102,11957,4046,13,72653,31731.5,During-Disruption
8633,2023-09-10,3,3,101,6358,3399,9,15801,17806.0,Pre-Disruption
8634,2023-09-22,1,4,102,8645,2442,6,61990,23372.5,Pre-Disruption
8635,2023-04-03,1,1,104,8639,2379,4,66912,22429.5,Pre-Disruption
8636,2023-05-18,2,1,101,11827,4140,15,38332,30941.5,Pre-Disruption
8637,2025-09-28,1,4,101,8601,2698,5,58725,23141.5,Post-Disruption
8638,2023-11-03,3,1,103,6375,2907,8,23129,17073.5,During-Disruption
8639,2023-09-23,4,1,103,1606,1701,4,43013,5460.0,Pre-Disruption
8640,2024-10-07,2,4,102,11739,4159,15,32106,30561.5,During-Disruption
8641,2023-11-14,3,3,104,6155,3369,6,40403,16173.5,During-Disruption
8642,2025-06-19,2,1,101,11859,4656,15,20012,30633.5,Post-Disruption
8643,2024-03-29,3,1,101,6195,2904,8,52035,16284.5,During-Disruption
8644,2023-07-10,3,1,101,6215,3278,9,53840,17034.5,Pre-Disruption
8645,2025-04-10,3,4,103,6311,3280,6,22808,17158.5,Post-Disruption
8646,2023-07-06,2,4,103,11786,4605,14,75809,30103.0,Pre-Disruption
8647,2025-03-29,2,3,104,11967,4683,14,22687,31589.5,Post-Disruption
8648,2025-10-17,3,1,103,6143,3549,6,16996,16522.5,Post-Disruption
8649,2023-05-12,1,1,104,8482,2503,5,35729,21719.0,Pre-Disruption
8650,2025-05-21,3,2,103,6310,3055,8,50601,17706.0,Post-Disruption
8651,2024-09-26,4,1,104,1408,1899,2,24250,4463.0,During-Disruption
8652,2024-11-21,2,2,103,11856,4670,14,19476,31501.0,During-Disruption
8653,2024-11-22,3,2,103,6288,3171,8,17043,17699.0,During-Disruption
8654,2025-11-23,3,1,102,6230,3022,6,28010,16179.0,Post-Disruption
8655,2024-08-04,2,4,102,11914,4510,15,84162,31080.0,During-Disruption
8656,2023-06-20,2,1,102,11814,4278,14,80775,30703.0,Pre-Disruption
8657,2025-02-22,3,3,104,6222,3266,9,53951,16293.0,Post-Disruption
8658,2025-12-18,2,1,104,11891,4532,14,46453,31046.5,Post-Disruption
8659,2023-06-30,1,3,104,8547,2829,5,17871,22488.5,Pre-Disruption
8660,2023-01-19,3,2,104,6127,3022,9,81253,16006.5,Pre-Disruption
8661,2025-05-30,2,1,102,11823,4385,13,19920,30314.5,Post-Disruption
8662,2023-06-24,3,1,101,6176,3296,9,78499,17045.0,Pre-Disruption
8663,2023-02-23,1,1,103,8474,2500,7,19203,21877.0,Pre-Disruption
8664,2024-11-25,1,1,103,8585,2593,5,15038,23304.5,During-Disruption
8665,2025-05-12,4,3,104,1438,2202,1,50549,4666.0,Post-Disruption
8666,2023-12-15,1,1,102,8633,2792,5,15047,23470.5,During-Disruption
8667,2024-03-18,3,1,101,6347,3115,6,37050,16764.5,During-Disruption
8668,2025-04-12,3,1,102,6230,2900,6,34236,16870.0,Post-Disruption
8669,2024-08-02,3,2,103,6104,3043,9,65087,15803.0,During-Disruption
8670,2023-10-09,1,3,104,8658,2449,5,58951,23033.0,Pre-Disruption
8671,2023-12-26,2,1,104,11944,4170,14,23081,31827.0,During-Disruption
8672,2025-07-03,3,2,102,6177,3033,8,61815,17370.5,Post-Disruption
8673,2025-04-02,2,3,104,11814,4075,13,75747,30502.0,Post-Disruption
8674,2025-06-10,2,1,101,11703,4479,14,36505,30046.5,Post-Disruption
8675,2025-08-10,2,3,103,11830,4623,12,65134,30556.0,Post-Disruption
8676,2024-10-02,1,1,101,8626,2466,5,40659,23454.0,During-Disruption
8677,2025-10-28,3,1,102,6227,3365,6,63674,17528.5,Post-Disruption
8678,2024-07-16,3,2,103,6108,3349,9,47416,15936.0,During-Disruption
8679,2024-05-05,4,1,101,1517,1695,2,30656,4551.5,During-Disruption
8680,2023-12-07,2,3,101,11887,4275,14,57686,30963.5,During-Disruption
8681,2024-04-16,3,1,101,6238,3449,8,22000,16250.0,During-Disruption
8682,2023-09-06,1,1,103,8524,2511,4,68047,22514.0,Pre-Disruption
8683,2023-08-23,2,2,103,11922,4346,15,31112,30477.0,Pre-Disruption
8684,2025-04-03,2,2,104,11958,4266,14,47206,31234.0,Post-Disruption
8685,2024-09-23,4,3,102,1466,1873,3,64411,4481.0,During-Disruption
8686,2024-06-12,3,1,104,6184,3492,9,76186,16275.0,During-Disruption
8687,2023-05-02,4,3,102,1461,1697,1,47499,4551.5,Pre-Disruption
8688,2025-06-10,3,4,103,6113,3456,6,17102,15893.5,Post-Disruption
8689,2023-01-10,3,1,101,6221,3565,9,26972,16608.5,Pre-Disruption
8690,2025-04-17,1,3,104,8678,2514,7,40682,22841.0,Post-Disruption
8691,2025-01-22,3,2,103,6222,3033,6,60565,17385.0,Post-Disruption
8692,2025-06-04,2,1,103,11776,4554,13,18359,31352.0,Post-Disruption
8693,2024-04-08,1,1,103,8671,2293,4,18385,23394.5,During-Disruption
8694,2024-12-12,1,1,104,8545,2379,5,63033,22670.5,During-Disruption
8695,2024-12-28,2,4,103,11968,4255,13,24406,31197.0,During-Disruption
8696,2024-12-17,1,1,102,8455,2216,5,58224,22469.5,During-Disruption
8697,2023-03-21,2,2,102,11917,4628,12,80780,31290.5,Pre-Disruption
8698,2024-04-24,2,1,101,11872,4557,15,36257,31462.0,During-Disruption
8699,2025-06-20,4,2,104,1439,2280,2,19356,5547.5,Post-Disruption
8700,2025-06-09,3,1,104,6258,3040,9,42782,17085.0,Post-Disruption
8701,2023-01-18,2,3,104,11731,4389,15,45606,30236.5,Pre-Disruption
8702,2023-07-21,1,1,104,8647,2889,6,74137,23221.5,Pre-Disruption
8703,2025-01-10,1,4,104,8528,2247,7,37774,22325.0,Post-Disruption
8704,2023-11-15,1,3,103,8690,2810,4,77027,23546.0,During-Disruption
8705,2023-08-05,1,2,103,8435,2461,4,65115,21616.5,Pre-Disruption
8706,2025-11-23,4,1,102,1465,2169,2,48500,5001.5,Post-Disruption
8707,2023-09-23,2,1,104,11984,4252,12,54537,30680.0,Pre-Disruption
8708,2024-12-24,1,4,104,8556,2712,5,60054,22260.0,During-Disruption
8709,2025-02-13,1,1,104,8442,2355,4,20506,22878.0,Post-Disruption
8710,2024-02-17,2,1,102,11974,4602,13,75838,30458.0,During-Disruption
8711,2025-11-01,2,2,104,11820,4209,12,42856,30378.0,Post-Disruption
8712,2024-02-05,1,1,104,8591,2523,4,73843,23340.5,During-Disruption
8713,2024-12-24,4,1,103,1430,1640,2,32852,5526.0,During-Disruption
8714,2023-10-09,1,2,102,8418,2561,7,71741,22349.0,Pre-Disruption
8715,2024-12-23,1,1,103,8684,2571,6,49683,23508.0,During-Disruption
8716,2025-01-20,1,1,101,8472,2615,4,83932,21940.0,Post-Disruption
8717,2023-09-25,2,2,104,11775,4634,15,73709,30664.5,Pre-Disruption
8718,2023-10-25,1,1,101,8587,2861,6,79247,22467.5,Pre-Disruption
8719,2024-07-23,1,3,104,8578,2576,6,59732,22508.0,During-Disruption
8720,2024-05-23,1,1,101,8536,2512,4,21474,22769.0,During-Disruption
8721,2024-06-29,2,2,103,11861,4277,15,78957,31542.5,During-Disruption
8722,2025-02-13,1,1,102,8689,2521,4,42051,23381.5,Post-Disruption
8723,2023-12-31,1,1,101,8446,2754,5,64960,22876.0,During-Disruption
8724,2024-06-30,2,1,103,11723,4033,13,54405,30834.5,During-Disruption
8725,2023-09-28,1,1,101,8683,2313,6,43905,22564.5,Pre-Disruption
8726,2025-01-08,2,3,101,11873,4001,13,16132,30893.5,Post-Disruption
8727,2024-06-20,1,1,102,8661,2770,7,73095,22224.5,During-Disruption
8728,2023-02-28,1,2,103,8629,2235,5,46756,23136.5,Pre-Disruption
8729,2023-03-27,2,4,102,11890,4007,13,45156,30720.0,Pre-Disruption
8730,2025-02-01,1,2,104,8517,2360,7,56138,22216.5,Post-Disruption
8731,2024-01-25,1,1,102,8452,2651,7,37709,21724.0,During-Disruption
8732,2024-12-19,2,1,102,11891,4529,13,64360,30286.5,During-Disruption
8733,2025-05-05,4,4,101,1459,2175,4,68111,5605.5,Post-Disruption
8734,2023-05-29,3,2,101,6110,3472,6,30336,17253.0,Pre-Disruption
8735,2024-08-05,3,2,101,6359,2982,7,64195,16421.5,During-Disruption
8736,2023-05-01,3,1,103,6369,2909,8,68993,17394.5,Pre-Disruption
8737,2025-02-03,4,3,102,1540,2033,4,25375,5058.0,Post-Disruption
8738,2024-08-27,3,3,104,6242,3517,9,75067,16933.0,During-Disruption
8739,2023-09-13,2,1,101,11812,4232,12,20660,30943.0,Pre-Disruption
8740,2025-02-04,1,2,104,8663,2421,4,59934,22995.5,Post-Disruption
8741,2025-05-13,1,1,102,8410,2750,6,22415,22986.0,Post-Disruption
8742,2025-03-10,2,1,102,11798,4320,12,25798,30356.0,Post-Disruption
8743,2023-02-28,4,3,102,1422,2244,1,33295,5413.0,Pre-Disruption
8744,2025-10-18,2,1,104,11938,4281,14,20565,31545.0,Post-Disruption
8745,2025-12-28,3,2,104,6208,3019,7,53031,16832.0,Post-Disruption
8746,2024-01-23,2,1,104,11962,4062,12,84660,31397.0,During-Disruption
8747,2025-02-24,2,1,102,11859,4685,13,35600,31222.5,Post-Disruption
8748,2024-08-15,2,1,102,11919,4542,14,49473,31351.5,During-Disruption
8749,2025-06-27,2,4,101,11871,4168,12,50502,30360.5,Post-Disruption
8750,2024-07-19,1,1,103,8493,2851,7,59863,21848.5,During-Disruption
8751,2024-02-03,3,1,104,6221,3172,7,59660,17148.5,During-Disruption
8752,2025-06-17,3,2,103,6399,3557,8,19097,17667.5,Post-Disruption
8753,2023-10-20,3,1,104,6296,3268,9,48823,16363.0,Pre-Disruption
8754,2024-04-29,1,1,104,8450,2671,4,53557,22616.0,During-Disruption
8755,2025-03-13,3,1,103,6119,3194,6,51104,17263.5,Post-Disruption
8756,2025-06-08,1,1,103,8429,2273,5,25514,22401.5,Post-Disruption
8757,2023-09-01,1,1,104,8699,2658,4,15645,22424.5,Pre-Disruption
8758,2025-08-17,3,1,102,6185,3547,9,27729,16639.5,Post-Disruption
8759,2025-03-26,1,1,101,8629,2802,5,17816,23105.5,Post-Disruption
8760,2023-09-30,1,3,104,8556,2737,5,66973,23076.0,Pre-Disruption
8761,2024-06-03,1,1,101,8580,2787,4,32564,22741.0,During-Disruption
8762,2024-07-21,3,4,102,6211,3446,8,84825,16636.5,During-Disruption
8763,2024-09-29,1,2,102,8538,2406,7,75489,22471.0,During-Disruption
8764,2023-06-08,2,1,101,11709,4164,12,63414,31124.5,Pre-Disruption
8765,2024-10-13,2,4,104,11990,4123,14,71903,31461.0,During-Disruption
8766,2023-06-25,3,1,101,6337,3172,7,35904,17719.5,Pre-Disruption
8767,2024-09-11,3,1,104,6231,3281,7,78871,16795.5,During-Disruption
8768,2023-07-30,2,1,103,11884,4473,12,59699,30300.0,Pre-Disruption
8769,2024-03-22,1,3,104,8694,2553,7,50890,22581.0,During-Disruption
8770,2024-08-08,1,1,103,8607,2296,4,52420,22655.5,During-Disruption
8771,2023-06-16,2,1,103,11949,4081,12,19536,30787.5,Pre-Disruption
8772,2024-04-04,3,1,101,6188,3436,7,80679,16206.0,During-Disruption
8773,2025-07-04,1,3,103,8435,2560,7,79993,21612.5,Post-Disruption
8774,2025-11-18,1,1,101,8403,2260,4,61517,22702.5,Post-Disruption
8775,2024-12-14,3,1,101,6333,2993,8,53234,16814.5,During-Disruption
8776,2025-04-20,2,1,102,11968,4364,14,83659,31755.0,Post-Disruption
8777,2025-05-17,3,3,101,6169,3552,9,22896,16143.5,Post-Disruption
8778,2024-11-18,3,1,102,6106,3195,7,83178,17209.0,During-Disruption
8779,2023-11-26,3,1,102,6255,3581,7,53342,17380.5,During-Disruption
8780,2023-04-05,2,3,101,11992,4169,15,32913,31735.0,Pre-Disruption
8781,2025-02-23,2,1,104,11985,4298,12,17635,31117.5,Post-Disruption
8782,2024-10-10,4,2,104,1473,2267,1,58373,5463.5,During-Disruption
8783,2023-12-19,2,4,101,11711,4610,14,73007,30756.5,During-Disruption
8784,2025-07-18,1,3,103,8511,2516,6,28425,22702.5,Post-Disruption
8785,2025-07-29,1,1,101,8429,2844,7,31038,21900.5,Post-Disruption
8786,2025-09-10,2,1,103,11735,4650,13,54680,31299.5,Post-Disruption
8787,2025-11-08,4,1,104,1629,1863,4,70750,5786.5,Post-Disruption
8788,2024-10-07,1,4,103,8676,2860,4,33927,23533.0,During-Disruption
8789,2024-09-17,1,4,101,8505,2679,4,19695,22850.5,During-Disruption
8790,2023-05-19,3,1,103,6387,3160,9,59591,17133.5,Pre-Disruption
8791,2024-12-16,4,2,102,1649,2145,1,47464,4867.5,During-Disruption
8792,2025-01-31,1,3,102,8462,2720,4,48999,22815.0,Post-Disruption
8793,2023-09-12,1,1,101,8443,2242,6,22236,22586.5,Pre-Disruption
8794,2024-11-06,2,1,101,11848,4095,12,63179,30286.0,During-Disruption
8795,2023-04-02,1,1,101,8445,2593,6,45864,21774.5,Pre-Disruption
8796,2025-12-28,3,1,104,6274,3423,7,74880,16857.0,Post-Disruption
8797,2023-02-06,1,4,104,8553,2554,7,20808,23302.5,Pre-Disruption
8798,2023-05-20,1,4,104,8660,2601,4,51274,22995.0,Pre-Disruption
8799,2025-05-16,1,1,102,8532,2670,6,67768,23290.0,Post-Disruption
8800,2024-11-10,1,1,103,8686,2851,6,78340,23239.0,During-Disruption
8801,2023-05-17,1,1,102,8555,2486,7,72302,22064.5,Pre-Disruption
8802,2023-07-09,1,3,103,8640,2482,6,33233,23113.0,Pre-Disruption
8803,2023-12-08,3,2,103,6226,3432,6,27649,16935.0,During-Disruption
8804,2025-10-25,1,2,101,8592,2468,6,37245,22223.0,Post-Disruption
8805,2025-08-29,4,2,101,1668,2156,3,77500,5361.0,Post-Disruption
8806,2024-10-23,1,1,104,8521,2886,5,52830,23063.5,During-Disruption
8807,2023-08-31,2,1,101,11845,4280,12,70740,31252.5,Pre-Disruption
8808,2024-02-19,1,4,102,8551,2276,7,50593,23248.5,During-Disruption
8809,2024-12-07,1,1,102,8556,2554,6,66987,21896.0,During-Disruption
8810,2023-12-09,2,2,102,11855,4254,14,64388,31334.5,During-Disruption
8811,2024-11-12,2,1,101,11801,4667,12,20695,31141.5,During-Disruption
8812,2024-10-14,3,2,101,6351,3324,6,47596,16631.5,During-Disruption
8813,2023-05-26,3,2,103,6366,2903,8,83671,16886.0,Pre-Disruption
8814,2023-11-19,2,2,103,11758,4083,12,66502,30430.0,During-Disruption
8815,2023-05-02,2,4,101,11804,4213,15,31575,30612.0,Pre-Disruption
8816,2023-11-07,3,1,102,6368,3556,6,47066,16970.0,During-Disruption
8817,2024-08-23,2,2,101,11746,4056,15,16296,30822.0,During-Disruption
8818,2024-04-19,4,1,104,1487,1753,4,72778,4411.5,During-Disruption
8819,2024-07-23,3,3,104,6270,3511,6,21849,16378.0,During-Disruption
8820,2024-07-28,1,1,102,8551,2600,7,20993,23069.5,During-Disruption
8821,2023-12-13,1,3,104,8575,2719,4,27005,22093.5,During-Disruption
8822,2025-03-30,2,1,101,11844,4521,12,45179,31079.0,Post-Disruption
8823,2024-01-17,3,1,101,6321,3535,8,50929,17086.5,During-Disruption
8824,2023-03-13,2,1,103,11714,4269,14,17087,30689.0,Pre-Disruption
8825,2024-06-04,3,4,104,6237,3438,7,61587,16581.5,During-Disruption
8826,2025-07-21,1,1,104,8649,2711,5,42948,22627.5,Post-Disruption
8827,2023-12-05,1,1,104,8549,2716,4,40843,21875.5,During-Disruption
8828,2024-10-25,1,1,104,8668,2611,7,22673,22830.0,During-Disruption
8829,2023-02-09,2,1,102,11780,4644,12,65555,30853.0,Pre-Disruption
8830,2024-07-27,2,1,102,11764,4341,14,76988,30467.0,During-Disruption
8831,2025-08-23,1,2,101,8541,2339,5,62246,22575.5,Post-Disruption
8832,2024-08-03,2,1,104,11999,4263,12,47074,31630.5,During-Disruption
8833,2023-06-19,1,2,103,8646,2648,7,81035,23336.0,Pre-Disruption
8834,2024-12-01,1,1,101,8592,2426,7,70560,22372.0,During-Disruption
8835,2024-05-25,3,1,101,6382,2959,6,46825,17428.0,During-Disruption
8836,2024-08-06,1,2,102,8653,2279,5,25976,22563.5,During-Disruption
8837,2025-09-10,2,1,101,11872,4054,13,49614,30279.0,Post-Disruption
8838,2024-04-03,3,1,103,6377,3505,6,63264,16493.5,During-Disruption
8839,2024-06-12,3,1,104,6389,3326,9,67031,17908.5,During-Disruption
8840,2023-12-07,1,1,101,8585,2752,5,28352,22988.5,During-Disruption
8841,2023-02-26,2,2,103,11923,4521,13,66235,30927.5,Pre-Disruption
8842,2023-08-06,3,2,102,6161,3125,7,50392,17084.5,Pre-Disruption
8843,2024-09-10,3,2,102,6183,3015,8,62003,17324.5,During-Disruption
8844,2025-03-26,3,1,104,6126,3239,6,55512,16901.0,Post-Disruption
8845,2024-12-31,1,1,101,8530,2306,5,34333,23000.0,During-Disruption
8846,2024-04-08,1,1,103,8526,2718,5,42978,23014.0,During-Disruption
8847,2023-09-04,2,2,102,11710,4532,12,79687,29874.0,Pre-Disruption
8848,2024-12-30,3,1,103,6379,3230,8,21217,16630.5,During-Disruption
8849,2024-01-08,1,1,102,8684,2300,7,61235,22568.0,During-Disruption
8850,2024-02-21,1,3,102,8596,2414,7,83661,23260.0,During-Disruption
8851,2025-11-20,3,1,104,6324,3455,6,59891,16842.0,Post-Disruption
8852,2024-01-03,1,4,103,8663,2422,5,68453,22811.5,During-Disruption
8853,2024-07-12,1,1,103,8674,2409,5,65978,23339.0,During-Disruption
8854,2023-04-18,1,3,103,8467,2543,7,71348,22700.5,Pre-Disruption
8855,2024-08-06,1,1,102,8632,2627,7,39222,22257.0,During-Disruption
8856,2025-04-18,2,4,104,11798,4064,12,16092,30713.0,Post-Disruption
8857,2024-02-22,1,1,103,8621,2453,6,47751,22560.5,During-Disruption
8858,2025-03-31,1,1,101,8523,2717,4,25271,22956.5,Post-Disruption
8859,2024-11-13,1,1,103,8501,2493,4,29502,22819.5,During-Disruption
8860,2023-09-13,1,4,102,8663,2420,4,78252,23565.5,Pre-Disruption
8861,2025-02-18,2,4,104,11929,4426,14,80308,31595.5,Post-Disruption
8862,2025-04-17,1,1,103,8522,2512,4,45158,22883.0,Post-Disruption
8863,2025-07-03,2,2,103,11926,4463,12,52073,31282.0,Post-Disruption
8864,2023-08-23,1,2,103,8627,2781,4,80010,22338.5,Pre-Disruption
8865,2024-07-06,1,1,101,8552,2776,5,41832,22439.0,During-Disruption
8866,2023-06-30,1,1,102,8548,2451,6,76736,23184.0,Pre-Disruption
8867,2023-06-06,1,4,101,8408,2894,5,61959,22594.0,Pre-Disruption
8868,2024-07-24,2,1,101,11923,4111,13,41900,31152.5,During-Disruption
8869,2025-05-06,2,1,102,11722,4290,15,35154,31175.0,Post-Disruption
8870,2025-11-13,3,1,102,6291,3179,6,64014,16654.5,Post-Disruption
8871,2025-08-05,1,1,103,8626,2493,5,60990,23008.0,Post-Disruption
8872,2024-08-14,1,2,102,8453,2714,4,47627,23040.5,During-Disruption
8873,2023-05-14,1,1,103,8491,2378,4,73802,22480.5,Pre-Disruption
8874,2024-02-25,3,1,101,6114,3088,6,83770,16134.0,During-Disruption
8875,2023-08-01,1,1,103,8578,2367,5,83537,22235.0,Pre-Disruption
8876,2025-06-18,2,1,102,11703,4053,15,25505,30267.5,Post-Disruption
8877,2024-04-26,1,1,103,8500,2777,6,47421,22100.0,During-Disruption
8878,2023-12-14,1,4,101,8529,2826,7,37303,22368.5,During-Disruption
8879,2023-06-15,4,1,102,1406,1915,1,18169,4240.0,Pre-Disruption
8880,2025-07-25,2,3,102,11883,4270,15,30099,30885.5,Post-Disruption
8881,2023-12-14,3,1,104,6134,3329,9,19695,17210.0,During-Disruption
8882,2025-04-28,2,1,103,11931,4621,15,28431,31042.5,Post-Disruption
8883,2024-02-02,2,1,103,11853,4182,14,25099,30560.5,During-Disruption
8884,2024-08-05,1,2,103,8463,2459,7,22937,22452.5,During-Disruption
8885,2024-12-26,2,3,101,11946,4023,14,28827,31087.0,During-Disruption
8886,2023-11-04,1,1,101,8455,2293,5,59544,22552.5,During-Disruption
8887,2025-09-17,2,1,102,11928,4255,15,15266,30789.0,Post-Disruption
8888,2025-03-08,2,2,102,11952,4213,12,73479,30902.0,Post-Disruption
8889,2024-12-19,3,1,101,6392,3395,7,45298,17787.0,During-Disruption
8890,2024-04-10,2,2,103,11751,4039,14,44152,30620.5,During-Disruption
8891,2023-04-09,2,1,103,11714,4462,14,23534,29804.0,Pre-Disruption
8892,2023-06-07,1,2,101,8579,2635,7,17808,23342.5,Pre-Disruption
8893,2024-09-01,1,2,103,8476,2748,6,77536,23027.0,During-Disruption
8894,2024-07-07,1,1,101,8614,2410,7,18729,22842.0,During-Disruption
8895,2024-10-12,3,2,103,6322,3022,6,75476,17158.0,During-Disruption
8896,2025-07-08,4,1,103,1553,2058,1,80815,5826.5,Post-Disruption
8897,2023-08-15,1,1,104,8444,2485,5,61106,22610.0,Pre-Disruption
8898,2024-02-27,1,1,102,8420,2475,6,17069,21962.0,During-Disruption
8899,2025-12-31,2,1,103,11780,4243,12,20755,30025.0,Post-Disruption
8900,2023-08-31,3,1,103,6152,3042,8,68702,17252.0,Pre-Disruption
8901,2024-06-13,2,4,101,11856,4319,12,38012,30559.0,During-Disruption
8902,2025-12-04,1,2,104,8546,2574,5,25315,22411.0,Post-Disruption
8903,2024-01-06,4,1,104,1581,2032,4,71812,5070.5,During-Disruption
8904,2024-10-13,3,3,101,6177,3478,9,17241,17239.5,During-Disruption
8905,2024-11-19,1,1,101,8518,2321,6,78254,23259.0,During-Disruption
8906,2025-01-03,4,2,101,1504,1834,1,78841,5369.0,Post-Disruption
8907,2023-04-02,2,1,103,11701,4428,13,73866,30346.5,Pre-Disruption
8908,2025-11-11,1,3,101,8514,2325,5,25995,22330.0,Post-Disruption
8909,2023-06-21,2,3,102,11731,4543,15,28010,31307.5,Pre-Disruption
8910,2023-06-28,3,2,101,6161,3102,6,59327,16231.5,Pre-Disruption
8911,2023-08-26,2,1,103,11796,4272,13,39425,31096.0,Pre-Disruption
8912,2025-05-26,1,1,102,8534,2373,4,72511,22653.0,Post-Disruption
8913,2025-06-20,4,1,103,1497,1837,3,66592,4463.5,Post-Disruption
8914,2023-10-07,1,1,102,8614,2661,5,48420,23268.0,Pre-Disruption
8915,2025-11-08,3,1,102,6183,3009,8,45976,17416.5,Post-Disruption
8916,2025-01-09,2,2,102,11856,4411,15,37665,31163.0,Post-Disruption
8917,2024-01-06,1,3,103,8506,2270,7,46765,22302.0,During-Disruption
8918,2025-05-19,1,1,102,8530,2855,4,65776,21971.0,Post-Disruption
8919,2025-10-15,3,1,104,6121,3256,8,63714,16816.5,Post-Disruption
8920,2023-08-09,2,3,104,11783,4422,15,47138,31199.5,Pre-Disruption
8921,2025-07-08,2,4,103,11788,4240,15,48592,30037.0,Post-Disruption
8922,2023-10-31,2,1,104,11925,4602,13,26754,30616.5,Pre-Disruption
8923,2024-03-13,3,1,102,6205,3569,7,44920,16037.5,During-Disruption
8924,2024-01-10,2,2,101,11800,4568,13,48082,30322.0,During-Disruption
8925,2024-01-16,1,3,101,8695,2767,5,29719,22865.5,During-Disruption
8926,2025-09-12,1,1,102,8547,2878,4,73282,22990.5,Post-Disruption
8927,2023-01-14,3,2,104,6329,3026,8,34318,16814.5,Pre-Disruption
8928,2025-01-12,2,2,102,11786,4425,12,21331,30626.0,Post-Disruption
8929,2024-10-30,1,1,101,8410,2729,5,33921,22802.0,During-Disruption
8930,2024-05-14,4,3,101,1535,1674,3,78607,5326.5,During-Disruption
8931,2024-07-18,3,1,103,6192,3177,9,70620,17473.0,During-Disruption
8932,2024-06-13,1,2,101,8691,2693,5,75558,22255.5,During-Disruption
8933,2024-05-06,4,2,103,1552,1987,3,83335,5530.0,During-Disruption
8934,2025-01-24,2,1,104,11795,4535,14,70769,31201.5,Post-Disruption
8935,2023-10-27,1,2,102,8461,2661,5,63823,22627.5,Pre-Disruption
8936,2025-03-25,1,3,103,8486,2507,4,25199,22859.0,Post-Disruption
8937,2024-06-30,2,4,102,11910,4578,13,48623,31534.0,During-Disruption
8938,2024-12-27,3,1,103,6182,3022,8,39601,16779.0,During-Disruption
8939,2024-12-31,1,1,104,8626,2486,4,59373,23125.0,During-Disruption
8940,2025-04-07,1,4,104,8411,2252,4,23466,22819.5,Post-Disruption
8941,2024-08-24,1,2,103,8552,2644,4,84156,23128.0,During-Disruption
8942,2025-10-28,2,4,103,11704,4120,12,71540,29806.0,Post-Disruption
8943,2025-02-06,1,1,104,8475,2897,6,24127,23166.5,Post-Disruption
8944,2025-05-24,1,1,102,8403,2618,6,30166,21987.5,Post-Disruption
8945,2025-07-25,2,1,104,11782,4075,13,46526,30658.0,Post-Disruption
8946,2023-05-11,3,3,102,6134,2983,8,56867,17211.0,Pre-Disruption
8947,2024-08-30,2,4,103,11941,4306,13,59766,31291.5,During-Disruption
8948,2023-01-26,1,2,102,8543,2644,7,50278,23312.5,Pre-Disruption
8949,2024-09-26,2,1,103,11779,4658,14,16823,30549.5,During-Disruption
8950,2024-04-28,1,1,102,8474,2536,5,78381,22178.0,During-Disruption
8951,2024-11-10,4,2,103,1698,1980,1,36745,5886.0,During-Disruption
8952,2025-12-10,3,2,101,6383,3416,6,71439,16629.5,Post-Disruption
8953,2023-01-05,1,2,101,8614,2300,6,71325,23295.0,Pre-Disruption
8954,2024-08-11,1,1,104,8645,2299,7,45621,22135.5,During-Disruption
8955,2023-07-27,2,1,104,11937,4172,12,83456,31451.5,Pre-Disruption
8956,2023-09-14,2,1,103,11718,4431,13,61713,30365.0,Pre-Disruption
8957,2023-01-11,2,2,102,11773,4107,13,40232,30190.5,Pre-Disruption
8958,2025-08-06,3,1,103,6154,2927,6,71065,16975.0,Post-Disruption
8959,2023-01-08,3,4,101,6182,3164,6,43470,16992.0,Pre-Disruption
8960,2025-07-24,2,2,101,11863,4314,12,27398,31276.5,Post-Disruption
8961,2023-02-01,3,1,103,6266,2937,9,65443,16621.0,Pre-Disruption
8962,2024-06-23,3,1,101,6215,3504,9,84170,17277.5,During-Disruption
8963,2025-10-01,3,4,104,6396,3052,8,23239,16679.0,Post-Disruption
8964,2024-01-22,4,1,103,1587,1927,2,71998,5951.5,During-Disruption
8965,2024-10-01,1,1,104,8654,2247,6,42344,22485.0,During-Disruption
8966,2023-07-26,1,4,104,8418,2841,6,31453,22717.0,Pre-Disruption
8967,2024-07-10,3,2,104,6103,2905,7,52721,16180.5,During-Disruption
8968,2023-12-14,3,2,101,6289,3313,7,76440,16272.5,During-Disruption
8969,2025-03-03,4,1,102,1680,1660,2,76327,5412.0,Post-Disruption
8970,2023-08-22,1,3,102,8462,2634,6,37078,22763.0,Pre-Disruption
8971,2025-12-03,2,1,102,11968,4338,15,52863,31644.0,Post-Disruption
8972,2025-10-02,1,1,104,8653,2468,5,19910,23165.5,Post-Disruption
8973,2025-01-06,2,1,103,11814,4007,12,82121,30971.0,Post-Disruption
8974,2025-07-30,1,1,104,8659,2862,7,38856,22638.5,Post-Disruption
8975,2023-06-25,1,4,104,8401,2684,7,16433,21769.5,Pre-Disruption
8976,2024-03-24,1,2,103,8466,2528,7,23554,21876.0,During-Disruption
8977,2024-08-14,2,2,102,11985,4399,15,16299,30909.5,During-Disruption
8978,2023-03-23,1,4,102,8531,2599,5,65404,22210.5,Pre-Disruption
8979,2023-05-15,1,1,102,8447,2594,6,72676,21871.5,Pre-Disruption
8980,2025-05-05,1,1,104,8442,2537,4,70775,23051.0,Post-Disruption
8981,2024-03-15,1,2,104,8492,2618,4,34921,22082.0,During-Disruption
8982,2025-12-15,4,2,101,1540,1809,3,59012,4541.0,Post-Disruption
8983,2024-11-27,1,1,102,8446,2562,6,56640,22837.0,During-Disruption
8984,2024-02-23,1,1,104,8630,2370,7,82850,23355.0,During-Disruption
8985,2023-03-29,3,1,101,6323,3000,7,60614,16320.5,Pre-Disruption
8986,2024-10-17,2,1,104,11983,4413,12,38422,31397.5,During-Disruption
8987,2025-10-28,3,1,104,6136,3471,9,51941,17268.0,Post-Disruption
8988,2023-08-03,2,1,102,11727,4322,15,42495,30697.5,Pre-Disruption
8989,2024-07-05,4,1,103,1557,1628,2,80896,5103.5,During-Disruption
8990,2024-05-17,1,1,104,8621,2864,4,61870,22900.5,During-Disruption
8991,2024-11-29,4,1,104,1408,2177,3,68254,5481.0,During-Disruption
8992,2023-09-02,3,4,104,6169,2904,9,32678,17328.5,Pre-Disruption
8993,2023-11-05,2,4,102,11765,4635,12,75238,31304.5,During-Disruption
8994,2023-08-19,2,2,104,11794,4606,12,68768,30831.0,Pre-Disruption
8995,2023-06-04,2,4,101,11880,4516,15,24380,31097.0,Pre-Disruption
8996,2025-04-27,1,4,102,8469,2284,4,54738,22580.5,Post-Disruption
8997,2023-04-25,1,1,101,8633,2439,5,40243,23349.5,Pre-Disruption
8998,2023-11-07,4,1,102,1660,1648,1,58022,5829.0,During-Disruption
8999,2025-09-19,2,4,104,11719,4025,13,84719,30215.5,Post-Disruption
9000,2023-10-27,1,2,104,8585,2613,7,69787,22992.5,Pre-Disruption
9001,2025-11-07,3,1,101,6163,2997,6,64902,16888.5,Post-Disruption
9002,2025-02-22,2,2,101,11877,4411,13,30473,30281.5,Post-Disruption
9003,2023-01-12,1,1,102,8634,2469,5,50042,23299.0,Pre-Disruption
9004,2023-08-20,3,1,102,6349,3173,6,65419,16889.5,Pre-Disruption
9005,2025-08-12,3,1,103,6394,3212,9,49151,16860.0,Post-Disruption
9006,2024-12-30,1,1,103,8439,2435,6,77075,22887.5,During-Disruption
9007,2025-10-14,4,1,103,1686,1808,3,27100,5776.0,Post-Disruption
9008,2025-09-25,1,4,104,8658,2224,4,20590,22594.0,Post-Disruption
9009,2023-10-30,2,1,101,11939,4644,12,44251,31817.5,Pre-Disruption
9010,2024-06-24,1,1,101,8471,2380,6,47914,22732.5,During-Disruption
9011,2024-04-14,2,1,103,11729,4596,15,77727,31068.5,During-Disruption
9012,2025-03-23,1,2,103,8428,2445,5,30134,22369.0,Post-Disruption
9013,2023-03-18,1,4,102,8486,2750,6,27045,22901.0,Pre-Disruption
9014,2025-10-16,3,1,103,6207,3340,9,30388,16915.5,Post-Disruption
9015,2023-01-24,1,1,101,8429,2825,6,63740,22244.5,Pre-Disruption
9016,2025-11-04,3,1,102,6145,3367,9,47187,15868.5,Post-Disruption
9017,2024-11-06,2,2,103,11836,4613,14,51652,31326.0,During-Disruption
9018,2024-06-08,4,1,104,1662,1826,4,81889,5598.0,During-Disruption
9019,2023-12-13,2,1,103,11762,4280,15,36557,30505.0,During-Disruption
9020,2023-06-21,1,1,104,8443,2869,7,84420,21686.5,Pre-Disruption
9021,2024-12-12,1,1,103,8650,2713,5,23962,23043.0,During-Disruption
9022,2024-05-03,3,4,102,6306,3111,9,49891,16601.0,During-Disruption
9023,2024-01-13,3,1,104,6158,2935,8,51229,16247.0,During-Disruption
9024,2024-01-07,1,1,104,8605,2748,7,61919,22370.5,During-Disruption
9025,2025-09-26,2,3,102,11783,4239,15,31296,31451.5,Post-Disruption
9026,2025-09-03,2,3,104,11712,4363,12,65892,30556.0,Post-Disruption
9027,2025-01-26,4,1,102,1636,2030,4,35925,5936.0,Post-Disruption
9028,2024-04-21,4,4,103,1557,1690,4,64544,4567.5,During-Disruption
9029,2024-01-17,4,2,102,1503,2207,1,31424,5443.5,During-Disruption
9030,2023-06-04,3,1,102,6142,3086,7,55628,16614.0,Pre-Disruption
9031,2023-09-14,4,1,102,1578,1859,4,77467,5034.0,Pre-Disruption
9032,2024-11-04,1,1,102,8663,2549,4,31944,23439.5,During-Disruption
9033,2023-03-09,3,1,101,6342,2945,9,73979,16774.0,Pre-Disruption
9034,2023-12-10,3,1,104,6136,3476,7,70784,15925.0,During-Disruption
9035,2024-11-03,4,2,103,1649,1826,3,27737,5442.5,During-Disruption
9036,2024-01-26,2,3,102,11819,4567,15,77226,30178.5,During-Disruption
9037,2023-09-16,1,1,101,8591,2746,6,79199,22712.5,Pre-Disruption
9038,2023-11-03,2,1,101,11994,4118,12,71025,30533.0,During-Disruption
9039,2025-08-07,2,1,103,11761,4237,15,34069,30840.5,Post-Disruption
9040,2025-08-27,1,2,104,8609,2300,4,67914,22985.5,Post-Disruption
9041,2023-09-03,1,3,103,8694,2533,6,21371,23271.0,Pre-Disruption
9042,2025-01-02,2,1,102,11751,4506,15,17314,31266.5,Post-Disruption
9043,2023-07-06,1,2,104,8609,2755,6,18835,23420.5,Pre-Disruption
9044,2025-07-13,1,1,104,8678,2200,4,50260,22952.0,Post-Disruption
9045,2025-02-23,1,3,103,8601,2339,5,78185,22359.5,Post-Disruption
9046,2024-02-12,4,1,103,1538,1875,2,17632,4520.0,During-Disruption
9047,2023-12-07,3,1,104,6118,3266,7,49383,17036.0,During-Disruption
9048,2024-07-16,1,1,103,8494,2823,4,48799,22404.0,During-Disruption
9049,2024-10-12,3,4,104,6229,3417,7,62108,16882.5,During-Disruption
9050,2025-08-09,3,2,103,6204,3176,9,78812,16680.0,Post-Disruption
9051,2025-11-28,1,4,104,8596,2814,5,77797,22808.0,Post-Disruption
9052,2023-03-10,1,1,102,8659,2500,6,64532,23464.5,Pre-Disruption
9053,2024-01-16,2,1,101,11738,4069,15,22587,30503.0,During-Disruption
9054,2023-02-26,2,1,103,11830,4427,14,26224,30737.0,Pre-Disruption
9055,2025-04-29,3,2,104,6253,3086,8,35223,17589.5,Post-Disruption
9056,2025-07-04,2,3,101,11740,4157,14,77917,31047.0,Post-Disruption
9057,2023-11-21,1,3,101,8521,2849,6,16350,23027.5,During-Disruption
9058,2024-04-05,4,2,101,1643,1930,4,62685,5488.5,During-Disruption
9059,2023-06-28,1,2,103,8644,2456,4,30647,23534.0,Pre-Disruption
9060,2025-04-23,3,4,103,6243,3308,9,34515,17566.5,Post-Disruption
9061,2024-07-27,1,1,102,8585,2663,5,48919,23254.5,During-Disruption
9062,2023-04-29,1,3,103,8434,2282,5,81729,21920.0,Pre-Disruption
9063,2024-07-02,2,4,103,11910,4585,12,31935,30888.0,During-Disruption
9064,2024-10-07,1,1,103,8432,2213,5,54356,22712.0,During-Disruption
9065,2023-01-26,2,3,101,11858,4130,15,70247,30700.0,Pre-Disruption
9066,2025-10-28,1,1,102,8591,2395,5,34763,22503.5,Post-Disruption
9067,2025-08-26,2,1,101,11862,4679,13,74110,30390.0,Post-Disruption
9068,2024-06-16,2,2,102,11951,4211,14,36887,31602.5,During-Disruption
9069,2023-05-29,1,1,103,8438,2406,7,48020,22792.0,Pre-Disruption
9070,2025-11-14,3,1,104,6230,3034,8,79321,16618.0,Post-Disruption
9071,2024-10-16,1,4,103,8495,2307,4,52851,22909.5,During-Disruption
9072,2025-08-02,1,1,101,8540,2830,7,54558,23158.0,Post-Disruption
9073,2024-07-08,2,1,101,11969,4164,14,45078,31347.5,During-Disruption
9074,2024-02-29,2,2,101,11868,4153,15,78089,30723.0,During-Disruption
9075,2023-10-20,2,1,102,11974,4346,13,56216,31201.0,Pre-Disruption
9076,2024-07-07,1,1,101,8498,2224,4,28777,22434.0,During-Disruption
9077,2024-03-06,3,1,104,6160,3454,7,25928,16497.0,During-Disruption
9078,2024-08-26,2,1,104,11916,4626,13,78217,30797.0,During-Disruption
9079,2023-11-13,1,1,103,8476,2549,7,31359,22730.0,During-Disruption
9080,2024-02-02,1,4,102,8607,2755,4,18039,23442.5,During-Disruption
9081,2024-08-18,3,1,102,6144,3354,9,83918,16097.0,During-Disruption
9082,2024-06-29,2,1,103,11901,4217,13,55603,30696.5,During-Disruption
9083,2023-03-17,1,4,101,8609,2445,4,25952,22956.5,Pre-Disruption
9084,2025-05-14,1,3,101,8534,2512,4,78185,22555.0,Post-Disruption
9085,2025-07-04,1,1,103,8421,2848,5,50478,22259.5,Post-Disruption
9086,2024-12-09,2,2,103,11759,4459,15,33876,30992.5,During-Disruption
9087,2024-04-30,3,3,103,6397,3481,7,47863,16517.5,During-Disruption
9088,2025-01-16,2,2,103,11758,4517,13,44386,29983.0,Post-Disruption
9089,2025-10-27,2,3,102,11930,4666,13,80779,30559.0,Post-Disruption
9090,2024-07-03,4,1,102,1684,1855,4,43284,4748.0,During-Disruption
9091,2025-09-02,2,1,101,11882,4633,12,19371,30248.0,Post-Disruption
9092,2025-12-11,2,1,102,11800,4629,14,82371,30359.0,Post-Disruption
9093,2025-07-30,1,2,102,8513,2666,5,18857,22869.5,Post-Disruption
9094,2025-07-07,2,2,102,11741,4505,12,55035,30786.5,Post-Disruption
9095,2023-12-29,2,1,103,11728,4208,14,28827,31316.0,During-Disruption
9096,2024-01-17,1,1,102,8676,2606,4,20977,23098.0,During-Disruption
9097,2023-09-28,4,4,101,1496,1680,4,48369,4523.0,Pre-Disruption
9098,2025-11-03,3,1,102,6290,3229,8,54886,16995.0,Post-Disruption
9099,2023-10-25,3,1,103,6137,3006,8,67664,16636.5,Pre-Disruption
9100,2025-09-30,2,3,102,11906,4647,14,71790,30595.0,Post-Disruption
9101,2023-08-22,2,1,104,11893,4437,13,76973,31559.5,Pre-Disruption
9102,2024-07-28,1,1,101,8539,2213,6,21793,22689.5,During-Disruption
9103,2023-01-27,1,1,102,8688,2742,7,72284,23700.0,Pre-Disruption
9104,2023-04-03,3,2,101,6356,3590,9,57033,17700.0,Pre-Disruption
9105,2024-09-08,2,1,103,11924,4401,14,72615,31142.0,During-Disruption
9106,2023-11-05,3,4,101,6127,3409,6,39458,15887.5,During-Disruption
9107,2023-02-21,1,1,104,8589,2630,5,84478,22108.5,Pre-Disruption
9108,2023-11-15,2,2,104,11944,4093,12,71259,31446.0,During-Disruption
9109,2023-06-30,2,1,101,11748,4081,13,27610,30458.0,Pre-Disruption
9110,2025-05-24,2,1,103,11903,4691,13,80728,31051.5,Post-Disruption
9111,2025-12-02,3,3,101,6214,3148,9,79800,16564.0,Post-Disruption
9112,2024-10-08,4,1,102,1419,1840,2,55246,4958.5,During-Disruption
9113,2023-07-16,1,2,102,8484,2364,6,84535,22699.0,Pre-Disruption
9114,2024-10-06,1,1,101,8652,2672,5,71876,23301.0,During-Disruption
9115,2025-08-28,1,1,102,8451,2485,7,54198,22563.5,Post-Disruption
9116,2023-09-12,2,2,102,11847,4029,15,34924,31326.5,Pre-Disruption
9117,2025-01-01,1,2,103,8585,2658,5,16658,22549.5,Post-Disruption
9118,2023-12-02,3,1,101,6272,3203,7,17135,16223.0,During-Disruption
9119,2025-09-16,2,4,102,11813,4678,13,43809,30864.5,Post-Disruption
9120,2025-06-18,2,1,101,11701,4605,12,53661,30400.5,Post-Disruption
9121,2024-05-28,3,1,101,6133,3358,8,67955,17217.5,During-Disruption
9122,2023-08-30,2,1,102,11981,4014,13,51601,30564.5,Pre-Disruption
9123,2023-05-29,2,1,103,11860,4299,14,46598,31334.0,Pre-Disruption
9124,2025-01-26,1,1,103,8569,2606,7,66017,22678.5,Post-Disruption
9125,2024-09-11,2,3,104,11793,4047,14,26165,31014.5,During-Disruption
9126,2024-03-28,2,1,101,11947,4662,13,24038,31708.5,During-Disruption
9127,2023-07-31,2,1,104,11707,4113,15,28773,31115.5,Pre-Disruption
9128,2024-10-29,4,4,103,1509,2054,2,50671,5413.5,During-Disruption
9129,2024-08-16,4,1,102,1431,2125,3,20593,4462.5,During-Disruption
9130,2023-05-11,3,1,102,6150,3247,8,46101,16080.0,Pre-Disruption
9131,2024-09-03,1,1,103,8567,2370,4,67243,22969.5,During-Disruption
9132,2023-09-13,3,1,103,6165,3328,8,24244,17143.5,Pre-Disruption
9133,2024-07-14,1,1,101,8430,2605,7,17753,22902.0,During-Disruption
9134,2023-03-04,1,1,104,8411,2579,5,49497,22111.5,Pre-Disruption
9135,2024-02-11,1,2,104,8686,2260,6,52685,23134.0,During-Disruption
9136,2025-03-12,1,2,103,8422,2729,5,18928,22951.0,Post-Disruption
9137,2023-01-15,1,3,101,8560,2797,4,81833,23365.0,Pre-Disruption
9138,2023-09-16,2,3,102,11963,4200,13,49055,30810.5,Pre-Disruption
9139,2024-12-23,4,1,103,1589,2257,2,79237,5323.5,During-Disruption
9140,2024-09-05,1,1,104,8640,2256,6,38602,22607.0,During-Disruption
9141,2025-12-04,4,2,101,1479,1684,3,46863,4439.5,Post-Disruption
9142,2025-03-23,1,1,101,8670,2305,5,54780,22408.0,Post-Disruption
9143,2023-11-27,1,1,101,8503,2841,4,67689,23207.5,During-Disruption
9144,2023-06-14,2,2,104,11777,4013,15,58657,31337.5,Pre-Disruption
9145,2025-12-24,2,1,101,11711,4532,15,72976,31189.5,Post-Disruption
9146,2024-01-22,1,3,102,8682,2244,7,39113,22672.0,During-Disruption
9147,2025-11-19,1,1,104,8510,2745,7,59777,22494.0,Post-Disruption
9148,2023-11-24,2,4,103,11959,4372,13,44237,31055.5,During-Disruption
9149,2023-11-16,1,3,101,8595,2270,5,80758,23108.5,During-Disruption
9150,2024-02-03,3,1,104,6283,3130,7,36267,16617.5,During-Disruption
9151,2023-04-15,2,2,103,11845,4523,13,74138,30408.5,Pre-Disruption
9152,2024-11-26,1,2,103,8574,2322,4,48538,22314.0,During-Disruption
9153,2025-10-13,3,2,102,6299,2968,7,26166,16720.5,Post-Disruption
9154,2023-11-26,1,1,103,8587,2310,5,18334,22720.5,During-Disruption
9155,2024-10-21,3,1,102,6205,3145,7,53298,16032.5,During-Disruption
9156,2025-12-06,3,1,104,6172,3272,8,77449,17058.0,Post-Disruption
9157,2024-08-21,4,1,102,1671,1697,4,73048,5800.5,During-Disruption
9158,2025-03-31,2,4,104,11913,4321,14,27869,31045.5,Post-Disruption
9159,2024-10-02,2,1,104,11885,4673,12,68355,30294.5,During-Disruption
9160,2023-11-10,1,1,101,8539,2708,4,48978,22379.5,During-Disruption
9161,2024-04-06,2,1,102,11866,4375,15,21401,30635.0,During-Disruption
9162,2024-04-30,2,4,104,11842,4671,15,48531,30791.0,During-Disruption
9163,2024-02-14,2,2,101,11771,4139,13,64070,30629.5,During-Disruption
9164,2023-01-27,3,3,102,6246,3280,9,80887,17074.0,Pre-Disruption
9165,2025-11-18,1,3,102,8500,2602,4,45202,22572.0,Post-Disruption
9166,2023-09-28,3,3,103,6184,3202,7,51323,16914.0,Pre-Disruption
9167,2024-11-16,3,2,101,6394,3065,6,67819,17282.0,During-Disruption
9168,2024-05-15,2,1,103,11842,4265,14,58794,31396.0,During-Disruption
9169,2024-01-20,2,1,104,11894,4354,13,24910,30401.0,During-Disruption
9170,2023-03-01,1,2,102,8583,2752,5,48086,22230.5,Pre-Disruption
9171,2023-08-08,4,1,104,1466,1654,3,19470,4413.0,Pre-Disruption
9172,2025-02-09,1,2,101,8621,2428,4,59747,22433.5,Post-Disruption
9173,2024-07-17,2,1,102,11961,4223,15,78087,31193.5,During-Disruption
9174,2024-06-29,2,2,104,11721,4198,13,65676,30453.5,During-Disruption
9175,2023-04-06,4,1,102,1565,2226,4,49494,5773.5,Pre-Disruption
9176,2025-09-15,3,1,103,6201,3152,8,21758,16647.5,Post-Disruption
9177,2025-04-07,2,3,101,11809,4554,12,19809,30078.5,Post-Disruption
9178,2023-08-19,1,1,101,8578,2877,4,48007,23273.0,Pre-Disruption
9179,2025-08-25,1,2,101,8566,2354,4,31994,23081.0,Post-Disruption
9180,2023-10-02,1,2,102,8533,2826,7,27523,22350.5,Pre-Disruption
9181,2023-09-03,3,4,104,6129,3587,9,40884,17066.5,Pre-Disruption
9182,2023-04-21,3,3,104,6185,3469,9,81888,16019.5,Pre-Disruption
9183,2023-08-22,3,1,101,6108,3231,9,78614,16078.0,Pre-Disruption
9184,2024-02-21,2,2,102,11835,4407,13,78435,31007.5,During-Disruption
9185,2024-11-08,2,1,102,11989,4503,15,75650,31700.5,During-Disruption
9186,2025-03-13,1,1,102,8535,2893,6,44920,23305.5,Post-Disruption
9187,2024-09-10,1,3,104,8539,2825,5,81271,22070.5,During-Disruption
9188,2024-12-07,1,2,101,8442,2885,4,80532,22256.0,During-Disruption
9189,2025-04-30,3,1,104,6204,3341,9,76468,17145.0,Post-Disruption
9190,2024-04-19,1,1,103,8430,2455,7,62290,22384.0,During-Disruption
9191,2024-10-16,3,3,102,6269,3315,7,37279,16418.5,During-Disruption
9192,2024-01-30,2,1,103,11860,4399,12,59824,31253.0,During-Disruption
9193,2023-04-21,2,3,101,11974,4089,12,18363,30958.0,Pre-Disruption
9194,2023-03-31,1,2,101,8652,2340,6,81713,23124.0,Pre-Disruption
9195,2025-02-01,1,1,104,8618,2205,5,83581,22196.0,Post-Disruption
9196,2023-05-12,1,1,101,8512,2539,6,56435,22580.0,Pre-Disruption
9197,2025-11-02,3,1,101,6319,3118,7,43328,16716.5,Post-Disruption
9198,2024-04-01,1,4,104,8582,2778,5,81003,22086.0,During-Disruption
9199,2023-04-08,3,3,104,6359,3563,7,33135,16879.5,Pre-Disruption
9200,2023-10-20,3,2,104,6111,3170,6,19264,17234.5,Pre-Disruption
9201,2025-10-21,1,1,104,8645,2262,6,71588,22167.5,Post-Disruption
9202,2024-07-25,3,2,101,6349,3432,8,41297,16489.5,During-Disruption
9203,2023-09-07,2,1,103,11757,4512,15,83793,30261.5,Pre-Disruption
9204,2024-10-13,3,2,104,6100,3154,8,73725,17037.0,During-Disruption
9205,2023-05-29,1,1,101,8602,2325,7,20441,22705.0,Pre-Disruption
9206,2023-02-13,1,3,101,8443,2650,7,76600,22126.5,Pre-Disruption
9207,2025-12-03,1,3,101,8494,2605,4,15026,22381.0,Post-Disruption
9208,2023-06-11,1,1,101,8693,2819,7,46025,23664.5,Pre-Disruption
9209,2023-09-10,3,3,101,6108,3257,7,25595,16713.0,Pre-Disruption
9210,2023-05-12,3,1,104,6361,2987,7,48754,16436.5,Pre-Disruption
9211,2024-04-18,4,1,104,1652,1990,1,32997,5220.0,During-Disruption
9212,2024-12-06,1,1,102,8495,2568,5,75878,22003.5,During-Disruption
9213,2025-11-24,1,2,102,8529,2888,5,30353,23067.5,Post-Disruption
9214,2023-10-02,2,4,104,11735,4640,14,21612,31273.5,Pre-Disruption
9215,2023-07-06,1,3,104,8504,2646,4,67528,22358.0,Pre-Disruption
9216,2025-08-06,1,2,104,8598,2519,5,33139,22249.0,Post-Disruption
9217,2023-08-31,2,1,103,11990,4272,12,44399,31084.0,Pre-Disruption
9218,2023-09-21,1,1,104,8429,2850,4,56616,22038.5,Pre-Disruption
9219,2024-06-05,2,1,101,11792,4636,13,16272,30763.0,During-Disruption
9220,2025-08-20,1,4,103,8635,2721,5,58379,22604.5,Post-Disruption
9221,2025-02-21,2,4,103,11894,4577,15,71063,30467.0,Post-Disruption
9222,2024-06-18,3,1,101,6355,2915,6,19005,17425.5,During-Disruption
9223,2023-07-29,1,3,101,8430,2567,4,62781,21903.0,Pre-Disruption
9224,2023-02-15,4,2,102,1424,1850,2,57691,5275.0,Pre-Disruption
9225,2023-01-26,2,1,101,11700,4359,15,37380,30495.0,Pre-Disruption
9226,2023-06-24,4,2,104,1517,1830,3,45741,4869.5,Pre-Disruption
9227,2023-11-18,1,3,104,8564,2452,5,45127,23030.0,During-Disruption
9228,2023-02-24,2,1,102,11812,4611,15,15268,30259.0,Pre-Disruption
9229,2024-10-29,2,4,103,11894,4605,12,76398,30449.0,During-Disruption
9230,2023-05-27,3,1,103,6239,3292,6,80033,16237.5,Pre-Disruption
9231,2024-08-21,2,1,102,11719,4516,13,38825,31288.5,During-Disruption
9232,2023-01-20,2,1,104,11985,4518,15,72398,31556.5,Pre-Disruption
9233,2023-11-29,4,3,102,1630,2083,2,43208,5399.0,During-Disruption
9234,2025-06-25,1,1,104,8478,2264,4,76929,22718.0,Post-Disruption
9235,2025-08-01,1,3,104,8527,2418,7,57753,22541.5,Post-Disruption
9236,2025-06-29,2,2,101,11784,4207,15,39507,30084.0,Post-Disruption
9237,2024-02-05,2,1,102,11763,4175,12,37611,31271.5,During-Disruption
9238,2025-08-07,2,3,102,11973,4424,12,55923,31312.5,Post-Disruption
9239,2023-01-28,2,1,104,11987,4009,14,72810,31747.5,Pre-Disruption
9240,2024-04-11,4,3,104,1652,2279,3,78354,5606.0,During-Disruption
9241,2025-09-08,3,1,101,6193,3188,6,75843,16845.5,Post-Disruption
9242,2023-04-11,1,2,104,8688,2814,7,82966,22563.0,Pre-Disruption
9243,2024-07-04,1,3,104,8549,2215,4,75182,22070.5,During-Disruption
9244,2025-03-12,4,4,103,1556,1927,2,45235,5576.0,Post-Disruption
9245,2023-12-19,3,1,102,6315,3444,6,35639,17602.5,During-Disruption
9246,2023-10-23,4,2,101,1659,2146,4,54141,4830.5,Pre-Disruption
9247,2023-12-19,1,1,101,8499,2382,6,22371,22832.5,During-Disruption
9248,2025-06-26,3,1,104,6221,3001,6,33178,16959.5,Post-Disruption
9249,2025-10-15,3,1,102,6231,3231,8,59034,16218.5,Post-Disruption
9250,2024-03-30,1,1,103,8404,2278,5,78816,22723.0,During-Disruption
9251,2024-12-12,2,3,101,11932,4016,15,75323,30959.0,During-Disruption
9252,2025-09-06,2,3,104,11866,4369,14,81367,30698.0,Post-Disruption
9253,2025-01-08,2,1,102,11756,4020,13,70691,30382.0,Post-Disruption
9254,2025-09-03,3,3,103,6130,3304,9,46421,16449.0,Post-Disruption
9255,2023-08-21,3,1,102,6106,2916,9,31665,15793.0,Pre-Disruption
9256,2025-10-20,3,2,101,6111,3487,8,75591,17256.5,Post-Disruption
9257,2023-04-12,3,4,104,6109,3331,8,35041,16121.5,Pre-Disruption
9258,2025-08-10,2,3,104,11856,4555,14,67779,30838.0,Post-Disruption
9259,2024-04-25,1,1,101,8612,2619,7,72482,22883.0,During-Disruption
9260,2023-04-18,3,3,101,6240,2927,9,53866,16626.0,Pre-Disruption
9261,2025-08-30,2,1,102,11826,4024,15,22447,30175.0,Post-Disruption
9262,2024-12-04,1,3,101,8597,2400,6,40826,22238.5,During-Disruption
9263,2023-12-01,2,2,102,11836,4302,14,56490,30160.0,During-Disruption
9264,2023-03-27,1,3,104,8578,2812,5,64650,22057.0,Pre-Disruption
9265,2025-01-03,2,1,103,11787,4278,12,58064,30432.5,Post-Disruption
9266,2025-05-24,1,2,104,8666,2274,5,78422,23584.0,Post-Disruption
9267,2023-12-30,1,2,104,8563,2264,4,29589,22735.5,During-Disruption
9268,2023-03-01,4,2,103,1648,1854,2,41768,4666.0,Pre-Disruption
9269,2024-07-13,3,2,103,6100,3171,8,64009,16543.0,During-Disruption
9270,2023-04-27,3,4,103,6376,3535,9,66982,17020.0,Pre-Disruption
9271,2025-05-23,2,3,104,11871,4561,12,67669,30419.5,Post-Disruption
9272,2025-07-03,3,1,101,6361,3424,9,78655,16857.5,Post-Disruption
9273,2025-08-25,3,3,104,6241,3235,6,54050,17033.5,Post-Disruption
9274,2025-09-25,2,1,101,11792,4207,15,64420,30162.0,Post-Disruption
9275,2023-02-13,4,2,102,1528,1634,2,59784,5668.0,Pre-Disruption
9276,2024-05-23,1,4,104,8535,2313,7,53043,23202.5,During-Disruption
9277,2025-04-28,4,1,103,1510,1631,1,30279,5285.0,Post-Disruption
9278,2025-07-05,2,3,104,11743,4155,14,26702,31283.5,Post-Disruption
9279,2025-06-16,2,3,104,11910,4503,12,53691,31240.0,Post-Disruption
9280,2025-03-09,1,2,103,8646,2552,7,18824,22877.0,Post-Disruption
9281,2025-05-25,2,1,102,11931,4302,13,48959,31029.5,Post-Disruption
9282,2023-10-13,2,1,102,11991,4117,12,29938,31114.5,Pre-Disruption
9283,2024-11-14,4,4,102,1569,1634,2,64504,5623.5,During-Disruption
9284,2025-03-29,4,1,102,1633,1919,3,83097,5846.5,Post-Disruption
9285,2023-05-01,4,2,104,1407,1817,2,64356,4649.5,Pre-Disruption
9286,2025-08-02,1,1,104,8499,2467,5,51097,22851.5,Post-Disruption
9287,2025-10-14,4,1,103,1652,2292,1,65938,4924.0,Post-Disruption
9288,2025-06-25,2,3,101,11981,4043,13,82967,31064.5,Post-Disruption
9289,2023-01-13,3,1,103,6390,3073,7,67580,16633.0,Pre-Disruption
9290,2024-08-25,1,4,102,8587,2397,5,17117,23396.5,During-Disruption
9291,2023-07-19,2,2,101,11822,4301,15,15561,30112.0,Pre-Disruption
9292,2024-08-08,4,2,103,1531,1698,2,19271,4601.5,During-Disruption
9293,2024-03-23,4,1,102,1635,2004,2,21654,5664.5,During-Disruption
9294,2025-04-20,2,4,101,11920,4303,13,30511,31522.0,Post-Disruption
9295,2025-12-30,3,1,101,6161,3046,6,73064,16927.5,Post-Disruption
9296,2024-08-12,1,2,102,8577,2587,4,48012,23300.5,During-Disruption
9297,2025-06-07,3,1,101,6319,3443,7,42769,17342.5,Post-Disruption
9298,2023-02-12,2,1,103,11870,4345,13,59199,30668.0,Pre-Disruption
9299,2024-06-03,1,2,103,8481,2355,7,36415,21867.5,During-Disruption
9300,2025-11-02,1,2,103,8413,2787,5,23321,21648.5,Post-Disruption
9301,2024-12-25,1,1,101,8669,2641,6,38112,22946.5,During-Disruption
9302,2024-09-14,3,1,101,6153,3101,7,27165,16224.5,During-Disruption
9303,2025-09-14,1,3,102,8530,2341,4,41258,22113.0,Post-Disruption
9304,2025-03-13,2,1,102,11797,4103,12,68856,30329.5,Post-Disruption
9305,2024-06-18,1,1,101,8600,2414,5,55824,23144.0,During-Disruption
9306,2023-10-29,2,1,103,11960,4308,12,77112,31275.0,Pre-Disruption
9307,2024-06-10,3,1,101,6320,3007,9,33236,17458.0,During-Disruption
9308,2024-04-04,2,1,104,11704,4459,12,25781,30074.0,During-Disruption
9309,2025-04-11,2,1,103,11816,4536,14,22142,30543.0,Post-Disruption
9310,2024-05-19,2,2,104,11891,4228,13,38741,31517.5,During-Disruption
9311,2025-07-20,1,1,102,8515,2826,4,21146,21926.5,Post-Disruption
9312,2023-11-21,3,2,101,6335,3107,6,55859,16821.5,During-Disruption
9313,2024-08-01,1,4,104,8450,2720,5,81892,23033.0,During-Disruption
9314,2025-01-30,1,4,101,8412,2818,4,49131,22674.0,Post-Disruption
9315,2025-04-30,3,3,104,6317,3304,8,67638,16548.5,Post-Disruption
9316,2025-08-17,1,1,101,8467,2380,5,40694,22461.5,Post-Disruption
9317,2024-05-16,3,1,103,6330,3540,6,79067,16571.0,During-Disruption
9318,2023-11-30,1,3,102,8491,2884,7,19336,22311.5,During-Disruption
9319,2023-10-11,3,1,103,6203,3055,9,66948,16455.5,Pre-Disruption
9320,2024-04-19,1,1,102,8477,2586,5,42038,22679.5,During-Disruption
9321,2025-12-13,1,2,103,8501,2301,4,30036,23095.5,Post-Disruption
9322,2024-09-23,1,1,102,8660,2315,7,38680,22869.0,During-Disruption
9323,2024-12-03,3,3,103,6325,3370,8,24735,17192.5,During-Disruption
9324,2024-02-13,4,3,101,1574,2279,1,41815,5401.0,During-Disruption
9325,2025-09-08,2,3,103,11787,4003,14,26050,31153.5,Post-Disruption
9326,2024-07-12,3,3,104,6217,3097,9,26993,16210.5,During-Disruption
9327,2023-08-10,2,1,104,11979,4203,13,55028,30993.5,Pre-Disruption
9328,2023-06-07,4,3,101,1540,1995,3,70292,5677.0,Pre-Disruption
9329,2023-12-14,3,1,101,6212,3277,9,46325,16711.0,During-Disruption
9330,2025-06-07,1,2,101,8648,2773,5,53401,22575.0,Post-Disruption
9331,2025-07-10,3,1,104,6188,3482,6,48436,16721.0,Post-Disruption
9332,2024-10-23,2,3,103,11919,4603,15,22068,31144.5,During-Disruption
9333,2024-02-09,1,4,101,8450,2673,7,78567,23004.0,During-Disruption
9334,2024-11-07,1,1,103,8574,2887,4,57078,23309.0,During-Disruption
9335,2024-08-11,4,1,102,1608,1990,1,69460,5654.0,During-Disruption
9336,2024-07-11,4,1,103,1516,2296,1,19960,4893.0,During-Disruption
9337,2025-06-23,3,1,103,6390,3467,7,60177,16765.0,Post-Disruption
9338,2025-12-06,4,1,104,1485,2178,2,77273,4484.5,Post-Disruption
9339,2024-04-23,3,3,103,6234,3335,6,50075,16771.0,During-Disruption
9340,2024-05-01,1,1,104,8665,2262,5,42430,22447.5,During-Disruption
9341,2024-07-19,1,1,102,8619,2752,7,46536,22802.5,During-Disruption
9342,2024-06-07,1,3,104,8694,2862,5,43609,22243.0,During-Disruption
9343,2024-12-04,1,1,102,8585,2374,7,52420,22752.5,During-Disruption
9344,2025-10-26,1,1,102,8562,2808,7,30419,22973.0,Post-Disruption
9345,2025-03-31,2,3,101,11826,4035,13,65439,31153.0,Post-Disruption
9346,2025-05-07,3,3,103,6216,2913,6,25033,17203.0,Post-Disruption
9347,2024-08-07,3,1,103,6236,3064,8,60603,16426.0,During-Disruption
9348,2024-11-16,2,1,101,11955,4180,14,67136,31072.5,During-Disruption
9349,2023-08-20,4,1,101,1663,2011,2,48571,5329.5,Pre-Disruption
9350,2023-09-27,2,1,103,11921,4192,15,74203,31603.5,Pre-Disruption
9351,2025-07-28,3,1,101,6249,3202,8,35582,17155.5,Post-Disruption
9352,2025-05-23,2,2,101,11935,4245,15,67109,31706.5,Post-Disruption
9353,2023-02-21,1,3,102,8567,2607,7,54755,23338.5,Pre-Disruption
9354,2023-04-26,4,1,101,1468,1613,4,44806,5410.0,Pre-Disruption
9355,2024-06-21,1,2,101,8608,2630,7,38312,23446.0,During-Disruption
9356,2024-06-24,2,1,104,11751,4078,14,60877,31135.5,During-Disruption
9357,2025-11-08,1,2,103,8666,2200,5,37924,23495.0,Post-Disruption
9358,2025-03-25,2,2,104,11849,4646,13,23111,31173.5,Post-Disruption
9359,2025-03-01,4,4,101,1412,2065,4,84420,4312.0,Post-Disruption
9360,2024-09-09,1,1,101,8499,2710,7,35022,22254.5,During-Disruption
9361,2024-02-23,3,1,104,6272,3394,7,33927,16938.0,During-Disruption
9362,2023-11-05,1,2,101,8636,2314,4,55467,22996.0,During-Disruption
9363,2025-05-13,1,1,102,8474,2775,7,43583,21834.0,Post-Disruption
9364,2023-07-05,1,1,104,8649,2473,6,43876,23298.5,Pre-Disruption
9365,2023-09-18,3,1,104,6177,3346,8,57786,16931.5,Pre-Disruption
9366,2023-06-09,1,2,103,8677,2505,7,28435,23663.5,Pre-Disruption
9367,2025-05-19,2,1,104,11941,4323,15,30485,31286.5,Post-Disruption
9368,2025-01-31,1,4,102,8615,2802,5,62296,23323.5,Post-Disruption
9369,2023-08-12,1,1,101,8619,2597,4,70533,23319.5,Pre-Disruption
9370,2023-06-29,3,1,104,6120,3489,7,28559,16713.0,Pre-Disruption
9371,2023-01-20,1,2,104,8491,2590,4,64376,23165.5,Pre-Disruption
9372,2024-09-23,1,1,103,8694,2511,6,22356,22551.0,During-Disruption
9373,2023-02-27,1,1,103,8499,2213,5,48540,21920.5,Pre-Disruption
9374,2024-12-23,2,1,101,11965,4169,13,66818,30656.5,During-Disruption
9375,2024-09-06,2,1,104,11867,4108,15,49392,30508.5,During-Disruption
9376,2024-07-15,1,3,102,8457,2242,7,63217,21650.5,During-Disruption
9377,2024-01-09,1,1,101,8488,2557,6,84688,22198.0,During-Disruption
9378,2024-09-13,2,4,102,11872,4474,12,67681,30201.0,During-Disruption
9379,2023-03-29,1,3,104,8544,2274,4,15872,22136.0,Pre-Disruption
9380,2025-11-09,3,1,101,6220,3206,8,29730,16980.0,Post-Disruption
9381,2025-10-10,3,1,103,6344,3404,6,81493,17126.0,Post-Disruption
9382,2023-01-14,2,1,103,11965,4079,15,78614,31336.5,Pre-Disruption
9383,2023-05-13,1,1,102,8461,2883,6,35812,22760.5,Pre-Disruption
9384,2025-11-23,3,2,101,6188,3393,9,55759,16022.0,Post-Disruption
9385,2025-06-10,3,1,102,6171,3158,8,30395,17011.5,Post-Disruption
9386,2024-08-14,2,4,103,11869,4503,14,34610,30846.5,During-Disruption
9387,2024-08-05,3,1,104,6272,3227,6,15909,17034.0,During-Disruption
9388,2023-10-16,3,1,103,6175,3525,7,77785,16360.5,Pre-Disruption
9389,2025-10-09,2,1,104,11857,4110,14,42914,31247.5,Post-Disruption
9390,2025-05-28,1,1,102,8612,2713,4,32769,22600.0,Post-Disruption
9391,2023-01-07,3,3,102,6108,3440,8,32199,16624.0,Pre-Disruption
9392,2023-08-28,1,2,102,8402,2446,4,69501,22273.0,Pre-Disruption
9393,2024-06-19,3,1,104,6269,3120,8,61476,17367.5,During-Disruption
9394,2023-03-11,3,4,102,6246,3506,6,18784,16172.0,Pre-Disruption
9395,2023-08-04,3,3,102,6105,3214,8,31705,16997.5,Pre-Disruption
9396,2025-12-13,2,3,101,11870,4394,14,52166,30356.0,Post-Disruption
9397,2025-03-16,1,3,104,8479,2679,6,39026,22630.5,Post-Disruption
9398,2023-11-26,1,2,102,8691,2223,4,33955,22635.5,During-Disruption
9399,2025-04-27,3,2,102,6323,3571,7,62641,16792.5,Post-Disruption
9400,2023-02-14,3,1,104,6394,3593,8,80230,16491.0,Pre-Disruption
9401,2025-04-08,2,1,104,11742,4240,12,23602,30284.0,Post-Disruption
9402,2023-07-17,1,2,103,8644,2895,7,59530,23469.0,Pre-Disruption
9403,2025-06-14,4,4,103,1449,1951,1,55098,4751.5,Post-Disruption
9404,2023-11-28,4,2,101,1694,1952,1,44822,5753.0,During-Disruption
9405,2024-11-26,2,4,102,11829,4349,13,24015,31190.5,During-Disruption
9406,2023-01-27,2,1,104,11951,4093,15,80279,31401.5,Pre-Disruption
9407,2023-11-14,3,2,102,6264,3226,9,50268,17587.0,During-Disruption
9408,2023-12-31,3,2,103,6200,2952,7,30568,17465.0,During-Disruption
9409,2025-08-17,4,2,103,1674,1969,2,66961,6116.0,Post-Disruption
9410,2024-01-08,1,2,103,8468,2293,6,66027,23069.0,During-Disruption
9411,2023-09-02,2,1,104,11743,4609,14,51922,30519.5,Pre-Disruption
9412,2024-04-22,2,1,102,11849,4444,12,26780,30579.5,During-Disruption
9413,2023-05-05,3,4,104,6234,3529,6,46664,17074.0,Pre-Disruption
9414,2024-06-20,3,1,102,6317,3189,8,41177,17393.5,During-Disruption
9415,2024-12-06,4,1,101,1547,1957,4,69405,5761.5,During-Disruption
9416,2024-06-14,2,1,103,11825,4060,12,66298,30186.5,During-Disruption
9417,2025-02-24,3,1,103,6348,3378,6,73416,17212.0,Post-Disruption
9418,2023-09-11,2,3,103,11753,4251,13,69148,30803.5,Pre-Disruption
9419,2023-05-01,2,3,103,11922,4565,14,44476,31512.0,Pre-Disruption
9420,2025-11-21,1,4,104,8608,2380,5,72074,22341.0,Post-Disruption
9421,2024-10-22,3,1,103,6243,3047,6,50369,17163.5,During-Disruption
9422,2025-11-26,4,2,102,1537,1645,3,34922,5796.5,Post-Disruption
9423,2025-11-02,1,4,102,8624,2317,7,72871,23064.0,Post-Disruption
9424,2023-03-29,1,4,103,8501,2292,7,53603,22436.5,Pre-Disruption
9425,2023-02-15,3,4,103,6198,3442,7,73071,16715.0,Pre-Disruption
9426,2025-07-21,2,3,104,11982,4212,14,74458,31676.0,Post-Disruption
9427,2025-01-14,4,1,104,1490,1753,1,72936,4943.0,Post-Disruption
9428,2025-08-24,1,1,102,8696,2678,7,71919,22551.0,Post-Disruption
9429,2025-02-01,1,3,102,8603,2646,7,54487,22329.5,Post-Disruption
9430,2025-01-31,2,3,101,11937,4277,15,80318,31259.5,Post-Disruption
9431,2025-03-04,1,3,102,8496,2512,4,55326,22615.0,Post-Disruption
9432,2025-01-13,1,1,101,8520,2640,4,38880,21842.0,Post-Disruption
9433,2025-12-05,1,2,103,8516,2815,7,69927,22179.0,Post-Disruption
9434,2024-07-11,1,1,103,8465,2353,6,45775,22568.5,During-Disruption
9435,2024-06-09,1,1,103,8530,2354,6,31650,22353.0,During-Disruption
9436,2024-08-19,4,1,102,1666,2167,2,34848,4892.0,During-Disruption
9437,2025-04-19,1,4,102,8491,2736,6,54680,21949.5,Post-Disruption
9438,2023-01-03,2,1,103,11776,4636,13,84419,31360.0,Pre-Disruption
9439,2025-11-17,3,2,104,6337,3584,7,61626,16845.5,Post-Disruption
9440,2023-06-06,2,1,103,11951,4629,15,26859,30552.5,Pre-Disruption
9441,2025-05-04,2,2,101,11926,4400,13,40778,31559.0,Post-Disruption
9442,2024-05-25,3,2,104,6240,3213,8,18847,16521.0,During-Disruption
9443,2024-11-17,3,4,104,6153,3494,8,16606,16733.5,During-Disruption
9444,2024-07-24,3,1,102,6239,3493,8,38076,17414.5,During-Disruption
9445,2024-12-15,2,1,102,11845,4022,15,38755,31440.5,During-Disruption
9446,2023-08-27,3,3,101,6373,3547,7,61356,17554.5,Pre-Disruption
9447,2023-10-30,2,1,103,11844,4305,12,56427,31364.0,Pre-Disruption
9448,2024-08-29,1,1,103,8566,2599,5,77980,22790.0,During-Disruption
9449,2025-09-17,3,2,102,6185,3500,7,66222,16486.5,Post-Disruption
9450,2023-11-30,2,2,102,11840,4351,15,68944,30958.0,During-Disruption
9451,2023-04-23,4,1,103,1444,1810,2,76766,4240.0,Pre-Disruption
9452,2023-12-28,1,1,104,8527,2793,6,71216,22028.5,During-Disruption
9453,2025-03-11,1,3,101,8516,2295,5,29081,22841.0,Post-Disruption
9454,2023-04-07,4,2,101,1546,2157,4,76323,4666.0,Pre-Disruption
9455,2023-01-16,1,1,101,8546,2632,5,17427,22513.0,Pre-Disruption
9456,2024-07-09,4,1,102,1420,1959,4,80503,4495.0,During-Disruption
9457,2024-01-11,4,2,104,1423,1648,4,80531,4572.5,During-Disruption
9458,2025-01-11,3,1,101,6257,3560,9,53890,17562.5,Post-Disruption
9459,2024-01-25,2,3,104,11747,4586,13,45366,30942.5,During-Disruption
9460,2024-09-11,2,2,102,11809,4220,12,80288,31347.5,During-Disruption
9461,2025-04-03,3,1,102,6158,2905,9,57342,16367.0,Post-Disruption
9462,2023-11-16,3,4,103,6116,2954,9,72996,16461.0,During-Disruption
9463,2023-07-15,2,1,104,11754,4014,14,84939,30246.0,Pre-Disruption
9464,2024-02-22,4,1,104,1536,2122,4,55731,5540.0,During-Disruption
9465,2024-08-29,2,2,104,11776,4382,13,38908,30470.0,During-Disruption
9466,2024-07-21,4,2,103,1669,1766,2,26352,5181.5,During-Disruption
9467,2024-06-27,1,1,101,8579,2575,4,63301,23150.5,During-Disruption
9468,2023-08-19,1,1,101,8484,2273,6,38916,23156.0,Pre-Disruption
9469,2025-06-02,2,1,102,11999,4676,15,19455,31710.5,Post-Disruption
9470,2024-06-04,1,1,103,8538,2384,5,74815,22397.0,During-Disruption
9471,2024-12-03,3,3,104,6269,2987,8,52878,17015.5,During-Disruption
9472,2025-04-25,1,2,103,8641,2555,5,52530,23273.5,Post-Disruption
9473,2024-11-03,4,1,102,1463,1664,4,33766,4766.5,During-Disruption
9474,2023-01-21,1,1,101,8639,2472,5,23679,22183.5,Pre-Disruption
9475,2024-08-10,2,1,101,11794,4190,14,75279,30604.0,During-Disruption
9476,2025-06-16,1,1,102,8545,2853,4,28329,22173.5,Post-Disruption
9477,2024-01-06,2,1,103,11748,4037,15,79151,30144.0,During-Disruption
9478,2023-03-19,1,1,102,8544,2573,5,54740,22996.0,Pre-Disruption
9479,2024-10-09,1,1,104,8658,2864,6,42260,22466.0,During-Disruption
9480,2023-05-20,3,2,104,6258,3279,7,79373,16438.0,Pre-Disruption
9481,2024-07-06,1,3,102,8616,2236,5,46672,22590.0,During-Disruption
9482,2025-09-24,1,1,104,8416,2451,4,56646,22062.0,Post-Disruption
9483,2023-10-09,3,4,104,6180,3034,6,50695,16830.0,Pre-Disruption
9484,2024-03-15,1,3,101,8583,2210,7,32828,23073.5,During-Disruption
9485,2023-09-27,2,4,103,11982,4201,15,60092,30987.0,Pre-Disruption
9486,2025-01-15,1,4,101,8470,2533,7,45439,22343.0,Post-Disruption
9487,2023-04-14,1,2,101,8489,2618,7,18019,22326.5,Pre-Disruption
9488,2025-02-04,2,2,103,11896,4237,14,35348,31261.0,Post-Disruption
9489,2023-04-05,1,1,101,8529,2619,7,65664,22821.5,Pre-Disruption
9490,2024-12-29,3,3,104,6179,3353,9,63430,16500.5,During-Disruption
9491,2024-04-24,4,2,102,1602,1907,2,56983,5156.0,During-Disruption
9492,2025-02-18,1,2,102,8630,2780,5,16950,22076.0,Post-Disruption
9493,2023-01-13,4,2,103,1486,1769,3,37732,4254.0,Pre-Disruption
9494,2024-08-23,1,1,102,8626,2782,5,66470,23190.0,During-Disruption
9495,2023-04-05,1,2,102,8405,2348,5,62285,21830.5,Pre-Disruption
9496,2023-10-20,1,1,102,8624,2700,6,16732,22732.0,Pre-Disruption
9497,2023-01-25,2,3,102,11845,4593,12,70081,30988.5,Pre-Disruption
9498,2025-07-27,2,4,101,11754,4512,13,48398,30826.0,Post-Disruption
9499,2025-01-31,1,3,104,8466,2651,4,58288,22442.0,Post-Disruption
9500,2024-10-15,3,3,104,6284,3421,6,50851,16698.0,During-Disruption
9501,2025-09-11,3,1,102,6246,3339,6,21128,17021.0,Post-Disruption
9502,2024-09-29,1,4,103,8473,2346,6,79345,22721.5,During-Disruption
9503,2024-05-05,3,1,101,6238,3197,9,54204,16358.0,During-Disruption
9504,2024-07-28,4,4,102,1623,2205,3,60252,5627.5,During-Disruption
9505,2023-10-21,1,1,102,8631,2569,6,41294,22961.5,Pre-Disruption
9506,2025-06-14,1,1,103,8582,2432,7,83843,22640.0,Post-Disruption
9507,2023-02-09,2,3,101,11795,4659,12,79100,31270.5,Pre-Disruption
9508,2025-02-14,2,2,102,11947,4123,15,35486,30794.5,Post-Disruption
9509,2024-06-03,2,1,103,11831,4410,12,21532,30680.5,During-Disruption
9510,2024-06-29,1,2,101,8412,2447,7,57931,21867.0,During-Disruption
9511,2023-08-24,2,2,101,11769,4461,12,38676,30166.5,Pre-Disruption
9512,2024-04-07,2,1,102,11955,4381,13,60732,30903.5,During-Disruption
9513,2024-04-27,2,2,103,11887,4097,12,29139,30288.5,During-Disruption
9514,2024-03-05,1,1,103,8488,2305,7,24721,21845.0,During-Disruption
9515,2025-11-11,2,2,102,11853,4677,13,46220,31336.5,Post-Disruption
9516,2023-12-09,1,1,102,8549,2649,4,26048,22388.5,During-Disruption
9517,2025-11-29,2,2,102,11831,4112,13,34904,31135.5,Post-Disruption
9518,2023-05-13,4,1,103,1543,2169,2,73247,4379.5,Pre-Disruption
9519,2023-12-17,2,1,101,11946,4479,14,24196,31026.0,During-Disruption
9520,2024-05-20,1,2,102,8462,2668,7,15040,23046.0,During-Disruption
9521,2023-03-25,2,2,104,11869,4365,14,72262,30288.5,Pre-Disruption
9522,2025-09-19,3,4,104,6335,3238,9,78866,17170.5,Post-Disruption
9523,2025-04-09,3,3,102,6388,3075,6,70146,17145.0,Post-Disruption
9524,2025-05-10,2,3,104,11822,4295,14,84465,30633.0,Post-Disruption
9525,2023-12-09,1,1,101,8669,2825,5,83711,22199.5,During-Disruption
9526,2025-05-15,2,1,101,11707,4093,14,62468,30002.5,Post-Disruption
9527,2023-10-20,2,1,104,11917,4354,14,53128,31274.5,Pre-Disruption
9528,2024-08-20,4,1,103,1573,1667,2,51099,4888.5,During-Disruption
9529,2024-10-06,2,3,102,11825,4148,15,79681,31040.5,During-Disruption
9530,2024-03-23,2,1,103,11748,4004,12,63377,30276.0,During-Disruption
9531,2024-11-20,2,1,101,11935,4245,12,56949,30537.5,During-Disruption
9532,2025-09-28,1,1,104,8655,2875,5,35509,22368.5,Post-Disruption
9533,2025-05-04,3,1,102,6215,3546,9,40681,16834.5,Post-Disruption
9534,2024-05-16,2,1,104,11978,4443,15,54197,31299.0,During-Disruption
9535,2025-02-02,4,2,104,1484,1783,3,64506,5126.0,Post-Disruption
9536,2025-01-04,2,1,103,11819,4286,12,63384,30926.5,Post-Disruption
9537,2023-09-07,1,2,103,8449,2411,7,57297,21663.5,Pre-Disruption
9538,2024-08-23,2,2,104,11863,4536,13,16858,31285.5,During-Disruption
9539,2023-05-05,1,3,101,8547,2895,4,72878,22016.5,Pre-Disruption
9540,2023-04-23,1,3,102,8442,2416,5,26258,22364.0,Pre-Disruption
9541,2025-09-07,1,3,104,8535,2684,7,29640,23189.5,Post-Disruption
9542,2023-05-30,3,1,104,6345,3234,8,74311,17480.5,Pre-Disruption
9543,2025-05-24,2,1,104,11917,4673,12,71363,30341.5,Post-Disruption
9544,2023-12-09,1,4,104,8680,2371,7,26826,23077.0,During-Disruption
9545,2024-08-02,2,1,103,11933,4518,15,42375,31794.5,During-Disruption
9546,2025-02-21,2,1,103,11962,4614,13,39270,30952.0,Post-Disruption
9547,2023-11-17,4,1,101,1514,1906,1,28180,5255.0,During-Disruption
9548,2025-04-01,2,2,102,11888,4152,15,39015,31016.0,Post-Disruption
9549,2024-06-15,3,1,104,6296,3386,8,27767,16849.0,During-Disruption
9550,2024-05-06,1,3,101,8437,2881,4,66809,22790.5,During-Disruption
9551,2024-09-03,3,2,103,6111,3310,7,78544,16409.5,During-Disruption
9552,2023-09-09,3,1,102,6223,3320,8,75585,16106.5,Pre-Disruption
9553,2023-06-22,4,1,101,1443,1910,4,36259,4552.5,Pre-Disruption
9554,2025-05-24,1,2,102,8413,2686,7,36051,22562.5,Post-Disruption
9555,2023-07-20,2,1,102,11751,4499,15,80213,30816.5,Pre-Disruption
9556,2023-08-05,2,1,102,11944,4567,15,38468,31420.0,Pre-Disruption
9557,2024-01-11,1,1,103,8579,2291,5,77524,23216.5,During-Disruption
9558,2023-01-11,2,3,104,11829,4673,14,17601,30586.5,Pre-Disruption
9559,2025-11-01,4,2,102,1499,2268,1,46663,4841.5,Post-Disruption
9560,2025-06-10,2,1,101,11983,4492,15,34475,31227.5,Post-Disruption
9561,2024-03-10,4,2,102,1510,2287,3,64875,4614.0,During-Disruption
9562,2025-03-28,1,2,102,8687,2271,6,16039,23575.5,Post-Disruption
9563,2025-07-19,3,1,103,6191,2976,8,66706,16590.5,Post-Disruption
9564,2024-11-21,2,1,101,11775,4045,14,18346,31163.5,During-Disruption
9565,2025-05-04,2,4,102,11904,4514,13,38262,30657.0,Post-Disruption
9566,2025-02-22,4,2,103,1421,1933,3,26276,4055.5,Post-Disruption
9567,2023-11-15,1,2,103,8569,2414,5,16262,22340.5,During-Disruption
9568,2025-04-23,3,1,104,6256,2976,7,69681,16814.0,Post-Disruption
9569,2024-09-12,2,3,104,11921,4488,15,77632,30625.5,During-Disruption
9570,2025-02-23,1,2,104,8467,2430,4,52877,22768.5,Post-Disruption
9571,2024-02-01,4,1,102,1560,1649,1,56975,5083.0,During-Disruption
9572,2025-12-17,2,4,102,11873,4660,14,19932,31225.5,Post-Disruption
9573,2024-04-04,3,1,102,6137,3006,8,71478,17119.5,During-Disruption
9574,2023-03-02,1,1,103,8425,2631,4,16461,22770.5,Pre-Disruption
9575,2024-01-04,3,1,102,6353,3597,6,34769,16436.5,During-Disruption
9576,2024-12-19,2,3,103,11998,4497,13,17145,31276.0,During-Disruption
9577,2024-06-29,1,3,101,8682,2206,6,37331,22773.0,During-Disruption
9578,2025-11-06,2,3,102,11946,4291,12,70335,30704.0,Post-Disruption
9579,2024-05-10,1,4,101,8410,2541,4,45281,21538.0,During-Disruption
9580,2024-05-11,2,1,104,11937,4279,13,31445,31416.5,During-Disruption
9581,2024-05-19,1,2,101,8506,2735,7,36676,23136.0,During-Disruption
9582,2025-08-26,1,2,101,8400,2511,5,84124,22504.0,Post-Disruption
9583,2025-12-28,1,4,103,8410,2690,4,15352,21582.0,Post-Disruption
9584,2023-06-10,2,1,103,11857,4076,14,33012,31542.5,Pre-Disruption
9585,2024-12-18,2,4,103,11787,4123,15,19098,31109.5,During-Disruption
9586,2025-09-19,2,1,103,11941,4283,13,30382,31206.5,Post-Disruption
9587,2023-09-26,1,3,104,8531,2871,7,35344,22290.5,Pre-Disruption
9588,2024-11-29,2,2,101,11785,4481,15,51387,30521.5,During-Disruption
9589,2025-05-14,3,3,104,6209,3123,7,28399,16432.5,Post-Disruption
9590,2023-12-16,1,1,104,8510,2277,6,15531,22486.0,During-Disruption
9591,2023-04-20,3,1,103,6307,3507,6,64348,17190.5,Pre-Disruption
9592,2024-02-11,2,1,101,11988,4556,12,34706,31933.0,During-Disruption
9593,2024-10-11,3,2,101,6173,2968,8,25181,16909.5,During-Disruption
9594,2023-02-20,1,2,104,8648,2298,7,23654,22793.0,Pre-Disruption
9595,2025-12-27,1,4,103,8507,2267,6,40978,22280.5,Post-Disruption
9596,2024-08-18,3,1,104,6103,2977,9,49501,16771.5,During-Disruption
9597,2025-09-05,3,1,101,6314,3045,7,72366,17332.0,Post-Disruption
9598,2025-12-01,1,1,103,8578,2274,7,66899,22018.0,Post-Disruption
9599,2024-12-31,1,1,104,8554,2713,4,67390,23213.0,During-Disruption
9600,2023-02-26,2,3,101,11988,4668,12,75583,31277.0,Pre-Disruption
9601,2025-01-07,2,3,102,11924,4086,15,57543,30560.0,Post-Disruption
9602,2023-07-15,3,4,103,6204,2947,6,50891,17041.0,Pre-Disruption
9603,2025-12-21,1,1,101,8483,2776,6,61849,23055.5,Post-Disruption
9604,2023-04-22,2,1,103,11776,4041,15,40105,30006.0,Pre-Disruption
9605,2025-02-03,1,1,101,8602,2333,6,60441,23253.0,Post-Disruption
9606,2024-12-11,1,2,103,8640,2792,4,33282,22513.0,During-Disruption
9607,2025-08-05,1,4,102,8687,2218,6,36833,22780.5,Post-Disruption
9608,2023-01-26,3,1,104,6294,3591,9,75996,17041.0,Pre-Disruption
9609,2024-02-14,2,1,104,11904,4119,14,70612,30752.0,During-Disruption
9610,2025-01-27,3,3,104,6313,3234,8,42396,17304.5,Post-Disruption
9611,2024-06-14,1,2,102,8418,2730,4,60871,22653.0,During-Disruption
9612,2025-01-18,1,1,103,8558,2269,4,40439,23148.0,Post-Disruption
9613,2023-09-03,1,3,103,8611,2633,7,72399,22627.5,Pre-Disruption
9614,2024-10-23,1,1,101,8452,2388,7,50452,23028.0,During-Disruption
9615,2025-06-27,3,4,101,6187,3302,6,54849,16608.5,Post-Disruption
9616,2024-01-31,1,1,103,8559,2805,5,73784,23370.5,During-Disruption
9617,2024-06-05,1,1,102,8408,2861,4,61037,22481.0,During-Disruption
9618,2025-07-14,1,1,102,8578,2586,5,49577,23431.0,Post-Disruption
9619,2023-09-21,1,1,104,8482,2835,6,45106,21975.0,Pre-Disruption
9620,2025-02-28,3,2,104,6250,3032,9,43799,17079.0,Post-Disruption
9621,2023-06-21,2,2,104,11724,4221,14,38502,31107.0,Pre-Disruption
9622,2023-09-22,3,1,103,6324,2966,8,78512,17402.0,Pre-Disruption
9623,2025-11-15,2,2,101,11893,4230,12,30241,31601.5,Post-Disruption
9624,2024-04-20,1,1,103,8517,2867,7,51175,21869.5,During-Disruption
9625,2023-12-22,1,1,103,8647,2349,5,46359,22249.5,During-Disruption
9626,2025-11-15,3,4,102,6177,3008,6,68918,17389.5,Post-Disruption
9627,2023-02-03,3,3,102,6251,3328,6,78226,17555.5,Pre-Disruption
9628,2023-09-21,1,1,101,8455,2694,6,80532,22340.5,Pre-Disruption
9629,2025-03-26,1,1,101,8658,2814,5,19895,23531.0,Post-Disruption
9630,2025-05-24,1,2,103,8422,2280,4,37842,22330.0,Post-Disruption
9631,2025-01-23,1,1,103,8561,2817,7,31351,22097.5,Post-Disruption
9632,2024-07-19,1,2,103,8664,2739,5,61964,22851.0,During-Disruption
9633,2024-04-06,1,2,103,8481,2687,4,24819,22440.5,During-Disruption
9634,2024-10-16,2,1,102,11758,4007,14,34136,30847.0,During-Disruption
9635,2023-03-22,1,1,104,8465,2674,4,74253,22968.5,Pre-Disruption
9636,2025-01-26,1,3,104,8514,2453,5,45612,22980.0,Post-Disruption
9637,2025-05-19,3,1,104,6390,3452,8,72328,17093.0,Post-Disruption
9638,2025-12-05,2,1,101,11941,4492,12,82060,31735.5,Post-Disruption
9639,2024-08-21,4,3,101,1508,2264,2,33840,5035.0,During-Disruption
9640,2025-03-17,1,3,101,8431,2770,5,76609,21619.5,Post-Disruption
9641,2025-12-12,2,1,101,11912,4204,14,35388,31291.0,Post-Disruption
9642,2025-09-10,1,4,102,8487,2366,6,63186,22354.5,Post-Disruption
9643,2024-12-04,2,2,103,11761,4326,15,70199,31216.5,During-Disruption
9644,2024-04-20,1,1,101,8402,2424,7,80905,22923.0,During-Disruption
9645,2024-08-14,1,1,104,8661,2629,4,75628,23149.5,During-Disruption
9646,2023-01-16,4,3,101,1511,2078,4,66325,5530.5,Pre-Disruption
9647,2024-05-01,2,1,104,11711,4108,15,59553,30086.5,During-Disruption
9648,2024-12-06,4,1,103,1452,2016,3,36983,5459.0,During-Disruption
9649,2024-09-11,1,2,102,8547,2572,4,28147,23079.5,During-Disruption
9650,2025-10-15,1,2,102,8533,2477,5,61688,23244.5,Post-Disruption
9651,2025-02-15,2,2,101,11783,4410,14,46483,30697.5,Post-Disruption
9652,2024-03-22,3,2,101,6283,3090,7,58582,17345.5,During-Disruption
9653,2023-10-17,2,1,104,11868,4666,15,64506,30526.0,Pre-Disruption
9654,2023-07-28,4,1,101,1448,1620,4,23249,4273.0,Pre-Disruption
9655,2024-02-17,1,2,102,8507,2874,7,51141,22119.5,During-Disruption
9656,2024-11-07,3,3,101,6292,3149,7,71664,16902.0,During-Disruption
9657,2024-10-25,1,2,104,8613,2758,4,43791,23206.5,During-Disruption
9658,2023-10-17,1,1,103,8494,2761,6,36968,22688.0,Pre-Disruption
9659,2023-05-31,2,4,102,11730,4374,15,33639,31047.0,Pre-Disruption
9660,2025-05-04,2,1,102,11855,4649,15,20755,31128.5,Post-Disruption
9661,2024-08-30,1,1,103,8411,2822,4,81877,22431.5,During-Disruption
9662,2024-01-05,1,1,103,8671,2483,6,43170,23472.5,During-Disruption
9663,2024-12-05,2,1,102,11924,4680,12,33963,31790.0,During-Disruption
9664,2025-04-05,2,2,104,11862,4562,12,46961,30901.0,Post-Disruption
9665,2025-10-01,1,1,104,8443,2719,7,77013,22146.5,Post-Disruption
9666,2024-01-12,1,1,101,8625,2641,7,69902,22468.5,During-Disruption
9667,2025-08-30,1,1,104,8652,2644,4,47441,22683.0,Post-Disruption
9668,2023-04-28,4,2,102,1632,2016,2,17691,5612.0,Pre-Disruption
9669,2025-10-25,4,4,101,1658,2130,4,68447,4702.0,Post-Disruption
9670,2024-03-19,2,3,104,11986,4541,14,54154,31853.0,During-Disruption
9671,2025-01-24,4,1,103,1579,2061,4,28453,4778.5,Post-Disruption
9672,2024-10-01,2,2,104,11922,4141,13,66032,31529.0,During-Disruption
9673,2023-05-04,1,1,101,8515,2315,5,20923,23143.5,Pre-Disruption
9674,2024-10-19,1,1,103,8404,2306,4,74481,22381.0,During-Disruption
9675,2025-04-01,4,3,101,1660,2145,1,74159,5269.0,Post-Disruption
9676,2024-10-25,2,1,101,11765,4177,13,29929,30192.5,During-Disruption
9677,2023-12-26,3,1,103,6114,2931,8,69292,15925.0,During-Disruption
9678,2024-09-14,3,1,101,6248,3197,6,76742,17330.0,During-Disruption
9679,2025-12-16,2,1,102,11800,4160,13,68572,30666.0,Post-Disruption
9680,2025-07-07,1,1,101,8666,2611,6,60838,23100.0,Post-Disruption
9681,2024-03-27,1,1,102,8617,2825,6,57910,23148.5,During-Disruption
9682,2023-04-30,1,1,103,8441,2622,5,76059,22967.5,Pre-Disruption
9683,2024-08-04,1,4,101,8465,2293,5,48393,21841.5,During-Disruption
9684,2023-04-09,2,2,104,11819,4542,14,72788,30225.5,Pre-Disruption
9685,2024-05-28,1,3,101,8644,2351,6,71510,22623.0,During-Disruption
9686,2024-10-25,1,3,102,8686,2661,5,31537,22354.0,During-Disruption
9687,2024-02-05,2,2,102,11747,4355,13,35896,30603.5,During-Disruption
9688,2023-12-31,1,1,104,8687,2735,7,20949,23396.5,During-Disruption
9689,2024-08-03,2,1,103,11954,4217,14,62070,31370.0,During-Disruption
9690,2024-09-12,2,2,102,11854,4353,12,84793,31055.0,During-Disruption
9691,2025-04-07,2,1,102,11960,4576,15,52162,31643.0,Post-Disruption
9692,2023-09-04,4,1,102,1416,2000,4,33759,4262.0,Pre-Disruption
9693,2024-03-09,1,1,101,8602,2299,6,57416,23008.0,During-Disruption
9694,2024-09-06,1,3,101,8565,2620,6,23724,23094.5,During-Disruption
9695,2025-07-31,3,4,101,6147,3205,9,71971,16789.5,Post-Disruption
9696,2025-08-20,2,1,101,11928,4249,14,39320,31707.0,Post-Disruption
9697,2024-09-15,3,2,101,6312,3328,8,67731,16722.0,During-Disruption
9698,2023-11-17,1,4,104,8615,2475,4,29761,22071.5,During-Disruption
9699,2025-05-05,3,1,102,6268,3214,7,35016,16522.0,Post-Disruption
9700,2023-03-03,4,1,104,1421,1914,4,63645,5076.5,Pre-Disruption
9701,2023-10-27,2,1,102,11974,4089,14,41747,30443.0,Pre-Disruption
9702,2024-02-07,1,4,101,8512,2594,5,23928,22335.0,During-Disruption
9703,2025-08-12,3,1,101,6302,3338,7,66178,16995.0,Post-Disruption
9704,2023-09-10,3,1,103,6132,3150,7,37700,17028.0,Pre-Disruption
9705,2024-04-22,3,1,103,6188,3476,8,60794,16944.0,During-Disruption
9706,2023-06-09,1,3,104,8533,2435,7,80215,22550.5,Pre-Disruption
9707,2025-08-18,3,4,102,6110,2976,9,32825,16911.0,Post-Disruption
9708,2023-07-24,1,1,104,8426,2769,6,73486,22053.0,Pre-Disruption
9709,2025-05-07,1,4,103,8430,2299,6,65112,22171.0,Post-Disruption
9710,2025-01-29,2,1,102,11790,4460,15,15088,31044.0,Post-Disruption
9711,2024-12-21,1,1,104,8568,2597,7,36171,22705.0,During-Disruption
9712,2025-11-06,2,4,103,11746,4244,15,58457,30115.0,Post-Disruption
9713,2023-03-09,2,2,101,11778,4380,12,63664,30945.0,Pre-Disruption
9714,2023-05-13,1,1,104,8401,2251,5,66262,22200.5,Pre-Disruption
9715,2025-07-07,2,1,101,11719,4161,12,80643,30131.5,Post-Disruption
9716,2024-03-05,4,3,104,1505,1790,1,20506,5722.5,During-Disruption
9717,2023-11-04,1,3,102,8694,2321,6,83991,22678.0,During-Disruption
9718,2024-10-11,2,4,102,11789,4410,13,70616,30082.5,During-Disruption
9719,2024-02-16,1,2,102,8537,2493,5,81541,22618.5,During-Disruption
9720,2023-04-07,2,4,102,11867,4245,15,61973,30962.5,Pre-Disruption
9721,2025-11-16,1,2,103,8540,2383,6,79247,22427.0,Post-Disruption
9722,2025-12-19,1,2,101,8612,2648,6,27568,23384.0,Post-Disruption
9723,2023-07-21,1,3,103,8699,2545,7,44480,23110.5,Pre-Disruption
9724,2025-01-31,4,1,104,1431,1767,4,30551,4354.5,Post-Disruption
9725,2025-05-23,2,1,104,11729,4615,12,78109,30368.5,Post-Disruption
9726,2024-08-03,2,1,101,11743,4404,15,40494,30986.5,During-Disruption
9727,2024-01-05,1,2,101,8434,2615,7,75013,22009.0,During-Disruption
9728,2024-06-16,2,1,103,11744,4600,14,43837,30579.0,During-Disruption
9729,2025-06-17,1,1,102,8537,2723,4,83484,22512.5,Post-Disruption
9730,2024-08-29,1,1,103,8446,2800,5,77524,22953.0,During-Disruption
9731,2025-05-22,2,1,103,11884,4665,12,66202,30859.0,Post-Disruption
9732,2025-02-08,1,3,104,8417,2235,6,78464,22601.5,Post-Disruption
9733,2025-04-13,1,1,103,8584,2215,5,70641,23196.0,Post-Disruption
9734,2025-09-25,2,1,101,11771,4205,12,82019,31278.5,Post-Disruption
9735,2025-07-26,3,2,102,6222,3393,9,50249,16101.0,Post-Disruption
9736,2023-08-24,1,3,104,8570,2873,4,81491,22878.0,Pre-Disruption
9737,2023-06-11,1,1,101,8476,2622,5,64132,22945.0,Pre-Disruption
9738,2024-07-07,1,1,104,8408,2404,4,29688,22957.0,During-Disruption
9739,2025-02-26,4,4,103,1600,1756,1,29397,4906.0,Post-Disruption
9740,2025-12-27,3,1,103,6342,3314,6,49868,17841.0,Post-Disruption
9741,2024-07-12,2,4,101,11768,4298,15,69379,30043.0,During-Disruption
9742,2023-09-18,4,1,101,1638,1618,3,74785,5324.0,Pre-Disruption
9743,2023-08-05,2,1,104,11710,4498,14,43022,30174.0,Pre-Disruption
9744,2025-03-15,4,1,102,1437,1737,3,63542,5279.5,Post-Disruption
9745,2023-07-20,1,1,104,8409,2767,4,71019,22829.5,Pre-Disruption
9746,2024-02-06,1,4,103,8415,2899,5,33907,21706.5,During-Disruption
9747,2023-10-02,2,4,101,11942,4042,12,27385,31340.0,Pre-Disruption
9748,2023-07-25,1,4,101,8646,2503,4,69350,22209.0,Pre-Disruption
9749,2025-11-29,2,4,104,11741,4295,14,57726,30508.5,Post-Disruption
9750,2025-05-16,1,3,101,8633,2489,6,67521,23409.5,Post-Disruption
9751,2023-04-03,2,2,101,11743,4365,15,37937,30976.5,Pre-Disruption
9752,2025-12-01,1,3,103,8563,2824,4,81770,22606.5,Post-Disruption
9753,2024-01-14,1,1,102,8549,2568,7,47951,22294.5,During-Disruption
9754,2023-03-06,4,1,101,1679,1728,4,66095,5712.5,Pre-Disruption
9755,2023-12-31,3,2,101,6303,3174,9,62298,17587.5,During-Disruption
9756,2025-03-31,4,4,104,1630,1856,3,64191,4707.0,Post-Disruption
9757,2025-11-13,3,2,102,6390,3275,9,73046,16836.0,Post-Disruption
9758,2024-06-23,2,3,103,11995,4087,12,57298,31117.5,During-Disruption
9759,2025-12-21,2,1,101,11721,4215,15,76162,29865.5,Post-Disruption
9760,2024-05-05,1,3,102,8574,2558,6,66235,23378.0,During-Disruption
9761,2023-08-17,1,4,102,8641,2680,4,72886,23036.5,Pre-Disruption
9762,2025-11-09,1,1,104,8465,2483,4,39288,22031.5,Post-Disruption
9763,2023-01-03,3,4,103,6193,3006,7,50033,17272.5,Pre-Disruption
9764,2025-06-29,1,2,102,8612,2682,6,63225,23278.0,Post-Disruption
9765,2023-11-03,4,2,103,1640,1623,2,59498,5165.0,During-Disruption
9766,2024-03-07,2,4,102,11809,4231,14,60968,30537.5,During-Disruption
9767,2023-05-16,3,1,101,6146,2943,8,63630,16680.0,Pre-Disruption
9768,2024-05-29,1,1,103,8555,2585,6,26344,21941.5,During-Disruption
9769,2023-07-12,1,2,104,8479,2680,5,54827,22753.5,Pre-Disruption
9770,2025-05-22,4,1,102,1444,1677,4,48129,4238.0,Post-Disruption
9771,2024-10-27,1,1,101,8594,2517,6,55361,22709.0,During-Disruption
9772,2023-07-28,1,1,102,8636,2342,4,58710,23578.0,Pre-Disruption
9773,2025-08-09,1,4,101,8610,2715,4,20849,22442.0,Post-Disruption
9774,2025-11-23,1,1,103,8667,2411,6,53235,22707.5,Post-Disruption
9775,2024-10-10,1,1,104,8482,2712,6,53764,23097.0,During-Disruption
9776,2023-04-30,2,4,101,11812,4324,14,21343,31461.0,Pre-Disruption
9777,2024-09-18,2,4,102,11966,4525,15,28446,31021.0,During-Disruption
9778,2024-06-08,2,3,101,11830,4221,14,62302,30657.0,During-Disruption
9779,2025-02-07,1,2,101,8455,2685,7,39732,22497.5,Post-Disruption
9780,2024-05-26,3,1,104,6337,3354,9,53210,17608.5,During-Disruption
9781,2023-02-16,3,1,103,6125,3007,8,60099,17038.5,Pre-Disruption
9782,2025-02-10,1,1,101,8644,2686,6,27062,23560.0,Post-Disruption
9783,2025-01-09,1,3,101,8608,2569,7,70618,22904.0,Post-Disruption
9784,2024-06-05,1,1,102,8689,2829,5,72565,22310.5,During-Disruption
9785,2023-05-14,3,2,102,6282,3292,9,72945,17439.0,Pre-Disruption
9786,2023-09-05,3,1,103,6306,3018,6,19122,17107.0,Pre-Disruption
9787,2024-03-11,4,1,103,1603,2108,3,61343,5063.5,During-Disruption
9788,2024-11-16,1,2,103,8607,2553,5,35308,22305.5,During-Disruption
9789,2024-08-08,2,3,102,11771,4556,13,36657,30921.5,During-Disruption
9790,2023-12-17,1,1,101,8546,2837,6,22254,22059.0,During-Disruption
9791,2023-05-23,1,1,103,8603,2846,5,39626,23253.5,Pre-Disruption
9792,2025-08-24,2,1,102,11832,4312,12,39449,30731.0,Post-Disruption
9793,2025-03-14,1,1,102,8681,2263,6,60295,23037.5,Post-Disruption
9794,2024-12-18,3,2,103,6177,3157,9,66428,17125.5,During-Disruption
9795,2024-10-04,2,1,102,11796,4005,14,35368,31127.0,During-Disruption
9796,2024-05-15,3,1,101,6262,3216,6,27231,16396.0,During-Disruption
9797,2024-01-05,1,4,104,8595,2617,5,68409,22010.5,During-Disruption
9798,2025-02-25,4,2,102,1515,1616,3,55175,4593.5,Post-Disruption
9799,2025-01-08,4,1,102,1560,1881,1,19488,5617.0,Post-Disruption
9800,2025-08-07,4,1,104,1654,2003,4,16104,5555.0,Post-Disruption
9801,2024-06-05,3,1,101,6169,3452,6,47329,16329.5,During-Disruption
9802,2024-05-03,3,1,103,6301,3341,8,20815,16884.5,During-Disruption
9803,2024-02-01,2,2,102,11735,4365,12,28036,31077.5,During-Disruption
9804,2025-06-14,1,2,101,8617,2554,7,24941,22342.5,Post-Disruption
9805,2023-12-21,2,1,103,11896,4354,14,74472,30424.0,During-Disruption
9806,2025-08-04,3,2,101,6291,3209,7,30211,16271.5,Post-Disruption
9807,2023-10-15,4,1,104,1676,2012,3,32266,5323.0,Pre-Disruption
9808,2025-09-24,2,1,102,11990,4231,15,71044,31772.0,Post-Disruption
9809,2024-06-19,1,3,101,8485,2660,7,70641,23139.5,During-Disruption
9810,2025-04-30,2,1,103,11721,4089,14,25689,30922.5,Post-Disruption
9811,2025-04-17,4,1,103,1533,1749,4,24519,5128.5,Post-Disruption
9812,2023-06-17,1,4,103,8560,2783,4,66254,22241.0,Pre-Disruption
9813,2025-08-07,1,1,104,8694,2654,4,24822,23334.0,Post-Disruption
9814,2024-09-12,2,1,101,11742,4388,13,67348,31069.0,During-Disruption
9815,2024-03-03,1,3,101,8440,2507,6,55983,22785.0,During-Disruption
9816,2024-05-04,1,2,103,8690,2456,5,46515,22997.0,During-Disruption
9817,2023-12-21,1,3,103,8679,2756,4,80627,23592.5,During-Disruption
9818,2023-07-15,3,1,103,6282,3273,7,40071,16534.0,Pre-Disruption
9819,2024-06-28,1,1,104,8651,2751,7,17610,22759.5,During-Disruption
9820,2024-12-17,2,1,104,11739,4191,14,76357,29999.5,During-Disruption
9821,2025-04-03,3,2,102,6186,3422,8,75103,17178.0,Post-Disruption
9822,2025-07-20,4,1,102,1624,1981,3,75110,4944.0,Post-Disruption
9823,2025-09-29,4,2,102,1684,2035,1,77468,5423.0,Post-Disruption
9824,2024-10-20,2,1,103,11837,4134,15,73459,30771.5,During-Disruption
9825,2025-07-27,4,1,104,1537,1778,1,15310,5652.5,Post-Disruption
9826,2025-02-18,1,1,104,8463,2420,7,45151,21773.5,Post-Disruption
9827,2023-01-11,3,4,102,6216,3121,9,19067,16760.0,Pre-Disruption
9828,2024-01-31,2,4,103,11797,4550,14,21310,31219.5,During-Disruption
9829,2024-12-31,1,4,101,8545,2755,4,62774,22603.5,During-Disruption
9830,2024-02-13,2,1,103,11784,4312,13,40238,30903.0,During-Disruption
9831,2023-12-28,1,1,103,8450,2494,5,37231,21739.0,During-Disruption
9832,2025-10-23,3,1,102,6194,3559,8,41499,16057.0,Post-Disruption
9833,2023-03-25,1,2,104,8677,2733,4,61068,23522.5,Pre-Disruption
9834,2023-06-05,2,1,104,11708,4156,15,42946,30618.0,Pre-Disruption
9835,2024-12-07,1,1,101,8488,2651,6,75696,23109.0,During-Disruption
9836,2024-04-16,1,1,104,8488,2202,5,41009,22565.0,During-Disruption
9837,2024-09-10,4,1,104,1618,1800,2,20621,5815.0,During-Disruption
9838,2023-05-14,3,1,101,6385,3288,9,27838,16572.5,Pre-Disruption
9839,2025-02-26,4,1,101,1560,1922,1,30715,5258.0,Post-Disruption
9840,2025-06-25,1,1,102,8442,2544,5,70200,22626.0,Post-Disruption
9841,2025-05-13,1,1,102,8645,2615,4,84743,22555.5,Post-Disruption
9842,2024-10-28,2,2,102,11957,4096,12,76587,31530.5,During-Disruption
9843,2023-10-04,2,3,102,11858,4620,13,66745,31207.0,Pre-Disruption
9844,2025-05-31,1,1,104,8531,2740,5,79099,23090.5,Post-Disruption
9845,2023-01-13,3,3,102,6146,3258,8,52644,17336.0,Pre-Disruption
9846,2023-12-08,1,1,103,8488,2308,4,39634,21931.0,During-Disruption
9847,2023-02-04,1,1,101,8444,2649,6,53324,22898.0,Pre-Disruption
9848,2024-07-12,1,2,102,8593,2722,4,33936,22674.5,During-Disruption
9849,2024-02-09,2,4,101,11705,4094,13,77864,30964.5,During-Disruption
9850,2024-10-19,3,2,104,6362,3031,6,35934,17157.0,During-Disruption
9851,2023-06-08,2,1,102,11895,4604,14,52420,30575.5,Pre-Disruption
9852,2025-08-13,2,2,103,11717,4565,12,40805,30355.5,Post-Disruption
9853,2024-07-02,1,1,101,8696,2441,5,48520,22891.0,During-Disruption
9854,2025-09-11,4,1,102,1506,1976,3,38454,5098.0,Post-Disruption
9855,2023-10-06,4,1,103,1468,1794,1,83731,5549.0,Pre-Disruption
9856,2024-04-23,2,2,104,11724,4257,12,22838,31110.0,During-Disruption
9857,2023-04-21,1,1,103,8455,2503,4,82072,22895.5,Pre-Disruption
9858,2024-03-06,2,3,104,11700,4500,12,22341,30272.0,During-Disruption
9859,2024-06-25,2,2,101,11882,4579,15,54605,30777.0,During-Disruption
9860,2023-12-26,4,1,102,1453,1789,1,49490,4415.5,During-Disruption
9861,2024-01-07,4,4,103,1480,2239,2,23797,4659.0,During-Disruption
9862,2025-11-04,3,2,103,6259,3238,7,68288,17431.5,Post-Disruption
9863,2025-08-12,1,1,103,8625,2218,6,38602,22431.5,Post-Disruption
9864,2023-09-16,4,1,104,1663,2283,1,75932,6127.5,Pre-Disruption
9865,2025-02-16,2,2,101,11808,4414,15,52207,30546.0,Post-Disruption
9866,2023-04-30,3,1,101,6143,2961,9,79393,16272.5,Pre-Disruption
9867,2025-09-02,2,4,102,11900,4066,13,77117,30546.0,Post-Disruption
9868,2025-07-01,1,1,102,8683,2374,7,77370,23308.5,Post-Disruption
9869,2024-12-23,2,1,101,11846,4380,13,43353,31019.0,During-Disruption
9870,2024-06-06,1,4,101,8598,2718,4,38516,22504.0,During-Disruption
9871,2023-11-21,1,4,101,8633,2432,6,15658,23442.5,During-Disruption
9872,2025-12-09,3,1,103,6283,3433,6,25917,17402.5,Post-Disruption
9873,2023-03-10,1,3,104,8434,2549,7,57420,22231.0,Pre-Disruption
9874,2024-01-26,1,1,101,8608,2324,6,29711,23395.0,During-Disruption
9875,2024-01-18,1,3,102,8462,2784,6,81395,22722.0,During-Disruption
9876,2023-01-16,2,4,104,11781,4697,13,75476,30725.5,Pre-Disruption
9877,2025-04-25,4,1,103,1662,1637,3,45574,5566.0,Post-Disruption
9878,2025-05-18,1,1,104,8654,2447,5,37262,23352.0,Post-Disruption
9879,2024-07-21,1,1,101,8438,2787,7,41870,22052.0,During-Disruption
9880,2023-05-12,4,1,104,1685,1740,2,83549,5799.5,Pre-Disruption
9881,2023-09-30,3,1,102,6122,2996,6,81267,17089.0,Pre-Disruption
9882,2024-04-28,1,3,104,8483,2854,7,66557,22895.5,During-Disruption
9883,2024-07-03,3,1,101,6305,3491,6,56352,16364.5,During-Disruption
9884,2023-12-23,2,1,104,11794,4255,15,66537,30138.0,During-Disruption
9885,2025-12-07,3,3,104,6162,3253,8,76430,16574.0,Post-Disruption
9886,2025-10-30,2,1,104,11836,4474,15,83437,30987.0,Post-Disruption
9887,2023-08-21,4,1,102,1550,2126,1,20187,5769.0,Pre-Disruption
9888,2023-02-05,1,1,104,8516,2567,7,67384,22052.0,Pre-Disruption
9889,2024-02-17,1,2,104,8590,2734,4,56571,22991.0,During-Disruption
9890,2025-10-24,1,1,103,8601,2464,6,16442,22661.5,Post-Disruption
9891,2023-02-13,2,3,104,11949,4671,12,47012,31154.5,Pre-Disruption
9892,2024-07-21,4,1,104,1486,1904,2,60646,5162.0,During-Disruption
9893,2025-01-09,2,2,103,11773,4607,15,70484,30817.5,Post-Disruption
9894,2023-04-24,1,2,102,8436,2628,4,30323,22257.0,Pre-Disruption
9895,2024-02-01,2,2,102,11824,4287,12,83449,31065.0,During-Disruption
9896,2024-04-10,2,1,103,11865,4292,12,49357,30484.5,During-Disruption
9897,2025-04-26,4,1,103,1400,1636,2,16072,5154.0,Post-Disruption
9898,2024-05-16,2,4,104,11990,4674,14,66861,31683.0,During-Disruption
9899,2024-03-16,2,1,102,11770,4300,13,66392,29979.0,During-Disruption
9900,2023-03-10,3,1,102,6207,3035,8,20167,17436.5,Pre-Disruption
9901,2023-11-22,3,2,104,6185,3387,7,79091,16665.5,During-Disruption
9902,2023-03-08,2,3,101,11880,4240,12,80640,30768.0,Pre-Disruption
9903,2023-10-31,1,1,104,8424,2374,5,48729,22041.0,Pre-Disruption
9904,2025-08-29,3,2,101,6397,3529,9,15280,17551.5,Post-Disruption
9905,2024-04-28,3,2,104,6250,3237,8,68268,16516.0,During-Disruption
9906,2025-07-17,3,1,103,6364,3258,6,34940,17186.0,Post-Disruption
9907,2023-05-29,4,2,104,1602,1856,3,66840,5179.0,Pre-Disruption
9908,2025-11-16,3,3,103,6150,3351,6,49207,17280.0,Post-Disruption
9909,2025-09-13,3,4,101,6319,3117,6,76000,17408.5,Post-Disruption
9910,2024-08-06,4,1,101,1456,1802,4,15173,5635.0,During-Disruption
9911,2023-09-05,1,2,103,8481,2854,5,43932,23144.5,Pre-Disruption
9912,2024-12-02,2,1,103,11863,4254,15,18216,30295.5,During-Disruption
9913,2023-04-06,2,1,102,11968,4095,14,81100,30795.0,Pre-Disruption
9914,2023-10-09,1,2,102,8582,2547,5,27508,22363.0,Pre-Disruption
9915,2023-11-18,3,1,104,6279,3498,8,50435,16197.5,During-Disruption
9916,2024-06-12,3,1,103,6383,3030,7,73706,17605.5,During-Disruption
9917,2023-09-20,3,1,101,6185,3526,9,73215,16593.5,Pre-Disruption
9918,2024-08-02,4,1,102,1510,1887,1,79370,5119.0,During-Disruption
9919,2023-10-21,1,1,103,8557,2859,6,35043,22432.5,Pre-Disruption
9920,2024-01-30,3,1,101,6144,2955,8,27842,16673.0,During-Disruption
9921,2024-05-27,2,2,101,11737,4333,15,62246,31153.5,During-Disruption
9922,2025-07-09,1,1,103,8419,2810,7,71481,21705.5,Post-Disruption
9923,2025-03-20,1,2,104,8496,2771,5,20721,21957.0,Post-Disruption
9924,2025-07-08,3,4,102,6158,3083,8,76309,16366.0,Post-Disruption
9925,2024-11-23,2,1,102,11923,4686,15,71284,31537.5,During-Disruption
9926,2023-08-23,3,2,103,6397,3563,7,78840,16853.5,Pre-Disruption
9927,2025-08-09,2,2,104,11888,4003,13,60283,31106.0,Post-Disruption
9928,2025-10-28,1,2,101,8458,2787,6,81560,22313.0,Post-Disruption
9929,2024-06-22,1,1,104,8407,2634,5,82762,21675.5,During-Disruption
9930,2025-03-30,1,2,102,8501,2712,7,33592,22663.5,Post-Disruption
9931,2023-09-29,4,1,103,1420,1993,4,74305,5328.0,Pre-Disruption
9932,2025-10-25,1,1,102,8615,2363,7,16690,22529.5,Post-Disruption
9933,2024-08-15,4,2,103,1630,1977,3,39787,5341.0,During-Disruption
9934,2025-09-02,4,1,104,1635,1647,4,23391,5447.5,Post-Disruption
9935,2023-04-25,4,2,102,1550,2129,1,53521,5526.0,Pre-Disruption
9936,2023-09-20,2,2,104,11767,4600,13,18259,30276.5,Pre-Disruption
9937,2023-07-26,4,3,102,1445,1931,1,44418,4570.5,Pre-Disruption
9938,2023-10-30,1,1,104,8621,2355,5,80225,22884.5,Pre-Disruption
9939,2023-04-22,1,4,102,8639,2892,6,15371,22133.5,Pre-Disruption
9940,2023-07-04,1,2,103,8555,2698,7,67572,22300.5,Pre-Disruption
9941,2025-06-19,4,1,104,1494,1608,2,63391,4953.0,Post-Disruption
9942,2023-08-09,1,1,104,8496,2351,5,40588,22984.0,Pre-Disruption
9943,2025-12-29,2,2,103,11782,4659,15,82685,31435.0,Post-Disruption
9944,2025-06-16,1,4,101,8644,2673,6,47448,23304.0,Post-Disruption
9945,2025-12-29,1,2,102,8462,2226,4,60929,22817.0,Post-Disruption
9946,2024-09-13,1,2,102,8409,2812,6,75794,22624.5,During-Disruption
9947,2024-03-02,3,1,103,6188,3098,9,62942,17182.0,During-Disruption
9948,2024-10-05,2,1,102,11864,4082,12,17470,30779.0,During-Disruption
9949,2024-07-21,4,1,104,1685,1653,4,27953,4821.5,During-Disruption
9950,2024-03-18,2,3,104,11914,4593,12,56464,31602.0,During-Disruption
9951,2024-08-23,4,1,103,1471,1742,2,44025,5376.5,During-Disruption
9952,2024-05-18,2,1,104,11907,4252,15,53933,30676.5,During-Disruption
9953,2023-05-11,2,1,101,11838,4096,15,46374,31246.0,Pre-Disruption
9954,2023-08-06,2,4,102,11945,4434,13,70744,31750.5,Pre-Disruption
9955,2024-11-18,2,3,103,11828,4452,15,73513,31066.0,During-Disruption
9956,2023-06-20,3,1,103,6199,3451,6,24186,17044.5,Pre-Disruption
9957,2024-09-03,2,4,102,11710,4228,15,72184,29988.0,During-Disruption
9958,2025-09-18,3,1,101,6275,3096,8,56263,16771.5,Post-Disruption
9959,2023-02-26,3,1,103,6249,3384,6,53447,16473.5,Pre-Disruption
9960,2023-09-03,1,1,102,8474,2370,7,39395,21824.0,Pre-Disruption
9961,2023-05-24,2,1,101,11798,4513,13,55634,31123.0,Pre-Disruption
9962,2025-12-10,1,1,103,8664,2485,6,83904,22816.0,Post-Disruption
9963,2024-01-03,2,2,101,11942,4496,14,64518,31083.0,During-Disruption
9964,2023-08-06,2,2,103,11782,4458,13,53582,31415.0,Pre-Disruption
9965,2024-09-07,4,2,102,1692,2163,3,37107,5906.0,During-Disruption
9966,2024-03-17,1,2,102,8469,2814,6,26907,22146.5,During-Disruption
9967,2025-04-20,1,3,102,8627,2232,4,55763,23356.5,Post-Disruption
9968,2025-08-13,1,1,101,8571,2722,7,49690,22300.5,Post-Disruption
9969,2024-11-29,1,2,104,8530,2579,4,58750,22921.0,During-Disruption
9970,2025-05-25,3,2,101,6109,3487,7,79379,17256.5,Post-Disruption
9971,2025-02-14,3,4,102,6155,2953,6,41703,16789.5,Post-Disruption
9972,2025-01-31,3,1,103,6132,3230,8,21542,16739.0,Post-Disruption
9973,2025-08-02,3,1,104,6343,2996,7,71059,17504.5,Post-Disruption
9974,2025-07-11,1,2,101,8625,2704,7,21475,22435.5,Post-Disruption
9975,2025-07-23,1,3,101,8627,2347,5,19994,23066.5,Post-Disruption
9976,2023-01-25,1,1,103,8644,2716,5,46163,22370.0,Pre-Disruption
9977,2025-03-16,3,2,103,6202,3394,8,22860,16017.0,Post-Disruption
9978,2025-02-02,3,1,102,6296,3179,6,57422,17283.0,Post-Disruption
9979,2025-12-19,2,4,101,11908,4415,14,40089,31321.0,Post-Disruption
9980,2024-03-09,1,1,103,8591,2486,6,56366,23436.5,During-Disruption
9981,2025-05-28,1,1,103,8526,2305,4,40558,23045.0,Post-Disruption
9982,2025-12-25,4,1,104,1409,2155,1,56671,5468.5,Post-Disruption
9983,2025-06-28,1,1,102,8465,2405,6,63553,22040.5,Post-Disruption
9984,2024-07-18,3,1,102,6257,3017,9,28931,16333.5,During-Disruption
9985,2023-04-16,1,3,101,8655,2679,4,60256,22665.5,Pre-Disruption
9986,2023-04-06,1,4,103,8434,2889,7,25476,22121.0,Pre-Disruption
9987,2023-06-17,3,1,102,6266,3270,8,42102,16238.0,Pre-Disruption
9988,2023-02-11,1,2,101,8421,2427,4,16536,23037.5,Pre-Disruption
9989,2023-04-14,3,1,102,6166,3180,8,16890,15933.0,Pre-Disruption
9990,2024-06-03,3,1,101,6297,3334,6,78029,17297.5,During-Disruption
9991,2023-10-09,2,1,103,11799,4116,13,62914,30262.5,Pre-Disruption
9992,2025-12-02,3,1,102,6294,3553,6,82995,16473.0,Post-Disruption
9993,2025-08-04,2,2,101,11799,4583,14,32135,30623.5,Post-Disruption
9994,2025-01-18,1,1,101,8474,2740,4,20893,22185.0,Post-Disruption
9995,2025-04-10,3,4,103,6116,2924,6,79275,15882.0,Post-Disruption
9996,2023-02-18,2,2,102,11846,4086,14,76411,30719.0,Pre-Disruption
9997,2023-04-25,1,3,101,8649,2386,4,51389,22335.5,Pre-Disruption
9998,2024-05-17,4,4,101,1654,2211,2,47779,4968.0,During-Disruption
9999,2025-09-12,2,4,101,11887,4254,15,76174,30474.5,Post-Disruption
10000,2023-03-12,3,2,101,6339,3295,9,19267,16614.5,Pre-Disruption
